/*
 Navicat Premium Dump SQL

 Source Server         : 轻量级服务器-MariaDB
 Source Server Type    : MariaDB
 Source Server Version : 100527 (10.5.27-MariaDB-log)
 Source Host           : 39.108.84.96:3306
 Source Schema         : lease

 Target Server Type    : MariaDB
 Target Server Version : 100527 (10.5.27-MariaDB-log)
 File Encoding         : 65001

 Date: 16/03/2026 22:07:32
*/

SET NAMES utf8mb4;
SET FOREIGN_KEY_CHECKS = 0;

-- ----------------------------
-- Table structure for apartment_facility
-- ----------------------------
DROP TABLE IF EXISTS `apartment_facility`;
CREATE TABLE `apartment_facility`  (
  `id` bigint(20) NOT NULL AUTO_INCREMENT,
  `apartment_id` bigint(20) NULL DEFAULT NULL COMMENT '公寓id',
  `facility_id` bigint(20) NULL DEFAULT NULL COMMENT '设施id',
  `create_time` timestamp NULL DEFAULT NULL COMMENT '创建时间',
  `update_time` timestamp NULL DEFAULT NULL COMMENT '更新时间',
  `is_deleted` tinyint(4) NULL DEFAULT 0 COMMENT '是否删除',
  PRIMARY KEY (`id`) USING BTREE
) ENGINE = InnoDB AUTO_INCREMENT = 478 CHARACTER SET = utf8mb4 COLLATE = utf8mb4_general_ci COMMENT = '公寓&配套关联表' ROW_FORMAT = Dynamic;

-- ----------------------------
-- Records of apartment_facility
-- ----------------------------
INSERT INTO `apartment_facility` VALUES (11, 4, 24, '2023-06-19 23:20:06', NULL, 1);
INSERT INTO `apartment_facility` VALUES (12, 4, 26, '2023-06-19 23:20:06', NULL, 1);
INSERT INTO `apartment_facility` VALUES (13, 4, 24, '2023-06-19 23:21:42', NULL, 1);
INSERT INTO `apartment_facility` VALUES (14, 4, 25, '2023-06-19 23:21:42', NULL, 1);
INSERT INTO `apartment_facility` VALUES (15, 4, 26, '2023-06-19 23:21:42', NULL, 1);
INSERT INTO `apartment_facility` VALUES (16, 5, 26, '2023-06-20 08:47:57', NULL, 1);
INSERT INTO `apartment_facility` VALUES (17, 5, 27, '2023-06-20 08:47:57', NULL, 1);
INSERT INTO `apartment_facility` VALUES (18, 6, 26, '2023-06-20 08:53:00', NULL, 1);
INSERT INTO `apartment_facility` VALUES (19, 6, 27, '2023-06-20 08:53:00', NULL, 1);
INSERT INTO `apartment_facility` VALUES (20, 7, 26, '2023-06-20 08:53:35', NULL, 1);
INSERT INTO `apartment_facility` VALUES (21, 7, 27, '2023-06-20 08:53:35', NULL, 1);
INSERT INTO `apartment_facility` VALUES (22, 8, 26, '2023-06-20 08:53:59', NULL, 1);
INSERT INTO `apartment_facility` VALUES (23, 8, 27, '2023-06-20 08:53:59', NULL, 1);
INSERT INTO `apartment_facility` VALUES (24, 8, 26, '2023-06-20 08:54:30', NULL, 1);
INSERT INTO `apartment_facility` VALUES (25, 8, 27, '2023-06-20 08:54:30', NULL, 1);
INSERT INTO `apartment_facility` VALUES (26, 9, 26, '2023-06-20 09:13:52', NULL, 1);
INSERT INTO `apartment_facility` VALUES (27, 9, 27, '2023-06-20 09:13:52', NULL, 1);
INSERT INTO `apartment_facility` VALUES (28, 9, 26, '2023-06-20 09:15:41', NULL, 1);
INSERT INTO `apartment_facility` VALUES (29, 9, 27, '2023-06-20 09:15:41', NULL, 1);
INSERT INTO `apartment_facility` VALUES (30, 9, 26, '2023-06-20 10:15:43', NULL, 1);
INSERT INTO `apartment_facility` VALUES (31, 9, 27, '2023-06-20 10:15:43', NULL, 1);
INSERT INTO `apartment_facility` VALUES (32, 9, 26, '2023-06-20 10:17:44', NULL, 1);
INSERT INTO `apartment_facility` VALUES (33, 9, 27, '2023-06-20 10:17:44', NULL, 1);
INSERT INTO `apartment_facility` VALUES (34, 10, 24, '2023-06-21 10:17:59', NULL, 1);
INSERT INTO `apartment_facility` VALUES (35, 10, 25, '2023-06-21 10:17:59', NULL, 1);
INSERT INTO `apartment_facility` VALUES (36, 10, 26, '2023-06-21 10:17:59', NULL, 1);
INSERT INTO `apartment_facility` VALUES (37, 11, 24, '2023-06-21 10:19:46', NULL, 1);
INSERT INTO `apartment_facility` VALUES (38, 11, 25, '2023-06-21 10:19:46', NULL, 1);
INSERT INTO `apartment_facility` VALUES (39, 11, 26, '2023-06-21 10:19:46', NULL, 1);
INSERT INTO `apartment_facility` VALUES (40, 10, 24, '2023-06-21 10:21:36', NULL, 1);
INSERT INTO `apartment_facility` VALUES (41, 10, 25, '2023-06-21 10:21:36', NULL, 1);
INSERT INTO `apartment_facility` VALUES (42, 10, 24, '2023-06-21 10:22:10', NULL, 1);
INSERT INTO `apartment_facility` VALUES (43, 10, 25, '2023-06-21 10:22:10', NULL, 1);
INSERT INTO `apartment_facility` VALUES (44, 9, 24, '2023-07-18 16:29:06', NULL, 1);
INSERT INTO `apartment_facility` VALUES (45, 9, 26, '2023-07-18 16:29:06', NULL, 1);
INSERT INTO `apartment_facility` VALUES (46, 9, 25, '2023-07-18 16:29:06', NULL, 1);
INSERT INTO `apartment_facility` VALUES (47, 10, 24, '2023-07-18 16:30:04', NULL, 1);
INSERT INTO `apartment_facility` VALUES (48, 10, 25, '2023-07-18 16:30:04', NULL, 1);
INSERT INTO `apartment_facility` VALUES (49, 9, 24, '2023-07-22 10:44:44', NULL, 1);
INSERT INTO `apartment_facility` VALUES (50, 9, 25, '2023-07-22 10:44:44', NULL, 1);
INSERT INTO `apartment_facility` VALUES (51, 9, 26, '2023-07-22 10:44:44', NULL, 1);
INSERT INTO `apartment_facility` VALUES (52, 9, 24, '2023-07-22 13:52:19', NULL, 1);
INSERT INTO `apartment_facility` VALUES (53, 9, 25, '2023-07-22 13:52:19', NULL, 1);
INSERT INTO `apartment_facility` VALUES (54, 9, 26, '2023-07-22 13:52:19', NULL, 1);
INSERT INTO `apartment_facility` VALUES (55, 9, 24, '2023-08-10 18:52:30', NULL, 1);
INSERT INTO `apartment_facility` VALUES (56, 9, 25, '2023-08-10 18:52:30', NULL, 1);
INSERT INTO `apartment_facility` VALUES (57, 9, 26, '2023-08-10 18:52:30', NULL, 1);
INSERT INTO `apartment_facility` VALUES (58, 9, 40, '2023-08-10 18:52:30', NULL, 1);
INSERT INTO `apartment_facility` VALUES (59, 9, 41, '2023-08-10 18:52:30', NULL, 1);
INSERT INTO `apartment_facility` VALUES (60, 9, 42, '2023-08-10 18:52:30', NULL, 1);
INSERT INTO `apartment_facility` VALUES (61, 9, 43, '2023-08-10 18:52:30', NULL, 1);
INSERT INTO `apartment_facility` VALUES (62, 9, 44, '2023-08-10 18:52:30', NULL, 1);
INSERT INTO `apartment_facility` VALUES (63, 9, 45, '2023-08-10 18:52:30', NULL, 1);
INSERT INTO `apartment_facility` VALUES (64, 9, 46, '2023-08-10 18:52:30', NULL, 1);
INSERT INTO `apartment_facility` VALUES (65, 9, 47, '2023-08-10 18:52:30', NULL, 1);
INSERT INTO `apartment_facility` VALUES (66, 9, 57, '2023-08-10 18:52:30', NULL, 1);
INSERT INTO `apartment_facility` VALUES (67, 10, 24, '2023-08-10 18:53:11', NULL, 1);
INSERT INTO `apartment_facility` VALUES (68, 10, 25, '2023-08-10 18:53:11', NULL, 1);
INSERT INTO `apartment_facility` VALUES (69, 10, 26, '2023-08-10 18:53:11', NULL, 1);
INSERT INTO `apartment_facility` VALUES (70, 10, 40, '2023-08-10 18:53:11', NULL, 1);
INSERT INTO `apartment_facility` VALUES (71, 10, 41, '2023-08-10 18:53:11', NULL, 1);
INSERT INTO `apartment_facility` VALUES (72, 10, 43, '2023-08-10 18:53:11', NULL, 1);
INSERT INTO `apartment_facility` VALUES (73, 10, 44, '2023-08-10 18:53:11', NULL, 1);
INSERT INTO `apartment_facility` VALUES (74, 10, 42, '2023-08-10 18:53:11', NULL, 1);
INSERT INTO `apartment_facility` VALUES (75, 10, 57, '2023-08-10 18:53:11', NULL, 1);
INSERT INTO `apartment_facility` VALUES (76, 10, 46, '2023-08-10 18:53:11', NULL, 1);
INSERT INTO `apartment_facility` VALUES (77, 9, 24, '2023-08-14 00:04:56', NULL, 1);
INSERT INTO `apartment_facility` VALUES (78, 9, 25, '2023-08-14 00:04:56', NULL, 1);
INSERT INTO `apartment_facility` VALUES (79, 9, 26, '2023-08-14 00:04:56', NULL, 1);
INSERT INTO `apartment_facility` VALUES (80, 9, 40, '2023-08-14 00:04:56', NULL, 1);
INSERT INTO `apartment_facility` VALUES (81, 9, 41, '2023-08-14 00:04:56', NULL, 1);
INSERT INTO `apartment_facility` VALUES (82, 9, 42, '2023-08-14 00:04:56', NULL, 1);
INSERT INTO `apartment_facility` VALUES (83, 9, 43, '2023-08-14 00:04:56', NULL, 1);
INSERT INTO `apartment_facility` VALUES (84, 9, 44, '2023-08-14 00:04:56', NULL, 1);
INSERT INTO `apartment_facility` VALUES (85, 9, 45, '2023-08-14 00:04:56', NULL, 1);
INSERT INTO `apartment_facility` VALUES (86, 9, 46, '2023-08-14 00:04:56', NULL, 1);
INSERT INTO `apartment_facility` VALUES (87, 9, 47, '2023-08-14 00:04:56', NULL, 1);
INSERT INTO `apartment_facility` VALUES (88, 9, 57, '2023-08-14 00:04:56', NULL, 1);
INSERT INTO `apartment_facility` VALUES (89, 10, 24, '2023-08-14 00:05:06', NULL, 1);
INSERT INTO `apartment_facility` VALUES (90, 10, 25, '2023-08-14 00:05:06', NULL, 1);
INSERT INTO `apartment_facility` VALUES (91, 10, 26, '2023-08-14 00:05:06', NULL, 1);
INSERT INTO `apartment_facility` VALUES (92, 10, 40, '2023-08-14 00:05:06', NULL, 1);
INSERT INTO `apartment_facility` VALUES (93, 10, 41, '2023-08-14 00:05:06', NULL, 1);
INSERT INTO `apartment_facility` VALUES (94, 10, 43, '2023-08-14 00:05:06', NULL, 1);
INSERT INTO `apartment_facility` VALUES (95, 10, 44, '2023-08-14 00:05:06', NULL, 1);
INSERT INTO `apartment_facility` VALUES (96, 10, 42, '2023-08-14 00:05:06', NULL, 1);
INSERT INTO `apartment_facility` VALUES (97, 10, 57, '2023-08-14 00:05:06', NULL, 1);
INSERT INTO `apartment_facility` VALUES (98, 10, 46, '2023-08-14 00:05:06', NULL, 1);
INSERT INTO `apartment_facility` VALUES (99, 9, 24, '2023-08-14 00:13:51', NULL, 1);
INSERT INTO `apartment_facility` VALUES (100, 9, 25, '2023-08-14 00:13:51', NULL, 1);
INSERT INTO `apartment_facility` VALUES (101, 9, 26, '2023-08-14 00:13:51', NULL, 1);
INSERT INTO `apartment_facility` VALUES (102, 9, 40, '2023-08-14 00:13:51', NULL, 1);
INSERT INTO `apartment_facility` VALUES (103, 9, 41, '2023-08-14 00:13:51', NULL, 1);
INSERT INTO `apartment_facility` VALUES (104, 9, 42, '2023-08-14 00:13:51', NULL, 1);
INSERT INTO `apartment_facility` VALUES (105, 9, 43, '2023-08-14 00:13:51', NULL, 1);
INSERT INTO `apartment_facility` VALUES (106, 9, 44, '2023-08-14 00:13:51', NULL, 1);
INSERT INTO `apartment_facility` VALUES (107, 9, 45, '2023-08-14 00:13:51', NULL, 1);
INSERT INTO `apartment_facility` VALUES (108, 9, 46, '2023-08-14 00:13:51', NULL, 1);
INSERT INTO `apartment_facility` VALUES (109, 9, 47, '2023-08-14 00:13:51', NULL, 1);
INSERT INTO `apartment_facility` VALUES (110, 9, 57, '2023-08-14 00:13:51', NULL, 1);
INSERT INTO `apartment_facility` VALUES (111, 10, 24, '2023-08-14 00:13:56', NULL, 1);
INSERT INTO `apartment_facility` VALUES (112, 10, 25, '2023-08-14 00:13:56', NULL, 1);
INSERT INTO `apartment_facility` VALUES (113, 10, 26, '2023-08-14 00:13:56', NULL, 1);
INSERT INTO `apartment_facility` VALUES (114, 10, 40, '2023-08-14 00:13:56', NULL, 1);
INSERT INTO `apartment_facility` VALUES (115, 10, 41, '2023-08-14 00:13:56', NULL, 1);
INSERT INTO `apartment_facility` VALUES (116, 10, 43, '2023-08-14 00:13:56', NULL, 1);
INSERT INTO `apartment_facility` VALUES (117, 10, 44, '2023-08-14 00:13:56', NULL, 1);
INSERT INTO `apartment_facility` VALUES (118, 10, 42, '2023-08-14 00:13:56', NULL, 1);
INSERT INTO `apartment_facility` VALUES (119, 10, 57, '2023-08-14 00:13:56', NULL, 1);
INSERT INTO `apartment_facility` VALUES (120, 10, 46, '2023-08-14 00:13:56', NULL, 1);
INSERT INTO `apartment_facility` VALUES (121, 9, 24, '2023-08-14 11:31:25', NULL, 1);
INSERT INTO `apartment_facility` VALUES (122, 9, 25, '2023-08-14 11:31:25', NULL, 1);
INSERT INTO `apartment_facility` VALUES (123, 9, 26, '2023-08-14 11:31:25', NULL, 1);
INSERT INTO `apartment_facility` VALUES (124, 9, 40, '2023-08-14 11:31:25', NULL, 1);
INSERT INTO `apartment_facility` VALUES (125, 9, 41, '2023-08-14 11:31:25', NULL, 1);
INSERT INTO `apartment_facility` VALUES (126, 9, 42, '2023-08-14 11:31:25', NULL, 1);
INSERT INTO `apartment_facility` VALUES (127, 9, 43, '2023-08-14 11:31:25', NULL, 1);
INSERT INTO `apartment_facility` VALUES (128, 9, 44, '2023-08-14 11:31:25', NULL, 1);
INSERT INTO `apartment_facility` VALUES (129, 9, 45, '2023-08-14 11:31:25', NULL, 1);
INSERT INTO `apartment_facility` VALUES (130, 9, 46, '2023-08-14 11:31:25', NULL, 1);
INSERT INTO `apartment_facility` VALUES (131, 9, 47, '2023-08-14 11:31:25', NULL, 1);
INSERT INTO `apartment_facility` VALUES (132, 9, 57, '2023-08-14 11:31:25', NULL, 1);
INSERT INTO `apartment_facility` VALUES (133, 10, 24, '2023-08-14 11:36:36', NULL, 1);
INSERT INTO `apartment_facility` VALUES (134, 10, 25, '2023-08-14 11:36:36', NULL, 1);
INSERT INTO `apartment_facility` VALUES (135, 10, 26, '2023-08-14 11:36:36', NULL, 1);
INSERT INTO `apartment_facility` VALUES (136, 10, 40, '2023-08-14 11:36:36', NULL, 1);
INSERT INTO `apartment_facility` VALUES (137, 10, 41, '2023-08-14 11:36:36', NULL, 1);
INSERT INTO `apartment_facility` VALUES (138, 10, 43, '2023-08-14 11:36:36', NULL, 1);
INSERT INTO `apartment_facility` VALUES (139, 10, 44, '2023-08-14 11:36:36', NULL, 1);
INSERT INTO `apartment_facility` VALUES (140, 10, 42, '2023-08-14 11:36:36', NULL, 1);
INSERT INTO `apartment_facility` VALUES (141, 10, 57, '2023-08-14 11:36:36', NULL, 1);
INSERT INTO `apartment_facility` VALUES (142, 10, 46, '2023-08-14 11:36:36', NULL, 1);
INSERT INTO `apartment_facility` VALUES (143, 10, 24, '2023-08-14 11:36:59', NULL, 1);
INSERT INTO `apartment_facility` VALUES (144, 10, 25, '2023-08-14 11:36:59', NULL, 1);
INSERT INTO `apartment_facility` VALUES (145, 10, 26, '2023-08-14 11:36:59', NULL, 1);
INSERT INTO `apartment_facility` VALUES (146, 10, 40, '2023-08-14 11:36:59', NULL, 1);
INSERT INTO `apartment_facility` VALUES (147, 10, 41, '2023-08-14 11:36:59', NULL, 1);
INSERT INTO `apartment_facility` VALUES (148, 10, 43, '2023-08-14 11:36:59', NULL, 1);
INSERT INTO `apartment_facility` VALUES (149, 10, 44, '2023-08-14 11:36:59', NULL, 1);
INSERT INTO `apartment_facility` VALUES (150, 10, 42, '2023-08-14 11:36:59', NULL, 1);
INSERT INTO `apartment_facility` VALUES (151, 10, 57, '2023-08-14 11:36:59', NULL, 1);
INSERT INTO `apartment_facility` VALUES (152, 10, 46, '2023-08-14 11:36:59', NULL, 1);
INSERT INTO `apartment_facility` VALUES (153, 9, 24, '2023-08-14 11:40:47', NULL, 1);
INSERT INTO `apartment_facility` VALUES (154, 9, 25, '2023-08-14 11:40:47', NULL, 1);
INSERT INTO `apartment_facility` VALUES (155, 9, 26, '2023-08-14 11:40:47', NULL, 1);
INSERT INTO `apartment_facility` VALUES (156, 9, 40, '2023-08-14 11:40:47', NULL, 1);
INSERT INTO `apartment_facility` VALUES (157, 9, 41, '2023-08-14 11:40:47', NULL, 1);
INSERT INTO `apartment_facility` VALUES (158, 9, 42, '2023-08-14 11:40:47', NULL, 1);
INSERT INTO `apartment_facility` VALUES (159, 9, 43, '2023-08-14 11:40:47', NULL, 1);
INSERT INTO `apartment_facility` VALUES (160, 9, 44, '2023-08-14 11:40:47', NULL, 1);
INSERT INTO `apartment_facility` VALUES (161, 9, 45, '2023-08-14 11:40:47', NULL, 1);
INSERT INTO `apartment_facility` VALUES (162, 9, 46, '2023-08-14 11:40:47', NULL, 1);
INSERT INTO `apartment_facility` VALUES (163, 9, 47, '2023-08-14 11:40:47', NULL, 1);
INSERT INTO `apartment_facility` VALUES (164, 9, 57, '2023-08-14 11:40:47', NULL, 1);
INSERT INTO `apartment_facility` VALUES (165, 10, 24, '2023-08-14 11:45:22', NULL, 1);
INSERT INTO `apartment_facility` VALUES (166, 10, 25, '2023-08-14 11:45:22', NULL, 1);
INSERT INTO `apartment_facility` VALUES (167, 10, 26, '2023-08-14 11:45:22', NULL, 1);
INSERT INTO `apartment_facility` VALUES (168, 10, 40, '2023-08-14 11:45:22', NULL, 1);
INSERT INTO `apartment_facility` VALUES (169, 10, 41, '2023-08-14 11:45:22', NULL, 1);
INSERT INTO `apartment_facility` VALUES (170, 10, 43, '2023-08-14 11:45:22', NULL, 1);
INSERT INTO `apartment_facility` VALUES (171, 10, 44, '2023-08-14 11:45:22', NULL, 1);
INSERT INTO `apartment_facility` VALUES (172, 10, 42, '2023-08-14 11:45:22', NULL, 1);
INSERT INTO `apartment_facility` VALUES (173, 10, 57, '2023-08-14 11:45:22', NULL, 1);
INSERT INTO `apartment_facility` VALUES (174, 10, 46, '2023-08-14 11:45:22', NULL, 1);
INSERT INTO `apartment_facility` VALUES (175, 9, 24, '2023-08-14 11:55:11', NULL, 1);
INSERT INTO `apartment_facility` VALUES (176, 9, 25, '2023-08-14 11:55:11', NULL, 1);
INSERT INTO `apartment_facility` VALUES (177, 9, 26, '2023-08-14 11:55:11', NULL, 1);
INSERT INTO `apartment_facility` VALUES (178, 9, 40, '2023-08-14 11:55:11', NULL, 1);
INSERT INTO `apartment_facility` VALUES (179, 9, 41, '2023-08-14 11:55:11', NULL, 1);
INSERT INTO `apartment_facility` VALUES (180, 9, 42, '2023-08-14 11:55:11', NULL, 1);
INSERT INTO `apartment_facility` VALUES (181, 9, 43, '2023-08-14 11:55:11', NULL, 1);
INSERT INTO `apartment_facility` VALUES (182, 9, 44, '2023-08-14 11:55:11', NULL, 1);
INSERT INTO `apartment_facility` VALUES (183, 9, 45, '2023-08-14 11:55:11', NULL, 1);
INSERT INTO `apartment_facility` VALUES (184, 9, 46, '2023-08-14 11:55:11', NULL, 1);
INSERT INTO `apartment_facility` VALUES (185, 9, 47, '2023-08-14 11:55:11', NULL, 1);
INSERT INTO `apartment_facility` VALUES (186, 9, 57, '2023-08-14 11:55:11', NULL, 1);
INSERT INTO `apartment_facility` VALUES (187, 9, 24, '2023-08-14 12:30:55', NULL, 1);
INSERT INTO `apartment_facility` VALUES (188, 9, 25, '2023-08-14 12:30:55', NULL, 1);
INSERT INTO `apartment_facility` VALUES (189, 9, 26, '2023-08-14 12:30:55', NULL, 1);
INSERT INTO `apartment_facility` VALUES (190, 9, 40, '2023-08-14 12:30:55', NULL, 1);
INSERT INTO `apartment_facility` VALUES (191, 9, 41, '2023-08-14 12:30:55', NULL, 1);
INSERT INTO `apartment_facility` VALUES (192, 9, 42, '2023-08-14 12:30:55', NULL, 1);
INSERT INTO `apartment_facility` VALUES (193, 9, 43, '2023-08-14 12:30:55', NULL, 1);
INSERT INTO `apartment_facility` VALUES (194, 9, 44, '2023-08-14 12:30:55', NULL, 1);
INSERT INTO `apartment_facility` VALUES (195, 9, 45, '2023-08-14 12:30:55', NULL, 1);
INSERT INTO `apartment_facility` VALUES (196, 9, 46, '2023-08-14 12:30:55', NULL, 1);
INSERT INTO `apartment_facility` VALUES (197, 9, 47, '2023-08-14 12:30:55', NULL, 1);
INSERT INTO `apartment_facility` VALUES (198, 9, 57, '2023-08-14 12:30:55', NULL, 1);
INSERT INTO `apartment_facility` VALUES (199, 10, 24, '2023-08-14 12:31:07', NULL, 1);
INSERT INTO `apartment_facility` VALUES (200, 10, 25, '2023-08-14 12:31:07', NULL, 1);
INSERT INTO `apartment_facility` VALUES (201, 10, 26, '2023-08-14 12:31:07', NULL, 1);
INSERT INTO `apartment_facility` VALUES (202, 10, 40, '2023-08-14 12:31:07', NULL, 1);
INSERT INTO `apartment_facility` VALUES (203, 10, 41, '2023-08-14 12:31:07', NULL, 1);
INSERT INTO `apartment_facility` VALUES (204, 10, 43, '2023-08-14 12:31:07', NULL, 1);
INSERT INTO `apartment_facility` VALUES (205, 10, 44, '2023-08-14 12:31:07', NULL, 1);
INSERT INTO `apartment_facility` VALUES (206, 10, 42, '2023-08-14 12:31:07', NULL, 1);
INSERT INTO `apartment_facility` VALUES (207, 10, 57, '2023-08-14 12:31:07', NULL, 1);
INSERT INTO `apartment_facility` VALUES (208, 10, 46, '2023-08-14 12:31:07', NULL, 1);
INSERT INTO `apartment_facility` VALUES (209, 9, 24, '2023-08-19 15:44:26', NULL, 1);
INSERT INTO `apartment_facility` VALUES (210, 9, 25, '2023-08-19 15:44:26', NULL, 1);
INSERT INTO `apartment_facility` VALUES (211, 9, 26, '2023-08-19 15:44:26', NULL, 1);
INSERT INTO `apartment_facility` VALUES (212, 9, 40, '2023-08-19 15:44:26', NULL, 1);
INSERT INTO `apartment_facility` VALUES (213, 9, 41, '2023-08-19 15:44:26', NULL, 1);
INSERT INTO `apartment_facility` VALUES (214, 9, 42, '2023-08-19 15:44:26', NULL, 1);
INSERT INTO `apartment_facility` VALUES (215, 9, 43, '2023-08-19 15:44:26', NULL, 1);
INSERT INTO `apartment_facility` VALUES (216, 9, 44, '2023-08-19 15:44:26', NULL, 1);
INSERT INTO `apartment_facility` VALUES (217, 9, 45, '2023-08-19 15:44:26', NULL, 1);
INSERT INTO `apartment_facility` VALUES (218, 9, 46, '2023-08-19 15:44:26', NULL, 1);
INSERT INTO `apartment_facility` VALUES (219, 9, 47, '2023-08-19 15:44:26', NULL, 1);
INSERT INTO `apartment_facility` VALUES (220, 9, 57, '2023-08-19 15:44:26', NULL, 1);
INSERT INTO `apartment_facility` VALUES (221, 10, 24, '2023-08-19 15:44:50', NULL, 1);
INSERT INTO `apartment_facility` VALUES (222, 10, 25, '2023-08-19 15:44:50', NULL, 1);
INSERT INTO `apartment_facility` VALUES (223, 10, 26, '2023-08-19 15:44:50', NULL, 1);
INSERT INTO `apartment_facility` VALUES (224, 10, 40, '2023-08-19 15:44:50', NULL, 1);
INSERT INTO `apartment_facility` VALUES (225, 10, 41, '2023-08-19 15:44:50', NULL, 1);
INSERT INTO `apartment_facility` VALUES (226, 10, 43, '2023-08-19 15:44:50', NULL, 1);
INSERT INTO `apartment_facility` VALUES (227, 10, 44, '2023-08-19 15:44:50', NULL, 1);
INSERT INTO `apartment_facility` VALUES (228, 10, 42, '2023-08-19 15:44:50', NULL, 1);
INSERT INTO `apartment_facility` VALUES (229, 10, 57, '2023-08-19 15:44:50', NULL, 1);
INSERT INTO `apartment_facility` VALUES (230, 10, 46, '2023-08-19 15:44:50', NULL, 1);
INSERT INTO `apartment_facility` VALUES (231, 9, 24, '2026-02-26 15:39:44', NULL, 1);
INSERT INTO `apartment_facility` VALUES (232, 9, 25, '2026-02-26 15:39:44', NULL, 1);
INSERT INTO `apartment_facility` VALUES (233, 9, 26, '2026-02-26 15:39:44', NULL, 1);
INSERT INTO `apartment_facility` VALUES (234, 9, 40, '2026-02-26 15:39:44', NULL, 1);
INSERT INTO `apartment_facility` VALUES (235, 9, 41, '2026-02-26 15:39:44', NULL, 1);
INSERT INTO `apartment_facility` VALUES (236, 9, 42, '2026-02-26 15:39:44', NULL, 1);
INSERT INTO `apartment_facility` VALUES (237, 9, 43, '2026-02-26 15:39:44', NULL, 1);
INSERT INTO `apartment_facility` VALUES (238, 9, 44, '2026-02-26 15:39:44', NULL, 1);
INSERT INTO `apartment_facility` VALUES (239, 9, 45, '2026-02-26 15:39:44', NULL, 1);
INSERT INTO `apartment_facility` VALUES (240, 9, 46, '2026-02-26 15:39:44', NULL, 1);
INSERT INTO `apartment_facility` VALUES (241, 9, 47, '2026-02-26 15:39:44', NULL, 1);
INSERT INTO `apartment_facility` VALUES (242, 9, 57, '2026-02-26 15:39:44', NULL, 1);
INSERT INTO `apartment_facility` VALUES (370, 19, 57, '2026-03-14 16:13:16', '2026-03-14 16:13:16', 1);
INSERT INTO `apartment_facility` VALUES (371, 19, 41, '2026-03-14 16:13:16', '2026-03-14 16:13:16', 1);
INSERT INTO `apartment_facility` VALUES (372, 19, 26, '2026-03-14 16:13:16', '2026-03-14 16:13:16', 1);
INSERT INTO `apartment_facility` VALUES (373, 19, 25, '2026-03-14 16:13:16', '2026-03-14 16:13:16', 1);
INSERT INTO `apartment_facility` VALUES (374, 19, 24, '2026-03-14 16:13:16', '2026-03-14 16:13:16', 1);
INSERT INTO `apartment_facility` VALUES (375, 20, 57, '2026-03-14 16:13:16', '2026-03-14 16:13:16', 1);
INSERT INTO `apartment_facility` VALUES (376, 20, 44, '2026-03-14 16:13:16', '2026-03-14 16:13:16', 1);
INSERT INTO `apartment_facility` VALUES (377, 20, 43, '2026-03-14 16:13:16', '2026-03-14 16:13:16', 1);
INSERT INTO `apartment_facility` VALUES (378, 20, 26, '2026-03-14 16:13:16', '2026-03-14 16:13:16', 1);
INSERT INTO `apartment_facility` VALUES (379, 20, 24, '2026-03-14 16:13:16', '2026-03-14 16:13:16', 1);
INSERT INTO `apartment_facility` VALUES (380, 21, 57, '2026-03-14 16:13:16', '2026-03-14 16:13:16', 1);
INSERT INTO `apartment_facility` VALUES (381, 21, 45, '2026-03-14 16:13:16', '2026-03-14 16:13:16', 1);
INSERT INTO `apartment_facility` VALUES (382, 21, 41, '2026-03-14 16:13:16', '2026-03-14 16:13:16', 1);
INSERT INTO `apartment_facility` VALUES (383, 21, 26, '2026-03-14 16:13:16', '2026-03-14 16:13:16', 1);
INSERT INTO `apartment_facility` VALUES (384, 21, 25, '2026-03-14 16:13:16', '2026-03-14 16:13:16', 1);
INSERT INTO `apartment_facility` VALUES (385, 22, 46, '2026-03-14 16:13:16', '2026-03-14 16:13:16', 1);
INSERT INTO `apartment_facility` VALUES (386, 22, 43, '2026-03-14 16:13:16', '2026-03-14 16:13:16', 1);
INSERT INTO `apartment_facility` VALUES (387, 22, 42, '2026-03-14 16:13:16', '2026-03-14 16:13:16', 1);
INSERT INTO `apartment_facility` VALUES (388, 22, 26, '2026-03-14 16:13:16', '2026-03-14 16:13:16', 1);
INSERT INTO `apartment_facility` VALUES (389, 22, 24, '2026-03-14 16:13:16', '2026-03-14 16:13:16', 1);
INSERT INTO `apartment_facility` VALUES (390, 23, 57, '2026-03-14 16:13:16', '2026-03-14 16:13:16', 1);
INSERT INTO `apartment_facility` VALUES (391, 23, 47, '2026-03-14 16:13:16', '2026-03-14 16:13:16', 1);
INSERT INTO `apartment_facility` VALUES (392, 23, 41, '2026-03-14 16:13:16', '2026-03-14 16:13:16', 1);
INSERT INTO `apartment_facility` VALUES (393, 23, 26, '2026-03-14 16:13:16', '2026-03-14 16:13:16', 1);
INSERT INTO `apartment_facility` VALUES (394, 23, 25, '2026-03-14 16:13:16', '2026-03-14 16:13:16', 1);
INSERT INTO `apartment_facility` VALUES (401, 9, 24, '2026-03-15 17:23:32', NULL, 1);
INSERT INTO `apartment_facility` VALUES (402, 9, 25, '2026-03-15 17:23:32', NULL, 1);
INSERT INTO `apartment_facility` VALUES (403, 9, 26, '2026-03-15 17:23:32', NULL, 1);
INSERT INTO `apartment_facility` VALUES (404, 9, 40, '2026-03-15 17:23:32', NULL, 1);
INSERT INTO `apartment_facility` VALUES (405, 9, 41, '2026-03-15 17:23:32', NULL, 1);
INSERT INTO `apartment_facility` VALUES (406, 9, 43, '2026-03-15 17:23:32', NULL, 1);
INSERT INTO `apartment_facility` VALUES (407, 9, 44, '2026-03-15 17:23:32', NULL, 1);
INSERT INTO `apartment_facility` VALUES (408, 9, 45, '2026-03-15 17:23:32', NULL, 1);
INSERT INTO `apartment_facility` VALUES (409, 9, 46, '2026-03-15 17:23:32', NULL, 1);
INSERT INTO `apartment_facility` VALUES (410, 9, 47, '2026-03-15 17:23:32', NULL, 1);
INSERT INTO `apartment_facility` VALUES (411, 9, 57, '2026-03-15 17:23:32', NULL, 1);
INSERT INTO `apartment_facility` VALUES (412, 9, 24, '2026-03-15 17:42:53', NULL, 1);
INSERT INTO `apartment_facility` VALUES (413, 9, 25, '2026-03-15 17:42:53', NULL, 1);
INSERT INTO `apartment_facility` VALUES (414, 9, 26, '2026-03-15 17:42:53', NULL, 1);
INSERT INTO `apartment_facility` VALUES (415, 9, 40, '2026-03-15 17:42:53', NULL, 1);
INSERT INTO `apartment_facility` VALUES (416, 9, 41, '2026-03-15 17:42:53', NULL, 1);
INSERT INTO `apartment_facility` VALUES (417, 9, 43, '2026-03-15 17:42:53', NULL, 1);
INSERT INTO `apartment_facility` VALUES (418, 9, 44, '2026-03-15 17:42:53', NULL, 1);
INSERT INTO `apartment_facility` VALUES (419, 9, 45, '2026-03-15 17:42:53', NULL, 1);
INSERT INTO `apartment_facility` VALUES (420, 9, 46, '2026-03-15 17:42:53', NULL, 1);
INSERT INTO `apartment_facility` VALUES (421, 9, 47, '2026-03-15 17:42:53', NULL, 1);
INSERT INTO `apartment_facility` VALUES (422, 9, 57, '2026-03-15 17:42:53', NULL, 1);
INSERT INTO `apartment_facility` VALUES (423, 9, 24, '2026-03-15 18:15:51', NULL, 1);
INSERT INTO `apartment_facility` VALUES (424, 9, 25, '2026-03-15 18:15:51', NULL, 1);
INSERT INTO `apartment_facility` VALUES (425, 9, 26, '2026-03-15 18:15:51', NULL, 1);
INSERT INTO `apartment_facility` VALUES (426, 9, 40, '2026-03-15 18:15:51', NULL, 1);
INSERT INTO `apartment_facility` VALUES (427, 9, 41, '2026-03-15 18:15:51', NULL, 1);
INSERT INTO `apartment_facility` VALUES (428, 9, 43, '2026-03-15 18:15:51', NULL, 1);
INSERT INTO `apartment_facility` VALUES (429, 9, 44, '2026-03-15 18:15:51', NULL, 1);
INSERT INTO `apartment_facility` VALUES (430, 9, 45, '2026-03-15 18:15:51', NULL, 1);
INSERT INTO `apartment_facility` VALUES (431, 9, 46, '2026-03-15 18:15:51', NULL, 1);
INSERT INTO `apartment_facility` VALUES (432, 9, 47, '2026-03-15 18:15:51', NULL, 1);
INSERT INTO `apartment_facility` VALUES (433, 9, 57, '2026-03-15 18:15:51', NULL, 1);
INSERT INTO `apartment_facility` VALUES (434, 9, 24, '2026-03-16 16:08:13', NULL, 0);
INSERT INTO `apartment_facility` VALUES (435, 9, 25, '2026-03-16 16:08:13', NULL, 0);
INSERT INTO `apartment_facility` VALUES (436, 9, 26, '2026-03-16 16:08:13', NULL, 0);
INSERT INTO `apartment_facility` VALUES (437, 9, 40, '2026-03-16 16:08:13', NULL, 0);
INSERT INTO `apartment_facility` VALUES (438, 9, 41, '2026-03-16 16:08:13', NULL, 0);
INSERT INTO `apartment_facility` VALUES (439, 9, 43, '2026-03-16 16:08:13', NULL, 0);
INSERT INTO `apartment_facility` VALUES (440, 9, 44, '2026-03-16 16:08:13', NULL, 0);
INSERT INTO `apartment_facility` VALUES (441, 9, 45, '2026-03-16 16:08:13', NULL, 0);
INSERT INTO `apartment_facility` VALUES (442, 9, 46, '2026-03-16 16:08:13', NULL, 0);
INSERT INTO `apartment_facility` VALUES (443, 9, 47, '2026-03-16 16:08:13', NULL, 0);
INSERT INTO `apartment_facility` VALUES (444, 9, 57, '2026-03-16 16:08:13', NULL, 0);
INSERT INTO `apartment_facility` VALUES (445, 10, 24, '2026-03-16 16:09:22', NULL, 0);
INSERT INTO `apartment_facility` VALUES (446, 10, 25, '2026-03-16 16:09:22', NULL, 0);
INSERT INTO `apartment_facility` VALUES (447, 10, 26, '2026-03-16 16:09:22', NULL, 0);
INSERT INTO `apartment_facility` VALUES (448, 10, 40, '2026-03-16 16:09:22', NULL, 0);
INSERT INTO `apartment_facility` VALUES (449, 10, 41, '2026-03-16 16:09:22', NULL, 0);
INSERT INTO `apartment_facility` VALUES (450, 10, 43, '2026-03-16 16:09:22', NULL, 0);
INSERT INTO `apartment_facility` VALUES (451, 10, 44, '2026-03-16 16:09:22', NULL, 0);
INSERT INTO `apartment_facility` VALUES (452, 10, 46, '2026-03-16 16:09:22', NULL, 0);
INSERT INTO `apartment_facility` VALUES (453, 10, 57, '2026-03-16 16:09:22', NULL, 0);
INSERT INTO `apartment_facility` VALUES (454, 19, 24, '2026-03-16 16:10:52', NULL, 0);
INSERT INTO `apartment_facility` VALUES (455, 19, 25, '2026-03-16 16:10:52', NULL, 0);
INSERT INTO `apartment_facility` VALUES (456, 19, 26, '2026-03-16 16:10:52', NULL, 0);
INSERT INTO `apartment_facility` VALUES (457, 19, 41, '2026-03-16 16:10:52', NULL, 0);
INSERT INTO `apartment_facility` VALUES (458, 19, 57, '2026-03-16 16:10:52', NULL, 0);
INSERT INTO `apartment_facility` VALUES (459, 20, 24, '2026-03-16 16:13:09', NULL, 0);
INSERT INTO `apartment_facility` VALUES (460, 20, 26, '2026-03-16 16:13:09', NULL, 0);
INSERT INTO `apartment_facility` VALUES (461, 20, 43, '2026-03-16 16:13:09', NULL, 0);
INSERT INTO `apartment_facility` VALUES (462, 20, 44, '2026-03-16 16:13:09', NULL, 0);
INSERT INTO `apartment_facility` VALUES (463, 20, 57, '2026-03-16 16:13:09', NULL, 0);
INSERT INTO `apartment_facility` VALUES (464, 21, 25, '2026-03-16 16:14:34', NULL, 0);
INSERT INTO `apartment_facility` VALUES (465, 21, 26, '2026-03-16 16:14:34', NULL, 0);
INSERT INTO `apartment_facility` VALUES (466, 21, 41, '2026-03-16 16:14:34', NULL, 0);
INSERT INTO `apartment_facility` VALUES (467, 21, 45, '2026-03-16 16:14:34', NULL, 0);
INSERT INTO `apartment_facility` VALUES (468, 21, 57, '2026-03-16 16:14:34', NULL, 0);
INSERT INTO `apartment_facility` VALUES (469, 22, 24, '2026-03-16 16:15:20', NULL, 0);
INSERT INTO `apartment_facility` VALUES (470, 22, 26, '2026-03-16 16:15:20', NULL, 0);
INSERT INTO `apartment_facility` VALUES (471, 22, 43, '2026-03-16 16:15:20', NULL, 0);
INSERT INTO `apartment_facility` VALUES (472, 22, 46, '2026-03-16 16:15:20', NULL, 0);
INSERT INTO `apartment_facility` VALUES (473, 23, 25, '2026-03-16 16:16:27', NULL, 0);
INSERT INTO `apartment_facility` VALUES (474, 23, 26, '2026-03-16 16:16:27', NULL, 0);
INSERT INTO `apartment_facility` VALUES (475, 23, 41, '2026-03-16 16:16:27', NULL, 0);
INSERT INTO `apartment_facility` VALUES (476, 23, 47, '2026-03-16 16:16:27', NULL, 0);
INSERT INTO `apartment_facility` VALUES (477, 23, 57, '2026-03-16 16:16:27', NULL, 0);

-- ----------------------------
-- Table structure for apartment_fee_value
-- ----------------------------
DROP TABLE IF EXISTS `apartment_fee_value`;
CREATE TABLE `apartment_fee_value`  (
  `id` bigint(20) NOT NULL AUTO_INCREMENT,
  `apartment_id` bigint(20) NULL DEFAULT NULL COMMENT '公寓id',
  `fee_value_id` bigint(20) NULL DEFAULT NULL COMMENT '收费项value_id',
  `create_time` timestamp NULL DEFAULT NULL COMMENT '创建时间',
  `update_time` timestamp NULL DEFAULT NULL COMMENT '更新时间',
  `is_deleted` tinyint(4) NULL DEFAULT 0 COMMENT '是否删除',
  PRIMARY KEY (`id`) USING BTREE
) ENGINE = InnoDB AUTO_INCREMENT = 217 CHARACTER SET = utf8mb4 COLLATE = utf8mb4_general_ci COMMENT = '公寓&杂费关联表' ROW_FORMAT = Dynamic;

-- ----------------------------
-- Records of apartment_fee_value
-- ----------------------------
INSERT INTO `apartment_fee_value` VALUES (1, 9, NULL, '2023-06-20 10:15:43', NULL, 1);
INSERT INTO `apartment_fee_value` VALUES (2, 9, NULL, '2023-06-20 10:15:43', NULL, 1);
INSERT INTO `apartment_fee_value` VALUES (3, 9, 3, '2023-06-20 10:17:44', NULL, 1);
INSERT INTO `apartment_fee_value` VALUES (4, 9, 7, '2023-06-20 10:17:44', NULL, 1);
INSERT INTO `apartment_fee_value` VALUES (5, 10, 2, '2023-06-21 10:17:59', NULL, 1);
INSERT INTO `apartment_fee_value` VALUES (6, 10, 7, '2023-06-21 10:17:59', NULL, 1);
INSERT INTO `apartment_fee_value` VALUES (7, 11, 2, '2023-06-21 10:19:46', NULL, 1);
INSERT INTO `apartment_fee_value` VALUES (8, 11, 7, '2023-06-21 10:19:46', NULL, 1);
INSERT INTO `apartment_fee_value` VALUES (9, 10, 2, '2023-06-21 10:21:36', NULL, 1);
INSERT INTO `apartment_fee_value` VALUES (10, 10, 2, '2023-06-21 10:22:10', NULL, 1);
INSERT INTO `apartment_fee_value` VALUES (11, 9, 2, '2023-07-18 16:29:06', NULL, 1);
INSERT INTO `apartment_fee_value` VALUES (12, 9, 5, '2023-07-18 16:29:06', NULL, 1);
INSERT INTO `apartment_fee_value` VALUES (13, 9, 12, '2023-07-18 16:29:06', NULL, 1);
INSERT INTO `apartment_fee_value` VALUES (14, 10, 2, '2023-07-18 16:30:05', NULL, 1);
INSERT INTO `apartment_fee_value` VALUES (15, 9, 2, '2023-07-22 10:44:44', NULL, 1);
INSERT INTO `apartment_fee_value` VALUES (16, 9, 5, '2023-07-22 10:44:44', NULL, 1);
INSERT INTO `apartment_fee_value` VALUES (17, 9, 2, '2023-07-22 13:52:20', NULL, 1);
INSERT INTO `apartment_fee_value` VALUES (18, 9, 5, '2023-07-22 13:52:20', NULL, 1);
INSERT INTO `apartment_fee_value` VALUES (19, 9, 2, '2023-08-10 18:52:30', NULL, 1);
INSERT INTO `apartment_fee_value` VALUES (20, 9, 5, '2023-08-10 18:52:30', NULL, 1);
INSERT INTO `apartment_fee_value` VALUES (21, 9, 13, '2023-08-10 18:52:30', NULL, 1);
INSERT INTO `apartment_fee_value` VALUES (22, 9, 16, '2023-08-10 18:52:30', NULL, 1);
INSERT INTO `apartment_fee_value` VALUES (23, 9, 21, '2023-08-10 18:52:30', NULL, 1);
INSERT INTO `apartment_fee_value` VALUES (24, 10, 2, '2023-08-10 18:53:11', NULL, 1);
INSERT INTO `apartment_fee_value` VALUES (25, 10, 6, '2023-08-10 18:53:11', NULL, 1);
INSERT INTO `apartment_fee_value` VALUES (26, 10, 14, '2023-08-10 18:53:11', NULL, 1);
INSERT INTO `apartment_fee_value` VALUES (27, 10, 17, '2023-08-10 18:53:11', NULL, 1);
INSERT INTO `apartment_fee_value` VALUES (28, 10, 21, '2023-08-10 18:53:11', NULL, 1);
INSERT INTO `apartment_fee_value` VALUES (29, 9, 2, '2023-08-14 00:04:56', NULL, 1);
INSERT INTO `apartment_fee_value` VALUES (30, 9, 5, '2023-08-14 00:04:56', NULL, 1);
INSERT INTO `apartment_fee_value` VALUES (31, 9, 13, '2023-08-14 00:04:56', NULL, 1);
INSERT INTO `apartment_fee_value` VALUES (32, 9, 16, '2023-08-14 00:04:56', NULL, 1);
INSERT INTO `apartment_fee_value` VALUES (33, 9, 21, '2023-08-14 00:04:56', NULL, 1);
INSERT INTO `apartment_fee_value` VALUES (34, 10, 2, '2023-08-14 00:05:06', NULL, 1);
INSERT INTO `apartment_fee_value` VALUES (35, 10, 6, '2023-08-14 00:05:06', NULL, 1);
INSERT INTO `apartment_fee_value` VALUES (36, 10, 14, '2023-08-14 00:05:06', NULL, 1);
INSERT INTO `apartment_fee_value` VALUES (37, 10, 17, '2023-08-14 00:05:06', NULL, 1);
INSERT INTO `apartment_fee_value` VALUES (38, 10, 21, '2023-08-14 00:05:06', NULL, 1);
INSERT INTO `apartment_fee_value` VALUES (39, 9, 2, '2023-08-14 00:13:51', NULL, 1);
INSERT INTO `apartment_fee_value` VALUES (40, 9, 5, '2023-08-14 00:13:51', NULL, 1);
INSERT INTO `apartment_fee_value` VALUES (41, 9, 13, '2023-08-14 00:13:51', NULL, 1);
INSERT INTO `apartment_fee_value` VALUES (42, 9, 16, '2023-08-14 00:13:51', NULL, 1);
INSERT INTO `apartment_fee_value` VALUES (43, 9, 21, '2023-08-14 00:13:51', NULL, 1);
INSERT INTO `apartment_fee_value` VALUES (44, 10, 2, '2023-08-14 00:13:56', NULL, 1);
INSERT INTO `apartment_fee_value` VALUES (45, 10, 6, '2023-08-14 00:13:56', NULL, 1);
INSERT INTO `apartment_fee_value` VALUES (46, 10, 14, '2023-08-14 00:13:56', NULL, 1);
INSERT INTO `apartment_fee_value` VALUES (47, 10, 17, '2023-08-14 00:13:56', NULL, 1);
INSERT INTO `apartment_fee_value` VALUES (48, 10, 21, '2023-08-14 00:13:56', NULL, 1);
INSERT INTO `apartment_fee_value` VALUES (49, 9, 2, '2023-08-14 11:31:25', NULL, 1);
INSERT INTO `apartment_fee_value` VALUES (50, 9, 5, '2023-08-14 11:31:25', NULL, 1);
INSERT INTO `apartment_fee_value` VALUES (51, 9, 13, '2023-08-14 11:31:25', NULL, 1);
INSERT INTO `apartment_fee_value` VALUES (52, 9, 16, '2023-08-14 11:31:25', NULL, 1);
INSERT INTO `apartment_fee_value` VALUES (53, 9, 21, '2023-08-14 11:31:25', NULL, 1);
INSERT INTO `apartment_fee_value` VALUES (54, 10, 2, '2023-08-14 11:36:36', NULL, 1);
INSERT INTO `apartment_fee_value` VALUES (55, 10, 6, '2023-08-14 11:36:36', NULL, 1);
INSERT INTO `apartment_fee_value` VALUES (56, 10, 14, '2023-08-14 11:36:36', NULL, 1);
INSERT INTO `apartment_fee_value` VALUES (57, 10, 17, '2023-08-14 11:36:36', NULL, 1);
INSERT INTO `apartment_fee_value` VALUES (58, 10, 21, '2023-08-14 11:36:36', NULL, 1);
INSERT INTO `apartment_fee_value` VALUES (59, 10, 2, '2023-08-14 11:36:59', NULL, 1);
INSERT INTO `apartment_fee_value` VALUES (60, 10, 6, '2023-08-14 11:36:59', NULL, 1);
INSERT INTO `apartment_fee_value` VALUES (61, 10, 14, '2023-08-14 11:36:59', NULL, 1);
INSERT INTO `apartment_fee_value` VALUES (62, 10, 17, '2023-08-14 11:36:59', NULL, 1);
INSERT INTO `apartment_fee_value` VALUES (63, 10, 21, '2023-08-14 11:36:59', NULL, 1);
INSERT INTO `apartment_fee_value` VALUES (64, 9, 2, '2023-08-14 11:40:47', NULL, 1);
INSERT INTO `apartment_fee_value` VALUES (65, 9, 5, '2023-08-14 11:40:47', NULL, 1);
INSERT INTO `apartment_fee_value` VALUES (66, 9, 13, '2023-08-14 11:40:47', NULL, 1);
INSERT INTO `apartment_fee_value` VALUES (67, 9, 16, '2023-08-14 11:40:47', NULL, 1);
INSERT INTO `apartment_fee_value` VALUES (68, 9, 21, '2023-08-14 11:40:47', NULL, 1);
INSERT INTO `apartment_fee_value` VALUES (69, 10, 2, '2023-08-14 11:45:22', NULL, 1);
INSERT INTO `apartment_fee_value` VALUES (70, 10, 6, '2023-08-14 11:45:22', NULL, 1);
INSERT INTO `apartment_fee_value` VALUES (71, 10, 14, '2023-08-14 11:45:22', NULL, 1);
INSERT INTO `apartment_fee_value` VALUES (72, 10, 17, '2023-08-14 11:45:22', NULL, 1);
INSERT INTO `apartment_fee_value` VALUES (73, 10, 21, '2023-08-14 11:45:22', NULL, 1);
INSERT INTO `apartment_fee_value` VALUES (74, 9, 2, '2023-08-14 11:55:11', NULL, 1);
INSERT INTO `apartment_fee_value` VALUES (75, 9, 5, '2023-08-14 11:55:11', NULL, 1);
INSERT INTO `apartment_fee_value` VALUES (76, 9, 13, '2023-08-14 11:55:11', NULL, 1);
INSERT INTO `apartment_fee_value` VALUES (77, 9, 16, '2023-08-14 11:55:11', NULL, 1);
INSERT INTO `apartment_fee_value` VALUES (78, 9, 21, '2023-08-14 11:55:11', NULL, 1);
INSERT INTO `apartment_fee_value` VALUES (79, 9, 2, '2023-08-14 12:30:55', NULL, 1);
INSERT INTO `apartment_fee_value` VALUES (80, 9, 5, '2023-08-14 12:30:55', NULL, 1);
INSERT INTO `apartment_fee_value` VALUES (81, 9, 13, '2023-08-14 12:30:55', NULL, 1);
INSERT INTO `apartment_fee_value` VALUES (82, 9, 16, '2023-08-14 12:30:55', NULL, 1);
INSERT INTO `apartment_fee_value` VALUES (83, 9, 21, '2023-08-14 12:30:55', NULL, 1);
INSERT INTO `apartment_fee_value` VALUES (84, 10, 2, '2023-08-14 12:31:07', NULL, 1);
INSERT INTO `apartment_fee_value` VALUES (85, 10, 6, '2023-08-14 12:31:07', NULL, 1);
INSERT INTO `apartment_fee_value` VALUES (86, 10, 14, '2023-08-14 12:31:07', NULL, 1);
INSERT INTO `apartment_fee_value` VALUES (87, 10, 17, '2023-08-14 12:31:07', NULL, 1);
INSERT INTO `apartment_fee_value` VALUES (88, 10, 21, '2023-08-14 12:31:07', NULL, 1);
INSERT INTO `apartment_fee_value` VALUES (89, 9, 2, '2023-08-19 15:44:26', NULL, 1);
INSERT INTO `apartment_fee_value` VALUES (90, 9, 5, '2023-08-19 15:44:26', NULL, 1);
INSERT INTO `apartment_fee_value` VALUES (91, 9, 13, '2023-08-19 15:44:26', NULL, 1);
INSERT INTO `apartment_fee_value` VALUES (92, 9, 16, '2023-08-19 15:44:26', NULL, 1);
INSERT INTO `apartment_fee_value` VALUES (93, 9, 21, '2023-08-19 15:44:26', NULL, 1);
INSERT INTO `apartment_fee_value` VALUES (94, 10, 2, '2023-08-19 15:44:50', NULL, 1);
INSERT INTO `apartment_fee_value` VALUES (95, 10, 6, '2023-08-19 15:44:50', NULL, 1);
INSERT INTO `apartment_fee_value` VALUES (96, 10, 14, '2023-08-19 15:44:50', NULL, 1);
INSERT INTO `apartment_fee_value` VALUES (97, 10, 17, '2023-08-19 15:44:50', NULL, 1);
INSERT INTO `apartment_fee_value` VALUES (98, 10, 21, '2023-08-19 15:44:50', NULL, 1);
INSERT INTO `apartment_fee_value` VALUES (99, 9, 2, '2026-02-26 15:39:44', NULL, 1);
INSERT INTO `apartment_fee_value` VALUES (100, 9, 5, '2026-02-26 15:39:44', NULL, 1);
INSERT INTO `apartment_fee_value` VALUES (101, 9, 13, '2026-02-26 15:39:44', NULL, 1);
INSERT INTO `apartment_fee_value` VALUES (102, 9, 16, '2026-02-26 15:39:44', NULL, 1);
INSERT INTO `apartment_fee_value` VALUES (103, 9, 21, '2026-02-26 15:39:44', NULL, 1);
INSERT INTO `apartment_fee_value` VALUES (167, 19, 16, '2026-03-14 16:13:16', '2026-03-14 16:13:16', 1);
INSERT INTO `apartment_fee_value` VALUES (168, 19, 14, '2026-03-14 16:13:16', '2026-03-14 16:13:16', 1);
INSERT INTO `apartment_fee_value` VALUES (169, 20, 17, '2026-03-14 16:13:16', '2026-03-14 16:13:16', 1);
INSERT INTO `apartment_fee_value` VALUES (170, 20, 14, '2026-03-14 16:13:16', '2026-03-14 16:13:16', 1);
INSERT INTO `apartment_fee_value` VALUES (171, 21, 18, '2026-03-14 16:13:16', '2026-03-14 16:13:16', 1);
INSERT INTO `apartment_fee_value` VALUES (172, 21, 15, '2026-03-14 16:13:16', '2026-03-14 16:13:16', 1);
INSERT INTO `apartment_fee_value` VALUES (173, 22, 20, '2026-03-14 16:13:16', '2026-03-14 16:13:16', 1);
INSERT INTO `apartment_fee_value` VALUES (174, 22, 13, '2026-03-14 16:13:16', '2026-03-14 16:13:16', 1);
INSERT INTO `apartment_fee_value` VALUES (175, 23, 21, '2026-03-14 16:13:16', '2026-03-14 16:13:16', 1);
INSERT INTO `apartment_fee_value` VALUES (176, 23, 14, '2026-03-14 16:13:16', '2026-03-14 16:13:16', 1);
INSERT INTO `apartment_fee_value` VALUES (182, 9, 2, '2026-03-15 17:23:33', NULL, 1);
INSERT INTO `apartment_fee_value` VALUES (183, 9, 5, '2026-03-15 17:23:33', NULL, 1);
INSERT INTO `apartment_fee_value` VALUES (184, 9, 13, '2026-03-15 17:23:33', NULL, 1);
INSERT INTO `apartment_fee_value` VALUES (185, 9, 16, '2026-03-15 17:23:33', NULL, 1);
INSERT INTO `apartment_fee_value` VALUES (186, 9, 21, '2026-03-15 17:23:33', NULL, 1);
INSERT INTO `apartment_fee_value` VALUES (187, 9, 2, '2026-03-15 17:42:53', NULL, 1);
INSERT INTO `apartment_fee_value` VALUES (188, 9, 5, '2026-03-15 17:42:53', NULL, 1);
INSERT INTO `apartment_fee_value` VALUES (189, 9, 13, '2026-03-15 17:42:53', NULL, 1);
INSERT INTO `apartment_fee_value` VALUES (190, 9, 16, '2026-03-15 17:42:53', NULL, 1);
INSERT INTO `apartment_fee_value` VALUES (191, 9, 21, '2026-03-15 17:42:53', NULL, 1);
INSERT INTO `apartment_fee_value` VALUES (192, 9, 2, '2026-03-15 18:15:51', NULL, 1);
INSERT INTO `apartment_fee_value` VALUES (193, 9, 5, '2026-03-15 18:15:51', NULL, 1);
INSERT INTO `apartment_fee_value` VALUES (194, 9, 13, '2026-03-15 18:15:51', NULL, 1);
INSERT INTO `apartment_fee_value` VALUES (195, 9, 16, '2026-03-15 18:15:51', NULL, 1);
INSERT INTO `apartment_fee_value` VALUES (196, 9, 21, '2026-03-15 18:15:51', NULL, 1);
INSERT INTO `apartment_fee_value` VALUES (197, 9, 2, '2026-03-16 16:08:13', NULL, 0);
INSERT INTO `apartment_fee_value` VALUES (198, 9, 5, '2026-03-16 16:08:13', NULL, 0);
INSERT INTO `apartment_fee_value` VALUES (199, 9, 13, '2026-03-16 16:08:13', NULL, 0);
INSERT INTO `apartment_fee_value` VALUES (200, 9, 16, '2026-03-16 16:08:13', NULL, 0);
INSERT INTO `apartment_fee_value` VALUES (201, 9, 21, '2026-03-16 16:08:13', NULL, 0);
INSERT INTO `apartment_fee_value` VALUES (202, 10, 2, '2026-03-16 16:09:23', NULL, 0);
INSERT INTO `apartment_fee_value` VALUES (203, 10, 6, '2026-03-16 16:09:23', NULL, 0);
INSERT INTO `apartment_fee_value` VALUES (204, 10, 14, '2026-03-16 16:09:23', NULL, 0);
INSERT INTO `apartment_fee_value` VALUES (205, 10, 17, '2026-03-16 16:09:23', NULL, 0);
INSERT INTO `apartment_fee_value` VALUES (206, 10, 21, '2026-03-16 16:09:23', NULL, 0);
INSERT INTO `apartment_fee_value` VALUES (207, 19, 14, '2026-03-16 16:10:52', NULL, 0);
INSERT INTO `apartment_fee_value` VALUES (208, 19, 16, '2026-03-16 16:10:52', NULL, 0);
INSERT INTO `apartment_fee_value` VALUES (209, 20, 14, '2026-03-16 16:13:10', NULL, 0);
INSERT INTO `apartment_fee_value` VALUES (210, 20, 17, '2026-03-16 16:13:10', NULL, 0);
INSERT INTO `apartment_fee_value` VALUES (211, 21, 15, '2026-03-16 16:14:35', NULL, 0);
INSERT INTO `apartment_fee_value` VALUES (212, 21, 18, '2026-03-16 16:14:35', NULL, 0);
INSERT INTO `apartment_fee_value` VALUES (213, 22, 13, '2026-03-16 16:15:21', NULL, 0);
INSERT INTO `apartment_fee_value` VALUES (214, 22, 20, '2026-03-16 16:15:21', NULL, 0);
INSERT INTO `apartment_fee_value` VALUES (215, 23, 14, '2026-03-16 16:16:27', NULL, 0);
INSERT INTO `apartment_fee_value` VALUES (216, 23, 21, '2026-03-16 16:16:27', NULL, 0);

-- ----------------------------
-- Table structure for apartment_info
-- ----------------------------
DROP TABLE IF EXISTS `apartment_info`;
CREATE TABLE `apartment_info`  (
  `id` bigint(20) NOT NULL AUTO_INCREMENT COMMENT '公寓id',
  `name` varchar(64) CHARACTER SET utf8mb4 COLLATE utf8mb4_general_ci NULL DEFAULT NULL COMMENT '公寓名称',
  `introduction` varchar(255) CHARACTER SET utf8mb4 COLLATE utf8mb4_general_ci NULL DEFAULT NULL COMMENT '公寓介绍',
  `district_id` bigint(20) NULL DEFAULT NULL COMMENT '所处区域id',
  `district_name` varchar(16) CHARACTER SET utf8mb4 COLLATE utf8mb4_general_ci NULL DEFAULT NULL COMMENT '区域名称',
  `city_id` bigint(20) NULL DEFAULT NULL COMMENT '所处城市id',
  `city_name` varchar(16) CHARACTER SET utf8mb4 COLLATE utf8mb4_general_ci NULL DEFAULT NULL COMMENT '城市名称',
  `province_id` bigint(20) NULL DEFAULT NULL COMMENT '所处省份id',
  `province_name` varchar(16) CHARACTER SET utf8mb4 COLLATE utf8mb4_general_ci NULL DEFAULT NULL COMMENT '省份名称',
  `address_detail` varchar(255) CHARACTER SET utf8mb4 COLLATE utf8mb4_general_ci NULL DEFAULT NULL COMMENT '详细地址',
  `latitude` varchar(16) CHARACTER SET utf8mb4 COLLATE utf8mb4_general_ci NULL DEFAULT NULL COMMENT '经度',
  `longitude` varchar(16) CHARACTER SET utf8mb4 COLLATE utf8mb4_general_ci NULL DEFAULT NULL COMMENT '纬度',
  `phone` varchar(11) CHARACTER SET utf8mb4 COLLATE utf8mb4_general_ci NULL DEFAULT NULL COMMENT '公寓前台电话',
  `is_release` tinyint(4) NULL DEFAULT NULL COMMENT '是否发布（1:发布，0:未发布）',
  `create_time` timestamp NULL DEFAULT NULL COMMENT '创建时间',
  `update_time` timestamp NULL DEFAULT NULL COMMENT '更新时间',
  `is_deleted` tinyint(4) NULL DEFAULT 0 COMMENT '是否删除',
  PRIMARY KEY (`id`) USING BTREE
) ENGINE = InnoDB AUTO_INCREMENT = 26 CHARACTER SET = utf8mb4 COLLATE = utf8mb4_general_ci COMMENT = '公寓信息表' ROW_FORMAT = Dynamic;

-- ----------------------------
-- Records of apartment_info
-- ----------------------------
INSERT INTO `apartment_info` VALUES (9, '温都水城社区', '这是一座现代化公寓，位于城市中心，拥有多种户型，从舒适的一居室到宽敞的三居室。设施齐全，配备现代厨房、设施完备的健身房和社交区。公寓内部设计时尚精致，大窗户带来充足自然光线，俯瞰城市美景。24小时安保、智能门禁系统和停车位，确保居民安全与便利。步行可至购物中心、餐厅和公共交通站点，提供舒适便捷的城市生活体验。', 110114, '昌平区', 1101, '市辖区', 11, '北京市', '北京市昌平区温都水城北七家镇王府街55号', '40.103976', '116.370825', '1234567788', 1, '2023-06-20 09:13:52', '2026-03-16 16:08:13', 0);
INSERT INTO `apartment_info` VALUES (10, '回龙观社区', '这是一座现代化公寓，位于城市中心，拥有多种户型，从舒适的一居室到宽敞的三居室。设施齐全，配备现代厨房、设施完备的健身房和社交区。公寓内部设计时尚精致，大窗户带来充足自然光线，俯瞰城市美景。24小时安保、智能门禁系统和停车位，确保居民安全与便利。步行可至购物中心、餐厅和公共交通站点，提供舒适便捷的城市生活体验。', 110114, '昌平区', 1101, '市辖区', 11, '北京市', '北京市昌平区回龙观东大街地铁站B东北口8号线', '40.081628', '116.363725', '12345678', 1, '2023-06-21 10:17:59', '2026-03-16 16:09:22', 0);
INSERT INTO `apartment_info` VALUES (11, '温都水城社区', '这是一座现代化公寓，位于城市中心，拥有多种户型，从舒适的一居室到宽敞的三居室。设施齐全，配备现代厨房、设施完备的健身房和社交区。公寓内部设计时尚精致，大窗户带来充足自然光线，俯瞰城市美景。24小时安保、智能门禁系统和停车位，确保居民安全与便利。步行可至购物中心、餐厅和公共交通站点，提供舒适便捷的城市生活体验。', 110114, '昌平区', 1101, '市辖区', 11, '北京市', '北京市昌平区温都水城北七家镇王府街55号', '40.103976', '116.370825', '1234567788', 1, '2026-02-06 15:33:50', '2026-02-06 15:34:37', 1);
INSERT INTO `apartment_info` VALUES (19, '星河青年公寓·北七家', '位于昌平北七家，适合前后台房源列表、详情、筛选与联调使用，配套完整，交通便利。', 110114, '昌平区', 1101, '市辖区', 11, '北京市', '北京市昌平区北七家镇定泗路88号', '40.116521', '116.417332', '13900010011', 1, '2026-03-14 16:13:16', '2026-03-16 16:10:52', 0);
INSERT INTO `apartment_info` VALUES (20, '云栖公寓·回龙观东区', '位于回龙观东区，适合前后台房源列表、详情、筛选与联调使用，配套完整，交通便利。', 110114, '昌平区', 1101, '市辖区', 11, '北京市', '北京市昌平区回龙观东大街19号院', '40.081203', '116.363011', '13900010012', 1, '2026-03-14 16:13:16', '2026-03-16 16:13:09', 0);
INSERT INTO `apartment_info` VALUES (21, '松间公寓·沙河学府', '位于沙河学府板块，适合前后台房源列表、详情、筛选与联调使用，配套完整，交通便利。', 110114, '昌平区', 1101, '市辖区', 11, '北京市', '北京市昌平区沙河高教园南一街6号', '40.159842', '116.280341', '13900010013', 1, '2026-03-14 16:13:16', '2026-03-16 16:14:34', 0);
INSERT INTO `apartment_info` VALUES (22, '澄园公寓·生命科学园', '位于生命科学园，适合前后台房源列表、详情、筛选与联调使用，配套完整，交通便利。', 110114, '昌平区', 1101, '市辖区', 11, '北京市', '北京市昌平区生命科学园路27号', '40.104137', '116.310214', '13900010014', 1, '2026-03-14 16:13:16', '2026-03-16 16:15:20', 0);
INSERT INTO `apartment_info` VALUES (23, '远望公寓·未来科学城', '位于未来科学城，适合前后台房源列表、详情、筛选与联调使用，配套完整，交通便利。', 110114, '昌平区', 1101, '市辖区', 11, '北京市', '北京市昌平区未来科学城滨河大道9号', '40.126532', '116.501284', '13900010015', 1, '2026-03-14 16:13:16', '2026-03-16 16:16:27', 0);

-- ----------------------------
-- Table structure for apartment_label
-- ----------------------------
DROP TABLE IF EXISTS `apartment_label`;
CREATE TABLE `apartment_label`  (
  `id` bigint(20) NOT NULL AUTO_INCREMENT,
  `apartment_id` bigint(20) NULL DEFAULT NULL COMMENT '公寓id',
  `label_id` bigint(20) NULL DEFAULT NULL COMMENT '标签id',
  `create_time` timestamp NULL DEFAULT NULL COMMENT '创建时间',
  `update_time` timestamp NULL DEFAULT NULL COMMENT '更新时间',
  `is_deleted` tinyint(4) NULL DEFAULT 0 COMMENT '是否删除',
  PRIMARY KEY (`id`) USING BTREE
) ENGINE = InnoDB AUTO_INCREMENT = 248 CHARACTER SET = utf8mb4 COLLATE = utf8mb4_general_ci COMMENT = '公寓标签关联表' ROW_FORMAT = Dynamic;

-- ----------------------------
-- Records of apartment_label
-- ----------------------------
INSERT INTO `apartment_label` VALUES (30, 4, 2, '2023-06-19 23:20:06', NULL, 1);
INSERT INTO `apartment_label` VALUES (31, 4, 3, '2023-06-19 23:20:06', NULL, 1);
INSERT INTO `apartment_label` VALUES (32, 4, 2, '2023-06-19 23:21:42', NULL, 1);
INSERT INTO `apartment_label` VALUES (33, 4, 3, '2023-06-19 23:21:42', NULL, 1);
INSERT INTO `apartment_label` VALUES (34, 5, 2, '2023-06-20 08:47:57', NULL, 1);
INSERT INTO `apartment_label` VALUES (35, 5, 3, '2023-06-20 08:47:57', NULL, 1);
INSERT INTO `apartment_label` VALUES (36, 6, 2, '2023-06-20 08:53:00', NULL, 1);
INSERT INTO `apartment_label` VALUES (37, 6, 3, '2023-06-20 08:53:00', NULL, 1);
INSERT INTO `apartment_label` VALUES (38, 7, 2, '2023-06-20 08:53:35', NULL, 1);
INSERT INTO `apartment_label` VALUES (39, 7, 3, '2023-06-20 08:53:35', NULL, 1);
INSERT INTO `apartment_label` VALUES (40, 8, 2, '2023-06-20 08:53:59', NULL, 1);
INSERT INTO `apartment_label` VALUES (41, 8, 3, '2023-06-20 08:53:59', NULL, 1);
INSERT INTO `apartment_label` VALUES (42, 8, 2, '2023-06-20 08:54:30', NULL, 1);
INSERT INTO `apartment_label` VALUES (43, 8, 3, '2023-06-20 08:54:30', NULL, 1);
INSERT INTO `apartment_label` VALUES (44, 9, 2, '2023-06-20 09:13:52', NULL, 1);
INSERT INTO `apartment_label` VALUES (45, 9, 3, '2023-06-20 09:13:52', NULL, 1);
INSERT INTO `apartment_label` VALUES (46, 9, 2, '2023-06-20 09:15:41', NULL, 1);
INSERT INTO `apartment_label` VALUES (47, 9, 3, '2023-06-20 09:15:41', NULL, 1);
INSERT INTO `apartment_label` VALUES (48, 9, 2, '2023-06-20 10:15:43', NULL, 1);
INSERT INTO `apartment_label` VALUES (49, 9, 3, '2023-06-20 10:15:43', NULL, 1);
INSERT INTO `apartment_label` VALUES (50, 9, 2, '2023-06-20 10:17:44', NULL, 1);
INSERT INTO `apartment_label` VALUES (51, 9, 3, '2023-06-20 10:17:44', NULL, 1);
INSERT INTO `apartment_label` VALUES (52, 10, 1, '2023-06-21 10:17:59', NULL, 1);
INSERT INTO `apartment_label` VALUES (53, 10, 2, '2023-06-21 10:17:59', NULL, 1);
INSERT INTO `apartment_label` VALUES (54, 10, 3, '2023-06-21 10:17:59', NULL, 1);
INSERT INTO `apartment_label` VALUES (55, 10, 4, '2023-06-21 10:17:59', NULL, 1);
INSERT INTO `apartment_label` VALUES (56, 11, 1, '2023-06-21 10:19:46', NULL, 1);
INSERT INTO `apartment_label` VALUES (57, 11, 2, '2023-06-21 10:19:46', NULL, 1);
INSERT INTO `apartment_label` VALUES (58, 11, 3, '2023-06-21 10:19:46', NULL, 1);
INSERT INTO `apartment_label` VALUES (59, 11, 4, '2023-06-21 10:19:46', NULL, 1);
INSERT INTO `apartment_label` VALUES (60, 10, 1, '2023-06-21 10:21:36', NULL, 1);
INSERT INTO `apartment_label` VALUES (61, 10, 2, '2023-06-21 10:21:36', NULL, 1);
INSERT INTO `apartment_label` VALUES (62, 10, 4, '2023-06-21 10:21:36', NULL, 1);
INSERT INTO `apartment_label` VALUES (63, 10, 1, '2023-06-21 10:22:10', NULL, 1);
INSERT INTO `apartment_label` VALUES (64, 10, 2, '2023-06-21 10:22:10', NULL, 1);
INSERT INTO `apartment_label` VALUES (65, 10, 4, '2023-06-21 10:22:10', NULL, 1);
INSERT INTO `apartment_label` VALUES (66, 9, 1, '2023-07-18 16:29:05', NULL, 1);
INSERT INTO `apartment_label` VALUES (67, 9, 2, '2023-07-18 16:29:05', NULL, 1);
INSERT INTO `apartment_label` VALUES (68, 9, 3, '2023-07-18 16:29:05', NULL, 1);
INSERT INTO `apartment_label` VALUES (69, 9, 4, '2023-07-18 16:29:05', NULL, 1);
INSERT INTO `apartment_label` VALUES (70, 10, 1, '2023-07-18 16:30:04', NULL, 1);
INSERT INTO `apartment_label` VALUES (71, 10, 2, '2023-07-18 16:30:04', NULL, 1);
INSERT INTO `apartment_label` VALUES (72, 10, 4, '2023-07-18 16:30:04', NULL, 1);
INSERT INTO `apartment_label` VALUES (73, 9, 1, '2023-07-22 10:44:44', NULL, 1);
INSERT INTO `apartment_label` VALUES (74, 9, 2, '2023-07-22 10:44:44', NULL, 1);
INSERT INTO `apartment_label` VALUES (75, 9, 3, '2023-07-22 10:44:44', NULL, 1);
INSERT INTO `apartment_label` VALUES (76, 9, 4, '2023-07-22 10:44:44', NULL, 1);
INSERT INTO `apartment_label` VALUES (77, 9, 1, '2023-07-22 13:52:19', NULL, 1);
INSERT INTO `apartment_label` VALUES (78, 9, 2, '2023-07-22 13:52:19', NULL, 1);
INSERT INTO `apartment_label` VALUES (79, 9, 3, '2023-07-22 13:52:19', NULL, 1);
INSERT INTO `apartment_label` VALUES (80, 9, 4, '2023-07-22 13:52:19', NULL, 1);
INSERT INTO `apartment_label` VALUES (81, 9, 1, '2023-08-10 18:52:30', NULL, 1);
INSERT INTO `apartment_label` VALUES (82, 9, 2, '2023-08-10 18:52:30', NULL, 1);
INSERT INTO `apartment_label` VALUES (83, 9, 3, '2023-08-10 18:52:30', NULL, 1);
INSERT INTO `apartment_label` VALUES (84, 9, 4, '2023-08-10 18:52:30', NULL, 1);
INSERT INTO `apartment_label` VALUES (85, 10, 1, '2023-08-10 18:53:11', NULL, 1);
INSERT INTO `apartment_label` VALUES (86, 10, 2, '2023-08-10 18:53:11', NULL, 1);
INSERT INTO `apartment_label` VALUES (87, 10, 4, '2023-08-10 18:53:11', NULL, 1);
INSERT INTO `apartment_label` VALUES (88, 9, 1, '2023-08-14 00:04:56', NULL, 1);
INSERT INTO `apartment_label` VALUES (89, 9, 2, '2023-08-14 00:04:56', NULL, 1);
INSERT INTO `apartment_label` VALUES (90, 9, 3, '2023-08-14 00:04:56', NULL, 1);
INSERT INTO `apartment_label` VALUES (91, 9, 4, '2023-08-14 00:04:56', NULL, 1);
INSERT INTO `apartment_label` VALUES (92, 10, 1, '2023-08-14 00:05:06', NULL, 1);
INSERT INTO `apartment_label` VALUES (93, 10, 2, '2023-08-14 00:05:06', NULL, 1);
INSERT INTO `apartment_label` VALUES (94, 10, 4, '2023-08-14 00:05:06', NULL, 1);
INSERT INTO `apartment_label` VALUES (95, 9, 1, '2023-08-14 00:13:51', NULL, 1);
INSERT INTO `apartment_label` VALUES (96, 9, 2, '2023-08-14 00:13:51', NULL, 1);
INSERT INTO `apartment_label` VALUES (97, 9, 3, '2023-08-14 00:13:51', NULL, 1);
INSERT INTO `apartment_label` VALUES (98, 9, 4, '2023-08-14 00:13:51', NULL, 1);
INSERT INTO `apartment_label` VALUES (99, 10, 1, '2023-08-14 00:13:56', NULL, 1);
INSERT INTO `apartment_label` VALUES (100, 10, 2, '2023-08-14 00:13:56', NULL, 1);
INSERT INTO `apartment_label` VALUES (101, 10, 4, '2023-08-14 00:13:56', NULL, 1);
INSERT INTO `apartment_label` VALUES (102, 9, 1, '2023-08-14 11:31:25', NULL, 1);
INSERT INTO `apartment_label` VALUES (103, 9, 2, '2023-08-14 11:31:25', NULL, 1);
INSERT INTO `apartment_label` VALUES (104, 9, 3, '2023-08-14 11:31:25', NULL, 1);
INSERT INTO `apartment_label` VALUES (105, 9, 4, '2023-08-14 11:31:25', NULL, 1);
INSERT INTO `apartment_label` VALUES (106, 10, 1, '2023-08-14 11:36:35', NULL, 1);
INSERT INTO `apartment_label` VALUES (107, 10, 2, '2023-08-14 11:36:35', NULL, 1);
INSERT INTO `apartment_label` VALUES (108, 10, 4, '2023-08-14 11:36:35', NULL, 1);
INSERT INTO `apartment_label` VALUES (109, 10, 1, '2023-08-14 11:36:59', NULL, 1);
INSERT INTO `apartment_label` VALUES (110, 10, 2, '2023-08-14 11:36:59', NULL, 1);
INSERT INTO `apartment_label` VALUES (111, 10, 4, '2023-08-14 11:36:59', NULL, 1);
INSERT INTO `apartment_label` VALUES (112, 9, 1, '2023-08-14 11:40:47', NULL, 1);
INSERT INTO `apartment_label` VALUES (113, 9, 2, '2023-08-14 11:40:47', NULL, 1);
INSERT INTO `apartment_label` VALUES (114, 9, 3, '2023-08-14 11:40:47', NULL, 1);
INSERT INTO `apartment_label` VALUES (115, 9, 4, '2023-08-14 11:40:47', NULL, 1);
INSERT INTO `apartment_label` VALUES (116, 10, 1, '2023-08-14 11:45:22', NULL, 1);
INSERT INTO `apartment_label` VALUES (117, 10, 2, '2023-08-14 11:45:22', NULL, 1);
INSERT INTO `apartment_label` VALUES (118, 10, 4, '2023-08-14 11:45:22', NULL, 1);
INSERT INTO `apartment_label` VALUES (119, 9, 1, '2023-08-14 11:55:11', NULL, 1);
INSERT INTO `apartment_label` VALUES (120, 9, 2, '2023-08-14 11:55:11', NULL, 1);
INSERT INTO `apartment_label` VALUES (121, 9, 3, '2023-08-14 11:55:11', NULL, 1);
INSERT INTO `apartment_label` VALUES (122, 9, 4, '2023-08-14 11:55:11', NULL, 1);
INSERT INTO `apartment_label` VALUES (123, 9, 1, '2023-08-14 12:30:55', NULL, 1);
INSERT INTO `apartment_label` VALUES (124, 9, 2, '2023-08-14 12:30:55', NULL, 1);
INSERT INTO `apartment_label` VALUES (125, 9, 3, '2023-08-14 12:30:55', NULL, 1);
INSERT INTO `apartment_label` VALUES (126, 9, 4, '2023-08-14 12:30:55', NULL, 1);
INSERT INTO `apartment_label` VALUES (127, 10, 1, '2023-08-14 12:31:07', NULL, 1);
INSERT INTO `apartment_label` VALUES (128, 10, 2, '2023-08-14 12:31:07', NULL, 1);
INSERT INTO `apartment_label` VALUES (129, 10, 4, '2023-08-14 12:31:07', NULL, 1);
INSERT INTO `apartment_label` VALUES (130, 9, 1, '2023-08-19 15:44:26', NULL, 1);
INSERT INTO `apartment_label` VALUES (131, 9, 2, '2023-08-19 15:44:26', NULL, 1);
INSERT INTO `apartment_label` VALUES (132, 9, 3, '2023-08-19 15:44:26', NULL, 1);
INSERT INTO `apartment_label` VALUES (133, 9, 4, '2023-08-19 15:44:26', NULL, 1);
INSERT INTO `apartment_label` VALUES (134, 10, 1, '2023-08-19 15:44:50', NULL, 1);
INSERT INTO `apartment_label` VALUES (135, 10, 2, '2023-08-19 15:44:50', NULL, 1);
INSERT INTO `apartment_label` VALUES (136, 10, 4, '2023-08-19 15:44:50', NULL, 1);
INSERT INTO `apartment_label` VALUES (137, 9, 1, '2026-02-26 15:39:44', NULL, 1);
INSERT INTO `apartment_label` VALUES (138, 9, 2, '2026-02-26 15:39:44', NULL, 1);
INSERT INTO `apartment_label` VALUES (139, 9, 3, '2026-02-26 15:39:44', NULL, 1);
INSERT INTO `apartment_label` VALUES (140, 9, 4, '2026-02-26 15:39:44', NULL, 1);
INSERT INTO `apartment_label` VALUES (204, 19, 3, '2026-03-14 16:13:16', '2026-03-14 16:13:16', 1);
INSERT INTO `apartment_label` VALUES (205, 19, 1, '2026-03-14 16:13:16', '2026-03-14 16:13:16', 1);
INSERT INTO `apartment_label` VALUES (206, 20, 2, '2026-03-14 16:13:16', '2026-03-14 16:13:16', 1);
INSERT INTO `apartment_label` VALUES (207, 20, 1, '2026-03-14 16:13:16', '2026-03-14 16:13:16', 1);
INSERT INTO `apartment_label` VALUES (208, 21, 4, '2026-03-14 16:13:16', '2026-03-14 16:13:16', 1);
INSERT INTO `apartment_label` VALUES (209, 21, 2, '2026-03-14 16:13:16', '2026-03-14 16:13:16', 1);
INSERT INTO `apartment_label` VALUES (210, 22, 4, '2026-03-14 16:13:16', '2026-03-14 16:13:16', 1);
INSERT INTO `apartment_label` VALUES (211, 22, 1, '2026-03-14 16:13:16', '2026-03-14 16:13:16', 1);
INSERT INTO `apartment_label` VALUES (212, 23, 2, '2026-03-14 16:13:16', '2026-03-14 16:13:16', 1);
INSERT INTO `apartment_label` VALUES (213, 23, 1, '2026-03-14 16:13:16', '2026-03-14 16:13:16', 1);
INSERT INTO `apartment_label` VALUES (219, 9, 1, '2026-03-15 17:23:32', NULL, 1);
INSERT INTO `apartment_label` VALUES (220, 9, 2, '2026-03-15 17:23:32', NULL, 1);
INSERT INTO `apartment_label` VALUES (221, 9, 3, '2026-03-15 17:23:32', NULL, 1);
INSERT INTO `apartment_label` VALUES (222, 9, 4, '2026-03-15 17:23:32', NULL, 1);
INSERT INTO `apartment_label` VALUES (223, 9, 1, '2026-03-15 17:42:53', NULL, 1);
INSERT INTO `apartment_label` VALUES (224, 9, 2, '2026-03-15 17:42:53', NULL, 1);
INSERT INTO `apartment_label` VALUES (225, 9, 3, '2026-03-15 17:42:53', NULL, 1);
INSERT INTO `apartment_label` VALUES (226, 9, 4, '2026-03-15 17:42:53', NULL, 1);
INSERT INTO `apartment_label` VALUES (227, 9, 1, '2026-03-15 18:15:51', NULL, 1);
INSERT INTO `apartment_label` VALUES (228, 9, 2, '2026-03-15 18:15:51', NULL, 1);
INSERT INTO `apartment_label` VALUES (229, 9, 3, '2026-03-15 18:15:51', NULL, 1);
INSERT INTO `apartment_label` VALUES (230, 9, 4, '2026-03-15 18:15:51', NULL, 1);
INSERT INTO `apartment_label` VALUES (231, 9, 1, '2026-03-16 16:08:13', NULL, 0);
INSERT INTO `apartment_label` VALUES (232, 9, 2, '2026-03-16 16:08:13', NULL, 0);
INSERT INTO `apartment_label` VALUES (233, 9, 3, '2026-03-16 16:08:13', NULL, 0);
INSERT INTO `apartment_label` VALUES (234, 9, 4, '2026-03-16 16:08:13', NULL, 0);
INSERT INTO `apartment_label` VALUES (235, 10, 1, '2026-03-16 16:09:23', NULL, 0);
INSERT INTO `apartment_label` VALUES (236, 10, 2, '2026-03-16 16:09:23', NULL, 0);
INSERT INTO `apartment_label` VALUES (237, 10, 4, '2026-03-16 16:09:23', NULL, 0);
INSERT INTO `apartment_label` VALUES (238, 19, 1, '2026-03-16 16:10:52', NULL, 0);
INSERT INTO `apartment_label` VALUES (239, 19, 3, '2026-03-16 16:10:52', NULL, 0);
INSERT INTO `apartment_label` VALUES (240, 20, 1, '2026-03-16 16:13:10', NULL, 0);
INSERT INTO `apartment_label` VALUES (241, 20, 2, '2026-03-16 16:13:10', NULL, 0);
INSERT INTO `apartment_label` VALUES (242, 21, 2, '2026-03-16 16:14:34', NULL, 0);
INSERT INTO `apartment_label` VALUES (243, 21, 4, '2026-03-16 16:14:34', NULL, 0);
INSERT INTO `apartment_label` VALUES (244, 22, 1, '2026-03-16 16:15:20', NULL, 0);
INSERT INTO `apartment_label` VALUES (245, 22, 4, '2026-03-16 16:15:20', NULL, 0);
INSERT INTO `apartment_label` VALUES (246, 23, 1, '2026-03-16 16:16:27', NULL, 0);
INSERT INTO `apartment_label` VALUES (247, 23, 2, '2026-03-16 16:16:27', NULL, 0);

-- ----------------------------
-- Table structure for attr_key
-- ----------------------------
DROP TABLE IF EXISTS `attr_key`;
CREATE TABLE `attr_key`  (
  `id` bigint(20) NOT NULL AUTO_INCREMENT,
  `name` varchar(16) CHARACTER SET utf8mb4 COLLATE utf8mb4_general_ci NULL DEFAULT NULL COMMENT '属性key',
  `create_time` timestamp NULL DEFAULT NULL COMMENT '创建时间',
  `update_time` timestamp NULL DEFAULT NULL COMMENT '更新时间',
  `is_deleted` tinyint(4) NULL DEFAULT 0 COMMENT '是否删除',
  PRIMARY KEY (`id`) USING BTREE
) ENGINE = InnoDB AUTO_INCREMENT = 11 CHARACTER SET = utf8mb4 COLLATE = utf8mb4_general_ci COMMENT = '房间基本属性表' ROW_FORMAT = Dynamic;

-- ----------------------------
-- Records of attr_key
-- ----------------------------
INSERT INTO `attr_key` VALUES (1, '面积', '2023-06-19 01:43:37', '2023-06-19 02:20:01', 1);
INSERT INTO `attr_key` VALUES (2, '朝向', '2023-06-19 02:06:12', '2023-06-21 10:10:57', 1);
INSERT INTO `attr_key` VALUES (3, '户型', '2023-06-19 02:20:53', '2023-06-19 02:31:14', 1);
INSERT INTO `attr_key` VALUES (4, '户型', '2023-06-19 02:36:20', '2023-06-19 02:36:40', 1);
INSERT INTO `attr_key` VALUES (5, '户型', '2023-06-21 10:09:18', NULL, 0);
INSERT INTO `attr_key` VALUES (6, '面积', '2023-07-22 11:55:41', '2023-07-22 11:58:31', 1);
INSERT INTO `attr_key` VALUES (7, '面积', '2023-07-22 11:58:50', NULL, 0);
INSERT INTO `attr_key` VALUES (8, '朝向', '2023-08-10 15:21:50', '2023-08-10 15:22:04', 0);
INSERT INTO `attr_key` VALUES (9, '采光', '2023-08-10 18:46:45', NULL, 0);
INSERT INTO `attr_key` VALUES (10, '卫所', '2023-08-10 18:47:36', '2023-08-14 00:11:57', 0);

-- ----------------------------
-- Table structure for attr_value
-- ----------------------------
DROP TABLE IF EXISTS `attr_value`;
CREATE TABLE `attr_value`  (
  `id` bigint(20) NOT NULL AUTO_INCREMENT,
  `name` varchar(16) CHARACTER SET utf8mb4 COLLATE utf8mb4_general_ci NULL DEFAULT NULL COMMENT '属性value',
  `attr_key_id` bigint(20) NULL DEFAULT NULL COMMENT '对应的属性key_id',
  `create_time` timestamp NULL DEFAULT NULL COMMENT '创建时间',
  `update_time` timestamp NULL DEFAULT NULL COMMENT '修改时间',
  `is_deleted` tinyint(4) NULL DEFAULT 0 COMMENT '是否删除',
  PRIMARY KEY (`id`) USING BTREE
) ENGINE = InnoDB AUTO_INCREMENT = 33 CHARACTER SET = utf8mb4 COLLATE = utf8mb4_general_ci COMMENT = '房间基本属性值表' ROW_FORMAT = Dynamic;

-- ----------------------------
-- Records of attr_value
-- ----------------------------
INSERT INTO `attr_value` VALUES (1, '20平', 1, '2023-06-19 01:44:17', '2023-06-19 02:20:01', 1);
INSERT INTO `attr_value` VALUES (2, '25平', 1, '2023-06-19 01:44:23', '2023-06-19 02:20:01', 1);
INSERT INTO `attr_value` VALUES (3, '30平', 1, '2023-06-19 01:44:28', '2023-06-19 02:20:01', 1);
INSERT INTO `attr_value` VALUES (4, '朝南', 2, '2023-06-19 02:06:42', NULL, 1);
INSERT INTO `attr_value` VALUES (5, '朝北', 2, '2023-06-19 02:06:48', NULL, 1);
INSERT INTO `attr_value` VALUES (6, '朝西', 2, '2023-06-19 02:06:53', '2023-06-21 10:10:46', 1);
INSERT INTO `attr_value` VALUES (7, '朝东', 2, '2023-06-19 02:06:58', '2023-06-19 02:14:26', 1);
INSERT INTO `attr_value` VALUES (8, '一室一厅', 5, '2023-06-21 10:09:50', NULL, 0);
INSERT INTO `attr_value` VALUES (9, '两室一厅', 5, '2023-06-21 10:09:56', NULL, 0);
INSERT INTO `attr_value` VALUES (10, '三室一厅', 5, '2023-06-21 10:10:02', NULL, 0);
INSERT INTO `attr_value` VALUES (11, '25平', 6, '2023-07-22 11:55:58', NULL, 1);
INSERT INTO `attr_value` VALUES (12, '30平', 6, '2023-07-22 11:56:05', NULL, 1);
INSERT INTO `attr_value` VALUES (13, '40平', 6, '2023-07-22 11:56:11', NULL, 1);
INSERT INTO `attr_value` VALUES (14, '20平', 7, '2023-07-22 11:56:19', NULL, 1);
INSERT INTO `attr_value` VALUES (15, '25平', 7, '2023-07-22 11:58:58', NULL, 0);
INSERT INTO `attr_value` VALUES (16, '35平', 7, '2023-07-22 11:59:04', NULL, 0);
INSERT INTO `attr_value` VALUES (17, '60平', 7, '2023-07-22 11:59:11', NULL, 0);
INSERT INTO `attr_value` VALUES (18, '80平', 7, '2023-07-22 11:59:31', NULL, 0);
INSERT INTO `attr_value` VALUES (19, '东', 8, '2023-08-10 15:22:10', NULL, 0);
INSERT INTO `attr_value` VALUES (20, '南', 8, '2023-08-10 15:22:20', NULL, 0);
INSERT INTO `attr_value` VALUES (21, '西', 8, '2023-08-10 15:22:27', NULL, 0);
INSERT INTO `attr_value` VALUES (22, '北', 8, '2023-08-10 15:22:34', NULL, 0);
INSERT INTO `attr_value` VALUES (23, '优', 9, '2023-08-10 18:46:55', NULL, 0);
INSERT INTO `attr_value` VALUES (24, '良', 9, '2023-08-10 18:47:04', NULL, 0);
INSERT INTO `attr_value` VALUES (25, '一般', 9, '2023-08-10 18:47:14', NULL, 0);
INSERT INTO `attr_value` VALUES (26, '无', 9, '2023-08-10 18:47:19', NULL, 0);
INSERT INTO `attr_value` VALUES (27, '独卫', 10, '2023-08-10 18:47:46', NULL, 0);
INSERT INTO `attr_value` VALUES (28, '公共', 10, '2023-08-10 18:47:51', NULL, 0);
INSERT INTO `attr_value` VALUES (29, 'test', 10, '2026-03-08 18:08:02', '2026-03-08 18:08:15', 1);
INSERT INTO `attr_value` VALUES (30, 'test', 10, '2026-03-08 18:08:04', '2026-03-08 18:08:14', 1);
INSERT INTO `attr_value` VALUES (31, 'test', 10, '2026-03-08 18:08:06', '2026-03-08 18:08:13', 1);
INSERT INTO `attr_value` VALUES (32, 'test', 10, '2026-03-08 18:08:07', '2026-03-08 18:08:12', 1);

-- ----------------------------
-- Table structure for browsing_history
-- ----------------------------
DROP TABLE IF EXISTS `browsing_history`;
CREATE TABLE `browsing_history`  (
  `id` bigint(20) NOT NULL AUTO_INCREMENT,
  `user_id` bigint(20) NULL DEFAULT NULL COMMENT '用户id',
  `room_id` bigint(20) NULL DEFAULT NULL COMMENT '浏览房间id',
  `browse_time` timestamp NULL DEFAULT NULL,
  `create_time` timestamp NULL DEFAULT NULL,
  `update_time` timestamp NULL DEFAULT NULL,
  `is_deleted` tinyint(4) NULL DEFAULT 0,
  PRIMARY KEY (`id`) USING BTREE
) ENGINE = InnoDB AUTO_INCREMENT = 147 CHARACTER SET = utf8mb4 COLLATE = utf8mb4_general_ci COMMENT = '浏览历史' ROW_FORMAT = Dynamic;

-- ----------------------------
-- Records of browsing_history
-- ----------------------------
INSERT INTO `browsing_history` VALUES (90, 6, 2, '2023-08-11 10:45:48', '2023-08-11 10:35:31', '2023-08-11 10:45:48', 0);
INSERT INTO `browsing_history` VALUES (91, 6, 3, '2023-08-11 10:45:47', '2023-08-11 10:35:32', '2023-08-11 10:45:47', 0);
INSERT INTO `browsing_history` VALUES (92, 7, 2, '2023-08-19 15:51:22', '2023-08-13 23:22:38', '2023-08-19 15:51:22', 0);
INSERT INTO `browsing_history` VALUES (93, 7, 8, '2023-08-19 15:52:49', '2023-08-13 23:42:27', '2023-08-19 15:52:49', 0);
INSERT INTO `browsing_history` VALUES (94, 7, 3, '2023-08-19 15:51:43', '2023-08-13 23:45:19', '2023-08-19 15:51:43', 0);
INSERT INTO `browsing_history` VALUES (95, 7, 9, '2023-08-18 17:38:48', '2023-08-13 23:45:36', '2023-08-18 17:38:48', 0);
INSERT INTO `browsing_history` VALUES (96, 7, 10, '2023-08-19 15:51:19', '2023-08-13 23:45:48', '2023-08-19 15:51:19', 0);
INSERT INTO `browsing_history` VALUES (97, 7, 11, '2023-08-15 16:45:05', '2023-08-14 00:00:05', '2023-08-15 16:45:05', 0);
INSERT INTO `browsing_history` VALUES (98, 7, 15, '2023-08-17 20:33:17', '2023-08-14 00:10:04', '2023-08-17 20:33:17', 0);
INSERT INTO `browsing_history` VALUES (99, 7, 14, '2023-08-14 08:39:35', '2023-08-14 08:39:35', NULL, 0);
INSERT INTO `browsing_history` VALUES (100, 7, 16, '2023-08-19 15:53:48', '2023-08-14 10:36:54', '2023-08-19 15:53:48', 0);
INSERT INTO `browsing_history` VALUES (101, 7, 17, '2023-08-14 18:09:58', '2023-08-14 10:37:40', '2023-08-14 18:09:58', 0);
INSERT INTO `browsing_history` VALUES (102, 7, 12, '2023-08-14 15:51:46', '2023-08-14 15:51:40', '2023-08-14 15:51:46', 0);
INSERT INTO `browsing_history` VALUES (103, 1, 2, '2026-03-16 17:37:12', '2023-08-19 17:30:31', '2023-08-19 17:48:46', 0);
INSERT INTO `browsing_history` VALUES (104, 1, 11, '2023-08-19 17:48:40', '2023-08-19 17:31:13', '2023-08-19 17:48:40', 0);
INSERT INTO `browsing_history` VALUES (105, 1, 14, '2023-08-19 23:25:45', '2023-08-19 17:49:16', '2023-08-19 23:25:45', 0);
INSERT INTO `browsing_history` VALUES (106, 1, 16, '2023-08-19 21:30:00', '2023-08-19 17:53:13', '2023-08-19 21:30:00', 0);
INSERT INTO `browsing_history` VALUES (107, 1, 15, '2023-08-19 20:22:12', '2023-08-19 18:20:36', '2023-08-19 20:22:12', 0);
INSERT INTO `browsing_history` VALUES (108, 1, 17, '2026-03-09 20:01:51', '2023-08-19 18:21:40', '2023-08-19 23:25:42', 0);
INSERT INTO `browsing_history` VALUES (109, 1, 9, '2023-08-19 18:39:20', '2023-08-19 18:33:30', '2023-08-19 18:39:20', 0);
INSERT INTO `browsing_history` VALUES (110, 1, 8, '2023-08-19 23:24:55', '2023-08-19 18:39:37', '2023-08-19 23:24:55', 0);
INSERT INTO `browsing_history` VALUES (111, 1, 12, '2023-08-19 20:48:48', '2023-08-19 20:48:48', NULL, 0);
INSERT INTO `browsing_history` VALUES (112, 1, 3, '2026-03-10 15:25:57', '2026-03-10 15:25:57', NULL, 0);
INSERT INTO `browsing_history` VALUES (113, 9, 273, '2026-03-15 09:10:00', '2026-03-15 14:56:50', '2026-03-15 14:56:50', 0);
INSERT INTO `browsing_history` VALUES (114, 9, 274, '2026-03-15 09:18:00', '2026-03-15 14:56:50', '2026-03-15 14:56:50', 0);
INSERT INTO `browsing_history` VALUES (115, 9, 283, '2026-03-15 09:26:00', '2026-03-15 14:56:50', '2026-03-15 14:56:50', 0);
INSERT INTO `browsing_history` VALUES (116, 10, 285, '2026-03-15 10:05:00', '2026-03-15 14:56:50', '2026-03-15 14:56:50', 0);
INSERT INTO `browsing_history` VALUES (117, 10, 286, '2026-03-15 10:14:00', '2026-03-15 14:56:50', '2026-03-15 14:56:50', 0);
INSERT INTO `browsing_history` VALUES (118, 11, 295, '2026-03-15 11:20:00', '2026-03-15 14:56:50', '2026-03-15 14:56:50', 0);
INSERT INTO `browsing_history` VALUES (119, 11, 296, '2026-03-15 11:31:00', '2026-03-15 14:56:50', '2026-03-15 14:56:50', 0);
INSERT INTO `browsing_history` VALUES (120, 12, 306, '2026-03-15 13:05:00', '2026-03-15 14:56:50', '2026-03-15 14:56:50', 0);
INSERT INTO `browsing_history` VALUES (121, 13, 317, '2026-03-15 14:16:00', '2026-03-15 14:56:50', '2026-03-15 14:56:50', 0);
INSERT INTO `browsing_history` VALUES (122, 14, 278, '2026-03-15 15:22:00', '2026-03-15 14:56:51', '2026-03-15 14:56:51', 0);
INSERT INTO `browsing_history` VALUES (123, 15, 309, '2026-03-15 18:08:00', '2026-03-15 14:56:51', '2026-03-15 14:56:51', 0);
INSERT INTO `browsing_history` VALUES (124, 16, 320, '2026-03-15 20:12:00', '2026-03-15 14:56:51', '2026-03-15 14:56:51', 0);
INSERT INTO `browsing_history` VALUES (125, 9, 275, '2026-03-15 21:00:00', '2026-03-15 15:05:49', '2026-03-15 15:05:49', 0);
INSERT INTO `browsing_history` VALUES (126, 9, 281, '2026-03-15 21:15:00', '2026-03-15 15:05:49', '2026-03-15 15:05:49', 0);
INSERT INTO `browsing_history` VALUES (127, 10, 287, '2026-03-15 21:30:00', '2026-03-15 15:05:49', '2026-03-15 15:05:49', 0);
INSERT INTO `browsing_history` VALUES (128, 10, 291, '2026-03-15 21:45:00', '2026-03-15 15:05:49', '2026-03-15 15:05:49', 0);
INSERT INTO `browsing_history` VALUES (129, 11, 293, '2026-03-15 22:00:00', '2026-03-15 15:05:49', '2026-03-15 15:05:49', 0);
INSERT INTO `browsing_history` VALUES (130, 11, 294, '2026-03-15 22:10:00', '2026-03-15 15:05:49', '2026-03-15 15:05:49', 0);
INSERT INTO `browsing_history` VALUES (131, 11, 300, '2026-03-15 22:20:00', '2026-03-15 15:05:49', '2026-03-15 15:05:49', 0);
INSERT INTO `browsing_history` VALUES (132, 12, 303, '2026-03-15 22:30:00', '2026-03-15 15:05:49', '2026-03-15 15:05:49', 0);
INSERT INTO `browsing_history` VALUES (133, 12, 305, '2026-03-15 22:40:00', '2026-03-15 15:05:49', '2026-03-15 15:05:49', 0);
INSERT INTO `browsing_history` VALUES (134, 13, 316, '2026-03-15 22:50:00', '2026-03-15 15:05:49', '2026-03-15 15:05:49', 0);
INSERT INTO `browsing_history` VALUES (135, 13, 318, '2026-03-15 23:00:00', '2026-03-15 15:05:49', '2026-03-15 15:05:49', 0);
INSERT INTO `browsing_history` VALUES (136, 14, 279, '2026-03-15 23:10:00', '2026-03-15 15:05:49', '2026-03-15 15:05:49', 0);
INSERT INTO `browsing_history` VALUES (137, 14, 280, '2026-03-15 23:20:00', '2026-03-15 15:05:49', '2026-03-15 15:05:49', 0);
INSERT INTO `browsing_history` VALUES (138, 15, 311, '2026-03-15 23:30:00', '2026-03-15 15:05:49', '2026-03-15 15:05:49', 0);
INSERT INTO `browsing_history` VALUES (139, 15, 319, '2026-03-15 23:40:00', '2026-03-15 15:05:49', '2026-03-15 15:05:49', 0);
INSERT INTO `browsing_history` VALUES (140, 16, 290, '2026-03-15 23:50:00', '2026-03-15 15:05:49', '2026-03-15 15:05:49', 0);
INSERT INTO `browsing_history` VALUES (141, 16, 320, '2026-03-15 23:59:00', '2026-03-15 15:05:49', '2026-03-15 15:05:49', 0);
INSERT INTO `browsing_history` VALUES (142, 9, 2, '2026-03-15 15:57:36', '2026-03-15 15:47:46', '2026-03-15 15:56:44', 0);
INSERT INTO `browsing_history` VALUES (143, 9, 13, '2026-03-15 15:57:47', '2026-03-15 15:57:47', NULL, 0);
INSERT INTO `browsing_history` VALUES (144, 9, 316, '2026-03-15 15:58:02', '2026-03-15 15:58:02', NULL, 0);
INSERT INTO `browsing_history` VALUES (145, 1, 275, '2026-03-16 16:22:30', '2026-03-15 17:26:33', '2026-03-16 16:22:12', 0);
INSERT INTO `browsing_history` VALUES (146, 8, 2, '2026-03-15 18:20:19', '2026-03-15 17:52:07', '2026-03-15 18:14:48', 0);

-- ----------------------------
-- Table structure for city_info
-- ----------------------------
DROP TABLE IF EXISTS `city_info`;
CREATE TABLE `city_info`  (
  `id` int(11) NOT NULL AUTO_INCREMENT COMMENT '城市id',
  `name` varchar(16) CHARACTER SET utf8mb4 COLLATE utf8mb4_general_ci NULL DEFAULT NULL COMMENT '城市名称',
  `province_id` int(11) NULL DEFAULT NULL COMMENT '所属省份id',
  `create_time` timestamp NULL DEFAULT NULL COMMENT '创建时间',
  `update_time` timestamp NULL DEFAULT NULL COMMENT '更新时间',
  `is_deleted` tinyint(4) NULL DEFAULT 0 COMMENT '是否删除',
  PRIMARY KEY (`id`) USING BTREE
) ENGINE = InnoDB AUTO_INCREMENT = 6591 CHARACTER SET = utf8mb4 COLLATE = utf8mb4_general_ci ROW_FORMAT = Dynamic;

-- ----------------------------
-- Records of city_info
-- ----------------------------
INSERT INTO `city_info` VALUES (1101, '市辖区', 11, '2023-06-25 13:48:30', NULL, 0);
INSERT INTO `city_info` VALUES (1201, '市辖区', 12, '2023-06-25 13:48:30', NULL, 0);
INSERT INTO `city_info` VALUES (1301, '石家庄市', 13, '2023-06-25 13:48:30', NULL, 0);
INSERT INTO `city_info` VALUES (1302, '唐山市', 13, '2023-06-25 13:48:30', NULL, 0);
INSERT INTO `city_info` VALUES (1303, '秦皇岛市', 13, '2023-06-25 13:48:30', NULL, 0);
INSERT INTO `city_info` VALUES (1304, '邯郸市', 13, '2023-06-25 13:48:30', NULL, 0);
INSERT INTO `city_info` VALUES (1305, '邢台市', 13, '2023-06-25 13:48:30', NULL, 0);
INSERT INTO `city_info` VALUES (1306, '保定市', 13, '2023-06-25 13:48:30', NULL, 0);
INSERT INTO `city_info` VALUES (1307, '张家口市', 13, '2023-06-25 13:48:30', NULL, 0);
INSERT INTO `city_info` VALUES (1308, '承德市', 13, '2023-06-25 13:48:30', NULL, 0);
INSERT INTO `city_info` VALUES (1309, '沧州市', 13, '2023-06-25 13:48:30', NULL, 0);
INSERT INTO `city_info` VALUES (1310, '廊坊市', 13, '2023-06-25 13:48:30', NULL, 0);
INSERT INTO `city_info` VALUES (1311, '衡水市', 13, '2023-06-25 13:48:30', NULL, 0);
INSERT INTO `city_info` VALUES (1401, '太原市', 14, '2023-06-25 13:48:30', NULL, 0);
INSERT INTO `city_info` VALUES (1402, '大同市', 14, '2023-06-25 13:48:30', NULL, 0);
INSERT INTO `city_info` VALUES (1403, '阳泉市', 14, '2023-06-25 13:48:30', NULL, 0);
INSERT INTO `city_info` VALUES (1404, '长治市', 14, '2023-06-25 13:48:30', NULL, 0);
INSERT INTO `city_info` VALUES (1405, '晋城市', 14, '2023-06-25 13:48:30', NULL, 0);
INSERT INTO `city_info` VALUES (1406, '朔州市', 14, '2023-06-25 13:48:30', NULL, 0);
INSERT INTO `city_info` VALUES (1407, '晋中市', 14, '2023-06-25 13:48:30', NULL, 0);
INSERT INTO `city_info` VALUES (1408, '运城市', 14, '2023-06-25 13:48:30', NULL, 0);
INSERT INTO `city_info` VALUES (1409, '忻州市', 14, '2023-06-25 13:48:30', NULL, 0);
INSERT INTO `city_info` VALUES (1410, '临汾市', 14, '2023-06-25 13:48:30', NULL, 0);
INSERT INTO `city_info` VALUES (1411, '吕梁市', 14, '2023-06-25 13:48:30', NULL, 0);
INSERT INTO `city_info` VALUES (1501, '呼和浩特市', 15, '2023-06-25 13:48:30', NULL, 0);
INSERT INTO `city_info` VALUES (1502, '包头市', 15, '2023-06-25 13:48:30', NULL, 0);
INSERT INTO `city_info` VALUES (1503, '乌海市', 15, '2023-06-25 13:48:30', NULL, 0);
INSERT INTO `city_info` VALUES (1504, '赤峰市', 15, '2023-06-25 13:48:30', NULL, 0);
INSERT INTO `city_info` VALUES (1505, '通辽市', 15, '2023-06-25 13:48:30', NULL, 0);
INSERT INTO `city_info` VALUES (1506, '鄂尔多斯市', 15, '2023-06-25 13:48:30', NULL, 0);
INSERT INTO `city_info` VALUES (1507, '呼伦贝尔市', 15, '2023-06-25 13:48:30', NULL, 0);
INSERT INTO `city_info` VALUES (1508, '巴彦淖尔市', 15, '2023-06-25 13:48:30', NULL, 0);
INSERT INTO `city_info` VALUES (1509, '乌兰察布市', 15, '2023-06-25 13:48:30', NULL, 0);
INSERT INTO `city_info` VALUES (1522, '兴安盟', 15, '2023-06-25 13:48:30', NULL, 0);
INSERT INTO `city_info` VALUES (1525, '锡林郭勒盟', 15, '2023-06-25 13:48:30', NULL, 0);
INSERT INTO `city_info` VALUES (1529, '阿拉善盟', 15, '2023-06-25 13:48:30', NULL, 0);
INSERT INTO `city_info` VALUES (2101, '沈阳市', 21, '2023-06-25 13:48:30', NULL, 0);
INSERT INTO `city_info` VALUES (2102, '大连市', 21, '2023-06-25 13:48:30', NULL, 0);
INSERT INTO `city_info` VALUES (2103, '鞍山市', 21, '2023-06-25 13:48:30', NULL, 0);
INSERT INTO `city_info` VALUES (2104, '抚顺市', 21, '2023-06-25 13:48:30', NULL, 0);
INSERT INTO `city_info` VALUES (2105, '本溪市', 21, '2023-06-25 13:48:30', NULL, 0);
INSERT INTO `city_info` VALUES (2106, '丹东市', 21, '2023-06-25 13:48:30', NULL, 0);
INSERT INTO `city_info` VALUES (2107, '锦州市', 21, '2023-06-25 13:48:30', NULL, 0);
INSERT INTO `city_info` VALUES (2108, '营口市', 21, '2023-06-25 13:48:30', NULL, 0);
INSERT INTO `city_info` VALUES (2109, '阜新市', 21, '2023-06-25 13:48:30', NULL, 0);
INSERT INTO `city_info` VALUES (2110, '辽阳市', 21, '2023-06-25 13:48:30', NULL, 0);
INSERT INTO `city_info` VALUES (2111, '盘锦市', 21, '2023-06-25 13:48:30', NULL, 0);
INSERT INTO `city_info` VALUES (2112, '铁岭市', 21, '2023-06-25 13:48:30', NULL, 0);
INSERT INTO `city_info` VALUES (2113, '朝阳市', 21, '2023-06-25 13:48:30', NULL, 0);
INSERT INTO `city_info` VALUES (2114, '葫芦岛市', 21, '2023-06-25 13:48:30', NULL, 0);
INSERT INTO `city_info` VALUES (2201, '长春市', 22, '2023-06-25 13:48:30', NULL, 0);
INSERT INTO `city_info` VALUES (2202, '吉林市', 22, '2023-06-25 13:48:30', NULL, 0);
INSERT INTO `city_info` VALUES (2203, '四平市', 22, '2023-06-25 13:48:30', NULL, 0);
INSERT INTO `city_info` VALUES (2204, '辽源市', 22, '2023-06-25 13:48:30', NULL, 0);
INSERT INTO `city_info` VALUES (2205, '通化市', 22, '2023-06-25 13:48:30', NULL, 0);
INSERT INTO `city_info` VALUES (2206, '白山市', 22, '2023-06-25 13:48:30', NULL, 0);
INSERT INTO `city_info` VALUES (2207, '松原市', 22, '2023-06-25 13:48:30', NULL, 0);
INSERT INTO `city_info` VALUES (2208, '白城市', 22, '2023-06-25 13:48:30', NULL, 0);
INSERT INTO `city_info` VALUES (2224, '延边朝鲜族自治州', 22, '2023-06-25 13:48:30', NULL, 0);
INSERT INTO `city_info` VALUES (2301, '哈尔滨市', 23, '2023-06-25 13:48:30', NULL, 0);
INSERT INTO `city_info` VALUES (2302, '齐齐哈尔市', 23, '2023-06-25 13:48:30', NULL, 0);
INSERT INTO `city_info` VALUES (2303, '鸡西市', 23, '2023-06-25 13:48:30', NULL, 0);
INSERT INTO `city_info` VALUES (2304, '鹤岗市', 23, '2023-06-25 13:48:30', NULL, 0);
INSERT INTO `city_info` VALUES (2305, '双鸭山市', 23, '2023-06-25 13:48:30', NULL, 0);
INSERT INTO `city_info` VALUES (2306, '大庆市', 23, '2023-06-25 13:48:30', NULL, 0);
INSERT INTO `city_info` VALUES (2307, '伊春市', 23, '2023-06-25 13:48:30', NULL, 0);
INSERT INTO `city_info` VALUES (2308, '佳木斯市', 23, '2023-06-25 13:48:30', NULL, 0);
INSERT INTO `city_info` VALUES (2309, '七台河市', 23, '2023-06-25 13:48:30', NULL, 0);
INSERT INTO `city_info` VALUES (2310, '牡丹江市', 23, '2023-06-25 13:48:30', NULL, 0);
INSERT INTO `city_info` VALUES (2311, '黑河市', 23, '2023-06-25 13:48:30', NULL, 0);
INSERT INTO `city_info` VALUES (2312, '绥化市', 23, '2023-06-25 13:48:30', NULL, 0);
INSERT INTO `city_info` VALUES (2327, '大兴安岭地区', 23, '2023-06-25 13:48:30', NULL, 0);
INSERT INTO `city_info` VALUES (3101, '市辖区', 31, '2023-06-25 13:48:30', NULL, 0);
INSERT INTO `city_info` VALUES (3201, '南京市', 32, '2023-06-25 13:48:30', NULL, 0);
INSERT INTO `city_info` VALUES (3202, '无锡市', 32, '2023-06-25 13:48:30', NULL, 0);
INSERT INTO `city_info` VALUES (3203, '徐州市', 32, '2023-06-25 13:48:30', NULL, 0);
INSERT INTO `city_info` VALUES (3204, '常州市', 32, '2023-06-25 13:48:30', NULL, 0);
INSERT INTO `city_info` VALUES (3205, '苏州市', 32, '2023-06-25 13:48:30', NULL, 0);
INSERT INTO `city_info` VALUES (3206, '南通市', 32, '2023-06-25 13:48:30', NULL, 0);
INSERT INTO `city_info` VALUES (3207, '连云港市', 32, '2023-06-25 13:48:30', NULL, 0);
INSERT INTO `city_info` VALUES (3208, '淮安市', 32, '2023-06-25 13:48:30', NULL, 0);
INSERT INTO `city_info` VALUES (3209, '盐城市', 32, '2023-06-25 13:48:30', NULL, 0);
INSERT INTO `city_info` VALUES (3210, '扬州市', 32, '2023-06-25 13:48:30', NULL, 0);
INSERT INTO `city_info` VALUES (3211, '镇江市', 32, '2023-06-25 13:48:30', NULL, 0);
INSERT INTO `city_info` VALUES (3212, '泰州市', 32, '2023-06-25 13:48:30', NULL, 0);
INSERT INTO `city_info` VALUES (3213, '宿迁市', 32, '2023-06-25 13:48:30', NULL, 0);
INSERT INTO `city_info` VALUES (3301, '杭州市', 33, '2023-06-25 13:48:30', NULL, 0);
INSERT INTO `city_info` VALUES (3302, '宁波市', 33, '2023-06-25 13:48:30', NULL, 0);
INSERT INTO `city_info` VALUES (3303, '温州市', 33, '2023-06-25 13:48:30', NULL, 0);
INSERT INTO `city_info` VALUES (3304, '嘉兴市', 33, '2023-06-25 13:48:30', NULL, 0);
INSERT INTO `city_info` VALUES (3305, '湖州市', 33, '2023-06-25 13:48:30', NULL, 0);
INSERT INTO `city_info` VALUES (3306, '绍兴市', 33, '2023-06-25 13:48:30', NULL, 0);
INSERT INTO `city_info` VALUES (3307, '金华市', 33, '2023-06-25 13:48:30', NULL, 0);
INSERT INTO `city_info` VALUES (3308, '衢州市', 33, '2023-06-25 13:48:30', NULL, 0);
INSERT INTO `city_info` VALUES (3309, '舟山市', 33, '2023-06-25 13:48:30', NULL, 0);
INSERT INTO `city_info` VALUES (3310, '台州市', 33, '2023-06-25 13:48:30', NULL, 0);
INSERT INTO `city_info` VALUES (3311, '丽水市', 33, '2023-06-25 13:48:30', NULL, 0);
INSERT INTO `city_info` VALUES (3401, '合肥市', 34, '2023-06-25 13:48:30', NULL, 0);
INSERT INTO `city_info` VALUES (3402, '芜湖市', 34, '2023-06-25 13:48:30', NULL, 0);
INSERT INTO `city_info` VALUES (3403, '蚌埠市', 34, '2023-06-25 13:48:30', NULL, 0);
INSERT INTO `city_info` VALUES (3404, '淮南市', 34, '2023-06-25 13:48:30', NULL, 0);
INSERT INTO `city_info` VALUES (3405, '马鞍山市', 34, '2023-06-25 13:48:30', NULL, 0);
INSERT INTO `city_info` VALUES (3406, '淮北市', 34, '2023-06-25 13:48:30', NULL, 0);
INSERT INTO `city_info` VALUES (3407, '铜陵市', 34, '2023-06-25 13:48:30', NULL, 0);
INSERT INTO `city_info` VALUES (3408, '安庆市', 34, '2023-06-25 13:48:30', NULL, 0);
INSERT INTO `city_info` VALUES (3410, '黄山市', 34, '2023-06-25 13:48:30', NULL, 0);
INSERT INTO `city_info` VALUES (3411, '滁州市', 34, '2023-06-25 13:48:30', NULL, 0);
INSERT INTO `city_info` VALUES (3412, '阜阳市', 34, '2023-06-25 13:48:30', NULL, 0);
INSERT INTO `city_info` VALUES (3413, '宿州市', 34, '2023-06-25 13:48:30', NULL, 0);
INSERT INTO `city_info` VALUES (3415, '六安市', 34, '2023-06-25 13:48:30', NULL, 0);
INSERT INTO `city_info` VALUES (3416, '亳州市', 34, '2023-06-25 13:48:30', NULL, 0);
INSERT INTO `city_info` VALUES (3417, '池州市', 34, '2023-06-25 13:48:30', NULL, 0);
INSERT INTO `city_info` VALUES (3418, '宣城市', 34, '2023-06-25 13:48:30', NULL, 0);
INSERT INTO `city_info` VALUES (3501, '福州市', 35, '2023-06-25 13:48:30', NULL, 0);
INSERT INTO `city_info` VALUES (3502, '厦门市', 35, '2023-06-25 13:48:30', NULL, 0);
INSERT INTO `city_info` VALUES (3503, '莆田市', 35, '2023-06-25 13:48:30', NULL, 0);
INSERT INTO `city_info` VALUES (3504, '三明市', 35, '2023-06-25 13:48:30', NULL, 0);
INSERT INTO `city_info` VALUES (3505, '泉州市', 35, '2023-06-25 13:48:30', NULL, 0);
INSERT INTO `city_info` VALUES (3506, '漳州市', 35, '2023-06-25 13:48:30', NULL, 0);
INSERT INTO `city_info` VALUES (3507, '南平市', 35, '2023-06-25 13:48:30', NULL, 0);
INSERT INTO `city_info` VALUES (3508, '龙岩市', 35, '2023-06-25 13:48:30', NULL, 0);
INSERT INTO `city_info` VALUES (3509, '宁德市', 35, '2023-06-25 13:48:30', NULL, 0);
INSERT INTO `city_info` VALUES (3601, '南昌市', 36, '2023-06-25 13:48:30', NULL, 0);
INSERT INTO `city_info` VALUES (3602, '景德镇市', 36, '2023-06-25 13:48:30', NULL, 0);
INSERT INTO `city_info` VALUES (3603, '萍乡市', 36, '2023-06-25 13:48:30', NULL, 0);
INSERT INTO `city_info` VALUES (3604, '九江市', 36, '2023-06-25 13:48:30', NULL, 0);
INSERT INTO `city_info` VALUES (3605, '新余市', 36, '2023-06-25 13:48:30', NULL, 0);
INSERT INTO `city_info` VALUES (3606, '鹰潭市', 36, '2023-06-25 13:48:30', NULL, 0);
INSERT INTO `city_info` VALUES (3607, '赣州市', 36, '2023-06-25 13:48:30', NULL, 0);
INSERT INTO `city_info` VALUES (3608, '吉安市', 36, '2023-06-25 13:48:30', NULL, 0);
INSERT INTO `city_info` VALUES (3609, '宜春市', 36, '2023-06-25 13:48:30', NULL, 0);
INSERT INTO `city_info` VALUES (3610, '抚州市', 36, '2023-06-25 13:48:30', NULL, 0);
INSERT INTO `city_info` VALUES (3611, '上饶市', 36, '2023-06-25 13:48:30', NULL, 0);
INSERT INTO `city_info` VALUES (3701, '济南市', 37, '2023-06-25 13:48:30', NULL, 0);
INSERT INTO `city_info` VALUES (3702, '青岛市', 37, '2023-06-25 13:48:30', NULL, 0);
INSERT INTO `city_info` VALUES (3703, '淄博市', 37, '2023-06-25 13:48:30', NULL, 0);
INSERT INTO `city_info` VALUES (3704, '枣庄市', 37, '2023-06-25 13:48:30', NULL, 0);
INSERT INTO `city_info` VALUES (3705, '东营市', 37, '2023-06-25 13:48:30', NULL, 0);
INSERT INTO `city_info` VALUES (3706, '烟台市', 37, '2023-06-25 13:48:30', NULL, 0);
INSERT INTO `city_info` VALUES (3707, '潍坊市', 37, '2023-06-25 13:48:30', NULL, 0);
INSERT INTO `city_info` VALUES (3708, '济宁市', 37, '2023-06-25 13:48:30', NULL, 0);
INSERT INTO `city_info` VALUES (3709, '泰安市', 37, '2023-06-25 13:48:30', NULL, 0);
INSERT INTO `city_info` VALUES (3710, '威海市', 37, '2023-06-25 13:48:30', NULL, 0);
INSERT INTO `city_info` VALUES (3711, '日照市', 37, '2023-06-25 13:48:30', NULL, 0);
INSERT INTO `city_info` VALUES (3713, '临沂市', 37, '2023-06-25 13:48:30', NULL, 0);
INSERT INTO `city_info` VALUES (3714, '德州市', 37, '2023-06-25 13:48:30', NULL, 0);
INSERT INTO `city_info` VALUES (3715, '聊城市', 37, '2023-06-25 13:48:30', NULL, 0);
INSERT INTO `city_info` VALUES (3716, '滨州市', 37, '2023-06-25 13:48:30', NULL, 0);
INSERT INTO `city_info` VALUES (3717, '菏泽市', 37, '2023-06-25 13:48:30', NULL, 0);
INSERT INTO `city_info` VALUES (4101, '郑州市', 41, '2023-06-25 13:48:30', NULL, 0);
INSERT INTO `city_info` VALUES (4102, '开封市', 41, '2023-06-25 13:48:30', NULL, 0);
INSERT INTO `city_info` VALUES (4103, '洛阳市', 41, '2023-06-25 13:48:30', NULL, 0);
INSERT INTO `city_info` VALUES (4104, '平顶山市', 41, '2023-06-25 13:48:30', NULL, 0);
INSERT INTO `city_info` VALUES (4105, '安阳市', 41, '2023-06-25 13:48:30', NULL, 0);
INSERT INTO `city_info` VALUES (4106, '鹤壁市', 41, '2023-06-25 13:48:30', NULL, 0);
INSERT INTO `city_info` VALUES (4107, '新乡市', 41, '2023-06-25 13:48:30', NULL, 0);
INSERT INTO `city_info` VALUES (4108, '焦作市', 41, '2023-06-25 13:48:30', NULL, 0);
INSERT INTO `city_info` VALUES (4109, '濮阳市', 41, '2023-06-25 13:48:30', NULL, 0);
INSERT INTO `city_info` VALUES (4110, '许昌市', 41, '2023-06-25 13:48:30', NULL, 0);
INSERT INTO `city_info` VALUES (4111, '漯河市', 41, '2023-06-25 13:48:30', NULL, 0);
INSERT INTO `city_info` VALUES (4112, '三门峡市', 41, '2023-06-25 13:48:30', NULL, 0);
INSERT INTO `city_info` VALUES (4113, '南阳市', 41, '2023-06-25 13:48:30', NULL, 0);
INSERT INTO `city_info` VALUES (4114, '商丘市', 41, '2023-06-25 13:48:30', NULL, 0);
INSERT INTO `city_info` VALUES (4115, '信阳市', 41, '2023-06-25 13:48:30', NULL, 0);
INSERT INTO `city_info` VALUES (4116, '周口市', 41, '2023-06-25 13:48:30', NULL, 0);
INSERT INTO `city_info` VALUES (4117, '驻马店市', 41, '2023-06-25 13:48:30', NULL, 0);
INSERT INTO `city_info` VALUES (4190, '省直辖县级行政区划', 41, '2023-06-25 13:48:30', NULL, 0);
INSERT INTO `city_info` VALUES (4201, '武汉市', 42, '2023-06-25 13:48:30', NULL, 0);
INSERT INTO `city_info` VALUES (4202, '黄石市', 42, '2023-06-25 13:48:30', NULL, 0);
INSERT INTO `city_info` VALUES (4203, '十堰市', 42, '2023-06-25 13:48:30', NULL, 0);
INSERT INTO `city_info` VALUES (4205, '宜昌市', 42, '2023-06-25 13:48:30', NULL, 0);
INSERT INTO `city_info` VALUES (4206, '襄阳市', 42, '2023-06-25 13:48:30', NULL, 0);
INSERT INTO `city_info` VALUES (4207, '鄂州市', 42, '2023-06-25 13:48:30', NULL, 0);
INSERT INTO `city_info` VALUES (4208, '荆门市', 42, '2023-06-25 13:48:30', NULL, 0);
INSERT INTO `city_info` VALUES (4209, '孝感市', 42, '2023-06-25 13:48:30', NULL, 0);
INSERT INTO `city_info` VALUES (4210, '荆州市', 42, '2023-06-25 13:48:30', NULL, 0);
INSERT INTO `city_info` VALUES (4211, '黄冈市', 42, '2023-06-25 13:48:30', NULL, 0);
INSERT INTO `city_info` VALUES (4212, '咸宁市', 42, '2023-06-25 13:48:30', NULL, 0);
INSERT INTO `city_info` VALUES (4213, '随州市', 42, '2023-06-25 13:48:30', NULL, 0);
INSERT INTO `city_info` VALUES (4228, '恩施土家族苗族自治州', 42, '2023-06-25 13:48:30', NULL, 0);
INSERT INTO `city_info` VALUES (4290, '省直辖县级行政区划', 42, '2023-06-25 13:48:30', NULL, 0);
INSERT INTO `city_info` VALUES (4301, '长沙市', 43, '2023-06-25 13:48:30', NULL, 0);
INSERT INTO `city_info` VALUES (4302, '株洲市', 43, '2023-06-25 13:48:30', NULL, 0);
INSERT INTO `city_info` VALUES (4303, '湘潭市', 43, '2023-06-25 13:48:30', NULL, 0);
INSERT INTO `city_info` VALUES (4304, '衡阳市', 43, '2023-06-25 13:48:30', NULL, 0);
INSERT INTO `city_info` VALUES (4305, '邵阳市', 43, '2023-06-25 13:48:30', NULL, 0);
INSERT INTO `city_info` VALUES (4306, '岳阳市', 43, '2023-06-25 13:48:30', NULL, 0);
INSERT INTO `city_info` VALUES (4307, '常德市', 43, '2023-06-25 13:48:30', NULL, 0);
INSERT INTO `city_info` VALUES (4308, '张家界市', 43, '2023-06-25 13:48:30', NULL, 0);
INSERT INTO `city_info` VALUES (4309, '益阳市', 43, '2023-06-25 13:48:30', NULL, 0);
INSERT INTO `city_info` VALUES (4310, '郴州市', 43, '2023-06-25 13:48:30', NULL, 0);
INSERT INTO `city_info` VALUES (4311, '永州市', 43, '2023-06-25 13:48:30', NULL, 0);
INSERT INTO `city_info` VALUES (4312, '怀化市', 43, '2023-06-25 13:48:30', NULL, 0);
INSERT INTO `city_info` VALUES (4313, '娄底市', 43, '2023-06-25 13:48:30', NULL, 0);
INSERT INTO `city_info` VALUES (4331, '湘西土家族苗族自治州', 43, '2023-06-25 13:48:30', NULL, 0);
INSERT INTO `city_info` VALUES (4401, '广州市', 44, '2023-06-25 13:48:30', NULL, 0);
INSERT INTO `city_info` VALUES (4402, '韶关市', 44, '2023-06-25 13:48:30', NULL, 0);
INSERT INTO `city_info` VALUES (4403, '深圳市', 44, '2023-06-25 13:48:30', NULL, 0);
INSERT INTO `city_info` VALUES (4404, '珠海市', 44, '2023-06-25 13:48:30', NULL, 0);
INSERT INTO `city_info` VALUES (4405, '汕头市', 44, '2023-06-25 13:48:30', NULL, 0);
INSERT INTO `city_info` VALUES (4406, '佛山市', 44, '2023-06-25 13:48:30', NULL, 0);
INSERT INTO `city_info` VALUES (4407, '江门市', 44, '2023-06-25 13:48:30', NULL, 0);
INSERT INTO `city_info` VALUES (4408, '湛江市', 44, '2023-06-25 13:48:30', NULL, 0);
INSERT INTO `city_info` VALUES (4409, '茂名市', 44, '2023-06-25 13:48:30', NULL, 0);
INSERT INTO `city_info` VALUES (4412, '肇庆市', 44, '2023-06-25 13:48:30', NULL, 0);
INSERT INTO `city_info` VALUES (4413, '惠州市', 44, '2023-06-25 13:48:30', NULL, 0);
INSERT INTO `city_info` VALUES (4414, '梅州市', 44, '2023-06-25 13:48:30', NULL, 0);
INSERT INTO `city_info` VALUES (4415, '汕尾市', 44, '2023-06-25 13:48:30', NULL, 0);
INSERT INTO `city_info` VALUES (4416, '河源市', 44, '2023-06-25 13:48:30', NULL, 0);
INSERT INTO `city_info` VALUES (4417, '阳江市', 44, '2023-06-25 13:48:30', NULL, 0);
INSERT INTO `city_info` VALUES (4418, '清远市', 44, '2023-06-25 13:48:30', NULL, 0);
INSERT INTO `city_info` VALUES (4419, '东莞市', 44, '2023-06-25 13:48:30', NULL, 0);
INSERT INTO `city_info` VALUES (4420, '中山市', 44, '2023-06-25 13:48:30', NULL, 0);
INSERT INTO `city_info` VALUES (4451, '潮州市', 44, '2023-06-25 13:48:30', NULL, 0);
INSERT INTO `city_info` VALUES (4452, '揭阳市', 44, '2023-06-25 13:48:30', NULL, 0);
INSERT INTO `city_info` VALUES (4453, '云浮市', 44, '2023-06-25 13:48:30', NULL, 0);
INSERT INTO `city_info` VALUES (4501, '南宁市', 45, '2023-06-25 13:48:30', NULL, 0);
INSERT INTO `city_info` VALUES (4502, '柳州市', 45, '2023-06-25 13:48:30', NULL, 0);
INSERT INTO `city_info` VALUES (4503, '桂林市', 45, '2023-06-25 13:48:30', NULL, 0);
INSERT INTO `city_info` VALUES (4504, '梧州市', 45, '2023-06-25 13:48:30', NULL, 0);
INSERT INTO `city_info` VALUES (4505, '北海市', 45, '2023-06-25 13:48:30', NULL, 0);
INSERT INTO `city_info` VALUES (4506, '防城港市', 45, '2023-06-25 13:48:30', NULL, 0);
INSERT INTO `city_info` VALUES (4507, '钦州市', 45, '2023-06-25 13:48:30', NULL, 0);
INSERT INTO `city_info` VALUES (4508, '贵港市', 45, '2023-06-25 13:48:30', NULL, 0);
INSERT INTO `city_info` VALUES (4509, '玉林市', 45, '2023-06-25 13:48:30', NULL, 0);
INSERT INTO `city_info` VALUES (4510, '百色市', 45, '2023-06-25 13:48:30', NULL, 0);
INSERT INTO `city_info` VALUES (4511, '贺州市', 45, '2023-06-25 13:48:30', NULL, 0);
INSERT INTO `city_info` VALUES (4512, '河池市', 45, '2023-06-25 13:48:30', NULL, 0);
INSERT INTO `city_info` VALUES (4513, '来宾市', 45, '2023-06-25 13:48:30', NULL, 0);
INSERT INTO `city_info` VALUES (4514, '崇左市', 45, '2023-06-25 13:48:30', NULL, 0);
INSERT INTO `city_info` VALUES (4601, '海口市', 46, '2023-06-25 13:48:30', NULL, 0);
INSERT INTO `city_info` VALUES (4602, '三亚市', 46, '2023-06-25 13:48:30', NULL, 0);
INSERT INTO `city_info` VALUES (4603, '三沙市', 46, '2023-06-25 13:48:30', NULL, 0);
INSERT INTO `city_info` VALUES (4604, '儋州市', 46, '2023-06-25 13:48:30', NULL, 0);
INSERT INTO `city_info` VALUES (4690, '省直辖县级行政区划', 46, '2023-06-25 13:48:30', NULL, 0);
INSERT INTO `city_info` VALUES (5001, '市辖区', 50, '2023-06-25 13:48:30', NULL, 0);
INSERT INTO `city_info` VALUES (5002, '县', 50, '2023-06-25 13:48:30', NULL, 0);
INSERT INTO `city_info` VALUES (5101, '成都市', 51, '2023-06-25 13:48:30', NULL, 0);
INSERT INTO `city_info` VALUES (5103, '自贡市', 51, '2023-06-25 13:48:30', NULL, 0);
INSERT INTO `city_info` VALUES (5104, '攀枝花市', 51, '2023-06-25 13:48:30', NULL, 0);
INSERT INTO `city_info` VALUES (5105, '泸州市', 51, '2023-06-25 13:48:30', NULL, 0);
INSERT INTO `city_info` VALUES (5106, '德阳市', 51, '2023-06-25 13:48:30', NULL, 0);
INSERT INTO `city_info` VALUES (5107, '绵阳市', 51, '2023-06-25 13:48:30', NULL, 0);
INSERT INTO `city_info` VALUES (5108, '广元市', 51, '2023-06-25 13:48:30', NULL, 0);
INSERT INTO `city_info` VALUES (5109, '遂宁市', 51, '2023-06-25 13:48:30', NULL, 0);
INSERT INTO `city_info` VALUES (5110, '内江市', 51, '2023-06-25 13:48:30', NULL, 0);
INSERT INTO `city_info` VALUES (5111, '乐山市', 51, '2023-06-25 13:48:30', NULL, 0);
INSERT INTO `city_info` VALUES (5113, '南充市', 51, '2023-06-25 13:48:30', NULL, 0);
INSERT INTO `city_info` VALUES (5114, '眉山市', 51, '2023-06-25 13:48:30', NULL, 0);
INSERT INTO `city_info` VALUES (5115, '宜宾市', 51, '2023-06-25 13:48:30', NULL, 0);
INSERT INTO `city_info` VALUES (5116, '广安市', 51, '2023-06-25 13:48:30', NULL, 0);
INSERT INTO `city_info` VALUES (5117, '达州市', 51, '2023-06-25 13:48:30', NULL, 0);
INSERT INTO `city_info` VALUES (5118, '雅安市', 51, '2023-06-25 13:48:30', NULL, 0);
INSERT INTO `city_info` VALUES (5119, '巴中市', 51, '2023-06-25 13:48:30', NULL, 0);
INSERT INTO `city_info` VALUES (5120, '资阳市', 51, '2023-06-25 13:48:30', NULL, 0);
INSERT INTO `city_info` VALUES (5132, '阿坝藏族羌族自治州', 51, '2023-06-25 13:48:30', NULL, 0);
INSERT INTO `city_info` VALUES (5133, '甘孜藏族自治州', 51, '2023-06-25 13:48:30', NULL, 0);
INSERT INTO `city_info` VALUES (5134, '凉山彝族自治州', 51, '2023-06-25 13:48:30', NULL, 0);
INSERT INTO `city_info` VALUES (5201, '贵阳市', 52, '2023-06-25 13:48:30', NULL, 0);
INSERT INTO `city_info` VALUES (5202, '六盘水市', 52, '2023-06-25 13:48:30', NULL, 0);
INSERT INTO `city_info` VALUES (5203, '遵义市', 52, '2023-06-25 13:48:30', NULL, 0);
INSERT INTO `city_info` VALUES (5204, '安顺市', 52, '2023-06-25 13:48:30', NULL, 0);
INSERT INTO `city_info` VALUES (5205, '毕节市', 52, '2023-06-25 13:48:30', NULL, 0);
INSERT INTO `city_info` VALUES (5206, '铜仁市', 52, '2023-06-25 13:48:30', NULL, 0);
INSERT INTO `city_info` VALUES (5223, '黔西南布依族苗族自治州', 52, '2023-06-25 13:48:30', NULL, 0);
INSERT INTO `city_info` VALUES (5226, '黔东南苗族侗族自治州', 52, '2023-06-25 13:48:30', NULL, 0);
INSERT INTO `city_info` VALUES (5227, '黔南布依族苗族自治州', 52, '2023-06-25 13:48:30', NULL, 0);
INSERT INTO `city_info` VALUES (5301, '昆明市', 53, '2023-06-25 13:48:30', NULL, 0);
INSERT INTO `city_info` VALUES (5303, '曲靖市', 53, '2023-06-25 13:48:30', NULL, 0);
INSERT INTO `city_info` VALUES (5304, '玉溪市', 53, '2023-06-25 13:48:30', NULL, 0);
INSERT INTO `city_info` VALUES (5305, '保山市', 53, '2023-06-25 13:48:30', NULL, 0);
INSERT INTO `city_info` VALUES (5306, '昭通市', 53, '2023-06-25 13:48:30', NULL, 0);
INSERT INTO `city_info` VALUES (5307, '丽江市', 53, '2023-06-25 13:48:30', NULL, 0);
INSERT INTO `city_info` VALUES (5308, '普洱市', 53, '2023-06-25 13:48:30', NULL, 0);
INSERT INTO `city_info` VALUES (5309, '临沧市', 53, '2023-06-25 13:48:30', NULL, 0);
INSERT INTO `city_info` VALUES (5323, '楚雄彝族自治州', 53, '2023-06-25 13:48:30', NULL, 0);
INSERT INTO `city_info` VALUES (5325, '红河哈尼族彝族自治州', 53, '2023-06-25 13:48:30', NULL, 0);
INSERT INTO `city_info` VALUES (5326, '文山壮族苗族自治州', 53, '2023-06-25 13:48:30', NULL, 0);
INSERT INTO `city_info` VALUES (5328, '西双版纳傣族自治州', 53, '2023-06-25 13:48:30', NULL, 0);
INSERT INTO `city_info` VALUES (5329, '大理白族自治州', 53, '2023-06-25 13:48:30', NULL, 0);
INSERT INTO `city_info` VALUES (5331, '德宏傣族景颇族自治州', 53, '2023-06-25 13:48:30', NULL, 0);
INSERT INTO `city_info` VALUES (5333, '怒江傈僳族自治州', 53, '2023-06-25 13:48:30', NULL, 0);
INSERT INTO `city_info` VALUES (5334, '迪庆藏族自治州', 53, '2023-06-25 13:48:30', NULL, 0);
INSERT INTO `city_info` VALUES (5401, '拉萨市', 54, '2023-06-25 13:48:30', NULL, 0);
INSERT INTO `city_info` VALUES (5402, '日喀则市', 54, '2023-06-25 13:48:30', NULL, 0);
INSERT INTO `city_info` VALUES (5403, '昌都市', 54, '2023-06-25 13:48:30', NULL, 0);
INSERT INTO `city_info` VALUES (5404, '林芝市', 54, '2023-06-25 13:48:30', NULL, 0);
INSERT INTO `city_info` VALUES (5405, '山南市', 54, '2023-06-25 13:48:30', NULL, 0);
INSERT INTO `city_info` VALUES (5406, '那曲市', 54, '2023-06-25 13:48:30', NULL, 0);
INSERT INTO `city_info` VALUES (5425, '阿里地区', 54, '2023-06-25 13:48:30', NULL, 0);
INSERT INTO `city_info` VALUES (6101, '西安市', 61, '2023-06-25 13:48:30', NULL, 0);
INSERT INTO `city_info` VALUES (6102, '铜川市', 61, '2023-06-25 13:48:30', NULL, 0);
INSERT INTO `city_info` VALUES (6103, '宝鸡市', 61, '2023-06-25 13:48:30', NULL, 0);
INSERT INTO `city_info` VALUES (6104, '咸阳市', 61, '2023-06-25 13:48:30', NULL, 0);
INSERT INTO `city_info` VALUES (6105, '渭南市', 61, '2023-06-25 13:48:30', NULL, 0);
INSERT INTO `city_info` VALUES (6106, '延安市', 61, '2023-06-25 13:48:30', NULL, 0);
INSERT INTO `city_info` VALUES (6107, '汉中市', 61, '2023-06-25 13:48:30', NULL, 0);
INSERT INTO `city_info` VALUES (6108, '榆林市', 61, '2023-06-25 13:48:30', NULL, 0);
INSERT INTO `city_info` VALUES (6109, '安康市', 61, '2023-06-25 13:48:30', NULL, 0);
INSERT INTO `city_info` VALUES (6110, '商洛市', 61, '2023-06-25 13:48:30', NULL, 0);
INSERT INTO `city_info` VALUES (6201, '兰州市', 62, '2023-06-25 13:48:30', NULL, 0);
INSERT INTO `city_info` VALUES (6202, '嘉峪关市', 62, '2023-06-25 13:48:30', NULL, 0);
INSERT INTO `city_info` VALUES (6203, '金昌市', 62, '2023-06-25 13:48:30', NULL, 0);
INSERT INTO `city_info` VALUES (6204, '白银市', 62, '2023-06-25 13:48:30', NULL, 0);
INSERT INTO `city_info` VALUES (6205, '天水市', 62, '2023-06-25 13:48:30', NULL, 0);
INSERT INTO `city_info` VALUES (6206, '武威市', 62, '2023-06-25 13:48:30', NULL, 0);
INSERT INTO `city_info` VALUES (6207, '张掖市', 62, '2023-06-25 13:48:30', NULL, 0);
INSERT INTO `city_info` VALUES (6208, '平凉市', 62, '2023-06-25 13:48:30', NULL, 0);
INSERT INTO `city_info` VALUES (6209, '酒泉市', 62, '2023-06-25 13:48:30', NULL, 0);
INSERT INTO `city_info` VALUES (6210, '庆阳市', 62, '2023-06-25 13:48:30', NULL, 0);
INSERT INTO `city_info` VALUES (6211, '定西市', 62, '2023-06-25 13:48:30', NULL, 0);
INSERT INTO `city_info` VALUES (6212, '陇南市', 62, '2023-06-25 13:48:30', NULL, 0);
INSERT INTO `city_info` VALUES (6229, '临夏回族自治州', 62, '2023-06-25 13:48:30', NULL, 0);
INSERT INTO `city_info` VALUES (6230, '甘南藏族自治州', 62, '2023-06-25 13:48:30', NULL, 0);
INSERT INTO `city_info` VALUES (6301, '西宁市', 63, '2023-06-25 13:48:30', NULL, 0);
INSERT INTO `city_info` VALUES (6302, '海东市', 63, '2023-06-25 13:48:30', NULL, 0);
INSERT INTO `city_info` VALUES (6322, '海北藏族自治州', 63, '2023-06-25 13:48:30', NULL, 0);
INSERT INTO `city_info` VALUES (6323, '黄南藏族自治州', 63, '2023-06-25 13:48:30', NULL, 0);
INSERT INTO `city_info` VALUES (6325, '海南藏族自治州', 63, '2023-06-25 13:48:30', NULL, 0);
INSERT INTO `city_info` VALUES (6326, '果洛藏族自治州', 63, '2023-06-25 13:48:30', NULL, 0);
INSERT INTO `city_info` VALUES (6327, '玉树藏族自治州', 63, '2023-06-25 13:48:30', NULL, 0);
INSERT INTO `city_info` VALUES (6328, '海西蒙古族藏族自治州', 63, '2023-06-25 13:48:30', NULL, 0);
INSERT INTO `city_info` VALUES (6401, '银川市', 64, '2023-06-25 13:48:30', NULL, 0);
INSERT INTO `city_info` VALUES (6402, '石嘴山市', 64, '2023-06-25 13:48:30', NULL, 0);
INSERT INTO `city_info` VALUES (6403, '吴忠市', 64, '2023-06-25 13:48:30', NULL, 0);
INSERT INTO `city_info` VALUES (6404, '固原市', 64, '2023-06-25 13:48:30', NULL, 0);
INSERT INTO `city_info` VALUES (6405, '中卫市', 64, '2023-06-25 13:48:30', NULL, 0);
INSERT INTO `city_info` VALUES (6501, '乌鲁木齐市', 65, '2023-06-25 13:48:30', NULL, 0);
INSERT INTO `city_info` VALUES (6502, '克拉玛依市', 65, '2023-06-25 13:48:30', NULL, 0);
INSERT INTO `city_info` VALUES (6504, '吐鲁番市', 65, '2023-06-25 13:48:30', NULL, 0);
INSERT INTO `city_info` VALUES (6505, '哈密市', 65, '2023-06-25 13:48:30', NULL, 0);
INSERT INTO `city_info` VALUES (6523, '昌吉回族自治州', 65, '2023-06-25 13:48:30', NULL, 0);
INSERT INTO `city_info` VALUES (6527, '博尔塔拉蒙古自治州', 65, '2023-06-25 13:48:30', NULL, 0);
INSERT INTO `city_info` VALUES (6528, '巴音郭楞蒙古自治州', 65, '2023-06-25 13:48:30', NULL, 0);
INSERT INTO `city_info` VALUES (6529, '阿克苏地区', 65, '2023-06-25 13:48:30', NULL, 0);
INSERT INTO `city_info` VALUES (6530, '克孜勒苏柯尔克孜自治州', 65, '2023-06-25 13:48:30', NULL, 0);
INSERT INTO `city_info` VALUES (6531, '喀什地区', 65, '2023-06-25 13:48:30', NULL, 0);
INSERT INTO `city_info` VALUES (6532, '和田地区', 65, '2023-06-25 13:48:30', NULL, 0);
INSERT INTO `city_info` VALUES (6540, '伊犁哈萨克自治州', 65, '2023-06-25 13:48:30', NULL, 0);
INSERT INTO `city_info` VALUES (6542, '塔城地区', 65, '2023-06-25 13:48:30', NULL, 0);
INSERT INTO `city_info` VALUES (6543, '阿勒泰地区', 65, '2023-06-25 13:48:30', NULL, 0);
INSERT INTO `city_info` VALUES (6590, '自治区直辖县级行政区划', 65, '2023-06-25 13:48:30', NULL, 0);

-- ----------------------------
-- Table structure for district_info
-- ----------------------------
DROP TABLE IF EXISTS `district_info`;
CREATE TABLE `district_info`  (
  `id` int(11) NOT NULL AUTO_INCREMENT COMMENT '区域id',
  `name` varchar(255) CHARACTER SET utf8mb4 COLLATE utf8mb4_general_ci NULL DEFAULT NULL COMMENT '区域名称',
  `city_id` int(11) NULL DEFAULT NULL COMMENT '所属城市id',
  `create_time` timestamp NULL DEFAULT NULL COMMENT '创建时间',
  `update_time` timestamp NULL DEFAULT NULL COMMENT '更新时间',
  `is_deleted` tinyint(4) NULL DEFAULT 0 COMMENT '是否删除',
  PRIMARY KEY (`id`) USING BTREE
) ENGINE = InnoDB AUTO_INCREMENT = 659012 CHARACTER SET = utf8mb4 COLLATE = utf8mb4_general_ci ROW_FORMAT = Dynamic;

-- ----------------------------
-- Records of district_info
-- ----------------------------
INSERT INTO `district_info` VALUES (110101, '东城区', 1101, '2023-06-25 13:48:34', NULL, 0);
INSERT INTO `district_info` VALUES (110102, '西城区', 1101, '2023-06-25 13:48:34', NULL, 0);
INSERT INTO `district_info` VALUES (110105, '朝阳区', 1101, '2023-06-25 13:48:34', NULL, 0);
INSERT INTO `district_info` VALUES (110106, '丰台区', 1101, '2023-06-25 13:48:34', NULL, 0);
INSERT INTO `district_info` VALUES (110107, '石景山区', 1101, '2023-06-25 13:48:34', NULL, 0);
INSERT INTO `district_info` VALUES (110108, '海淀区', 1101, '2023-06-25 13:48:34', NULL, 0);
INSERT INTO `district_info` VALUES (110109, '门头沟区', 1101, '2023-06-25 13:48:34', NULL, 0);
INSERT INTO `district_info` VALUES (110111, '房山区', 1101, '2023-06-25 13:48:34', NULL, 0);
INSERT INTO `district_info` VALUES (110112, '通州区', 1101, '2023-06-25 13:48:34', NULL, 0);
INSERT INTO `district_info` VALUES (110113, '顺义区', 1101, '2023-06-25 13:48:34', NULL, 0);
INSERT INTO `district_info` VALUES (110114, '昌平区', 1101, '2023-06-25 13:48:34', NULL, 0);
INSERT INTO `district_info` VALUES (110115, '大兴区', 1101, '2023-06-25 13:48:34', NULL, 0);
INSERT INTO `district_info` VALUES (110116, '怀柔区', 1101, '2023-06-25 13:48:34', NULL, 0);
INSERT INTO `district_info` VALUES (110117, '平谷区', 1101, '2023-06-25 13:48:34', NULL, 0);
INSERT INTO `district_info` VALUES (110118, '密云区', 1101, '2023-06-25 13:48:34', NULL, 0);
INSERT INTO `district_info` VALUES (110119, '延庆区', 1101, '2023-06-25 13:48:34', NULL, 0);
INSERT INTO `district_info` VALUES (120101, '和平区', 1201, '2023-06-25 13:48:34', NULL, 0);
INSERT INTO `district_info` VALUES (120102, '河东区', 1201, '2023-06-25 13:48:34', NULL, 0);
INSERT INTO `district_info` VALUES (120103, '河西区', 1201, '2023-06-25 13:48:34', NULL, 0);
INSERT INTO `district_info` VALUES (120104, '南开区', 1201, '2023-06-25 13:48:34', NULL, 0);
INSERT INTO `district_info` VALUES (120105, '河北区', 1201, '2023-06-25 13:48:34', NULL, 0);
INSERT INTO `district_info` VALUES (120106, '红桥区', 1201, '2023-06-25 13:48:34', NULL, 0);
INSERT INTO `district_info` VALUES (120110, '东丽区', 1201, '2023-06-25 13:48:34', NULL, 0);
INSERT INTO `district_info` VALUES (120111, '西青区', 1201, '2023-06-25 13:48:34', NULL, 0);
INSERT INTO `district_info` VALUES (120112, '津南区', 1201, '2023-06-25 13:48:34', NULL, 0);
INSERT INTO `district_info` VALUES (120113, '北辰区', 1201, '2023-06-25 13:48:34', NULL, 0);
INSERT INTO `district_info` VALUES (120114, '武清区', 1201, '2023-06-25 13:48:34', NULL, 0);
INSERT INTO `district_info` VALUES (120115, '宝坻区', 1201, '2023-06-25 13:48:34', NULL, 0);
INSERT INTO `district_info` VALUES (120116, '滨海新区', 1201, '2023-06-25 13:48:34', NULL, 0);
INSERT INTO `district_info` VALUES (120117, '宁河区', 1201, '2023-06-25 13:48:34', NULL, 0);
INSERT INTO `district_info` VALUES (120118, '静海区', 1201, '2023-06-25 13:48:34', NULL, 0);
INSERT INTO `district_info` VALUES (120119, '蓟州区', 1201, '2023-06-25 13:48:34', NULL, 0);
INSERT INTO `district_info` VALUES (130102, '长安区', 1301, '2023-06-25 13:48:34', NULL, 0);
INSERT INTO `district_info` VALUES (130104, '桥西区', 1301, '2023-06-25 13:48:34', NULL, 0);
INSERT INTO `district_info` VALUES (130105, '新华区', 1301, '2023-06-25 13:48:34', NULL, 0);
INSERT INTO `district_info` VALUES (130107, '井陉矿区', 1301, '2023-06-25 13:48:34', NULL, 0);
INSERT INTO `district_info` VALUES (130108, '裕华区', 1301, '2023-06-25 13:48:34', NULL, 0);
INSERT INTO `district_info` VALUES (130109, '藁城区', 1301, '2023-06-25 13:48:34', NULL, 0);
INSERT INTO `district_info` VALUES (130110, '鹿泉区', 1301, '2023-06-25 13:48:34', NULL, 0);
INSERT INTO `district_info` VALUES (130111, '栾城区', 1301, '2023-06-25 13:48:34', NULL, 0);
INSERT INTO `district_info` VALUES (130121, '井陉县', 1301, '2023-06-25 13:48:34', NULL, 0);
INSERT INTO `district_info` VALUES (130123, '正定县', 1301, '2023-06-25 13:48:34', NULL, 0);
INSERT INTO `district_info` VALUES (130125, '行唐县', 1301, '2023-06-25 13:48:34', NULL, 0);
INSERT INTO `district_info` VALUES (130126, '灵寿县', 1301, '2023-06-25 13:48:34', NULL, 0);
INSERT INTO `district_info` VALUES (130127, '高邑县', 1301, '2023-06-25 13:48:34', NULL, 0);
INSERT INTO `district_info` VALUES (130128, '深泽县', 1301, '2023-06-25 13:48:34', NULL, 0);
INSERT INTO `district_info` VALUES (130129, '赞皇县', 1301, '2023-06-25 13:48:34', NULL, 0);
INSERT INTO `district_info` VALUES (130130, '无极县', 1301, '2023-06-25 13:48:34', NULL, 0);
INSERT INTO `district_info` VALUES (130131, '平山县', 1301, '2023-06-25 13:48:34', NULL, 0);
INSERT INTO `district_info` VALUES (130132, '元氏县', 1301, '2023-06-25 13:48:34', NULL, 0);
INSERT INTO `district_info` VALUES (130133, '赵县', 1301, '2023-06-25 13:48:34', NULL, 0);
INSERT INTO `district_info` VALUES (130171, '石家庄高新技术产业开发区', 1301, '2023-06-25 13:48:34', NULL, 0);
INSERT INTO `district_info` VALUES (130172, '石家庄循环化工园区', 1301, '2023-06-25 13:48:34', NULL, 0);
INSERT INTO `district_info` VALUES (130181, '辛集市', 1301, '2023-06-25 13:48:34', NULL, 0);
INSERT INTO `district_info` VALUES (130183, '晋州市', 1301, '2023-06-25 13:48:34', NULL, 0);
INSERT INTO `district_info` VALUES (130184, '新乐市', 1301, '2023-06-25 13:48:34', NULL, 0);
INSERT INTO `district_info` VALUES (130202, '路南区', 1302, '2023-06-25 13:48:34', NULL, 0);
INSERT INTO `district_info` VALUES (130203, '路北区', 1302, '2023-06-25 13:48:34', NULL, 0);
INSERT INTO `district_info` VALUES (130204, '古冶区', 1302, '2023-06-25 13:48:34', NULL, 0);
INSERT INTO `district_info` VALUES (130205, '开平区', 1302, '2023-06-25 13:48:34', NULL, 0);
INSERT INTO `district_info` VALUES (130207, '丰南区', 1302, '2023-06-25 13:48:34', NULL, 0);
INSERT INTO `district_info` VALUES (130208, '丰润区', 1302, '2023-06-25 13:48:34', NULL, 0);
INSERT INTO `district_info` VALUES (130209, '曹妃甸区', 1302, '2023-06-25 13:48:34', NULL, 0);
INSERT INTO `district_info` VALUES (130224, '滦南县', 1302, '2023-06-25 13:48:34', NULL, 0);
INSERT INTO `district_info` VALUES (130225, '乐亭县', 1302, '2023-06-25 13:48:34', NULL, 0);
INSERT INTO `district_info` VALUES (130227, '迁西县', 1302, '2023-06-25 13:48:34', NULL, 0);
INSERT INTO `district_info` VALUES (130229, '玉田县', 1302, '2023-06-25 13:48:34', NULL, 0);
INSERT INTO `district_info` VALUES (130271, '河北唐山芦台经济开发区', 1302, '2023-06-25 13:48:34', NULL, 0);
INSERT INTO `district_info` VALUES (130272, '唐山市汉沽管理区', 1302, '2023-06-25 13:48:34', NULL, 0);
INSERT INTO `district_info` VALUES (130273, '唐山高新技术产业开发区', 1302, '2023-06-25 13:48:34', NULL, 0);
INSERT INTO `district_info` VALUES (130274, '河北唐山海港经济开发区', 1302, '2023-06-25 13:48:34', NULL, 0);
INSERT INTO `district_info` VALUES (130281, '遵化市', 1302, '2023-06-25 13:48:34', NULL, 0);
INSERT INTO `district_info` VALUES (130283, '迁安市', 1302, '2023-06-25 13:48:34', NULL, 0);
INSERT INTO `district_info` VALUES (130284, '滦州市', 1302, '2023-06-25 13:48:34', NULL, 0);
INSERT INTO `district_info` VALUES (130302, '海港区', 1303, '2023-06-25 13:48:34', NULL, 0);
INSERT INTO `district_info` VALUES (130303, '山海关区', 1303, '2023-06-25 13:48:34', NULL, 0);
INSERT INTO `district_info` VALUES (130304, '北戴河区', 1303, '2023-06-25 13:48:34', NULL, 0);
INSERT INTO `district_info` VALUES (130306, '抚宁区', 1303, '2023-06-25 13:48:34', NULL, 0);
INSERT INTO `district_info` VALUES (130321, '青龙满族自治县', 1303, '2023-06-25 13:48:34', NULL, 0);
INSERT INTO `district_info` VALUES (130322, '昌黎县', 1303, '2023-06-25 13:48:34', NULL, 0);
INSERT INTO `district_info` VALUES (130324, '卢龙县', 1303, '2023-06-25 13:48:34', NULL, 0);
INSERT INTO `district_info` VALUES (130371, '秦皇岛市经济技术开发区', 1303, '2023-06-25 13:48:34', NULL, 0);
INSERT INTO `district_info` VALUES (130372, '北戴河新区', 1303, '2023-06-25 13:48:34', NULL, 0);
INSERT INTO `district_info` VALUES (130402, '邯山区', 1304, '2023-06-25 13:48:34', NULL, 0);
INSERT INTO `district_info` VALUES (130403, '丛台区', 1304, '2023-06-25 13:48:34', NULL, 0);
INSERT INTO `district_info` VALUES (130404, '复兴区', 1304, '2023-06-25 13:48:34', NULL, 0);
INSERT INTO `district_info` VALUES (130406, '峰峰矿区', 1304, '2023-06-25 13:48:34', NULL, 0);
INSERT INTO `district_info` VALUES (130407, '肥乡区', 1304, '2023-06-25 13:48:34', NULL, 0);
INSERT INTO `district_info` VALUES (130408, '永年区', 1304, '2023-06-25 13:48:34', NULL, 0);
INSERT INTO `district_info` VALUES (130423, '临漳县', 1304, '2023-06-25 13:48:34', NULL, 0);
INSERT INTO `district_info` VALUES (130424, '成安县', 1304, '2023-06-25 13:48:34', NULL, 0);
INSERT INTO `district_info` VALUES (130425, '大名县', 1304, '2023-06-25 13:48:34', NULL, 0);
INSERT INTO `district_info` VALUES (130426, '涉县', 1304, '2023-06-25 13:48:34', NULL, 0);
INSERT INTO `district_info` VALUES (130427, '磁县', 1304, '2023-06-25 13:48:34', NULL, 0);
INSERT INTO `district_info` VALUES (130430, '邱县', 1304, '2023-06-25 13:48:34', NULL, 0);
INSERT INTO `district_info` VALUES (130431, '鸡泽县', 1304, '2023-06-25 13:48:34', NULL, 0);
INSERT INTO `district_info` VALUES (130432, '广平县', 1304, '2023-06-25 13:48:34', NULL, 0);
INSERT INTO `district_info` VALUES (130433, '馆陶县', 1304, '2023-06-25 13:48:34', NULL, 0);
INSERT INTO `district_info` VALUES (130434, '魏县', 1304, '2023-06-25 13:48:34', NULL, 0);
INSERT INTO `district_info` VALUES (130435, '曲周县', 1304, '2023-06-25 13:48:34', NULL, 0);
INSERT INTO `district_info` VALUES (130471, '邯郸经济技术开发区', 1304, '2023-06-25 13:48:34', NULL, 0);
INSERT INTO `district_info` VALUES (130473, '邯郸冀南新区', 1304, '2023-06-25 13:48:34', NULL, 0);
INSERT INTO `district_info` VALUES (130481, '武安市', 1304, '2023-06-25 13:48:34', NULL, 0);
INSERT INTO `district_info` VALUES (130502, '襄都区', 1305, '2023-06-25 13:48:34', NULL, 0);
INSERT INTO `district_info` VALUES (130503, '信都区', 1305, '2023-06-25 13:48:34', NULL, 0);
INSERT INTO `district_info` VALUES (130505, '任泽区', 1305, '2023-06-25 13:48:34', NULL, 0);
INSERT INTO `district_info` VALUES (130506, '南和区', 1305, '2023-06-25 13:48:34', NULL, 0);
INSERT INTO `district_info` VALUES (130522, '临城县', 1305, '2023-06-25 13:48:34', NULL, 0);
INSERT INTO `district_info` VALUES (130523, '内丘县', 1305, '2023-06-25 13:48:34', NULL, 0);
INSERT INTO `district_info` VALUES (130524, '柏乡县', 1305, '2023-06-25 13:48:34', NULL, 0);
INSERT INTO `district_info` VALUES (130525, '隆尧县', 1305, '2023-06-25 13:48:34', NULL, 0);
INSERT INTO `district_info` VALUES (130528, '宁晋县', 1305, '2023-06-25 13:48:34', NULL, 0);
INSERT INTO `district_info` VALUES (130529, '巨鹿县', 1305, '2023-06-25 13:48:34', NULL, 0);
INSERT INTO `district_info` VALUES (130530, '新河县', 1305, '2023-06-25 13:48:34', NULL, 0);
INSERT INTO `district_info` VALUES (130531, '广宗县', 1305, '2023-06-25 13:48:34', NULL, 0);
INSERT INTO `district_info` VALUES (130532, '平乡县', 1305, '2023-06-25 13:48:34', NULL, 0);
INSERT INTO `district_info` VALUES (130533, '威县', 1305, '2023-06-25 13:48:34', NULL, 0);
INSERT INTO `district_info` VALUES (130534, '清河县', 1305, '2023-06-25 13:48:34', NULL, 0);
INSERT INTO `district_info` VALUES (130535, '临西县', 1305, '2023-06-25 13:48:34', NULL, 0);
INSERT INTO `district_info` VALUES (130571, '河北邢台经济开发区', 1305, '2023-06-25 13:48:34', NULL, 0);
INSERT INTO `district_info` VALUES (130581, '南宫市', 1305, '2023-06-25 13:48:34', NULL, 0);
INSERT INTO `district_info` VALUES (130582, '沙河市', 1305, '2023-06-25 13:48:34', NULL, 0);
INSERT INTO `district_info` VALUES (130602, '竞秀区', 1306, '2023-06-25 13:48:34', NULL, 0);
INSERT INTO `district_info` VALUES (130606, '莲池区', 1306, '2023-06-25 13:48:34', NULL, 0);
INSERT INTO `district_info` VALUES (130607, '满城区', 1306, '2023-06-25 13:48:34', NULL, 0);
INSERT INTO `district_info` VALUES (130608, '清苑区', 1306, '2023-06-25 13:48:34', NULL, 0);
INSERT INTO `district_info` VALUES (130609, '徐水区', 1306, '2023-06-25 13:48:34', NULL, 0);
INSERT INTO `district_info` VALUES (130623, '涞水县', 1306, '2023-06-25 13:48:34', NULL, 0);
INSERT INTO `district_info` VALUES (130624, '阜平县', 1306, '2023-06-25 13:48:34', NULL, 0);
INSERT INTO `district_info` VALUES (130626, '定兴县', 1306, '2023-06-25 13:48:34', NULL, 0);
INSERT INTO `district_info` VALUES (130627, '唐县', 1306, '2023-06-25 13:48:34', NULL, 0);
INSERT INTO `district_info` VALUES (130628, '高阳县', 1306, '2023-06-25 13:48:34', NULL, 0);
INSERT INTO `district_info` VALUES (130629, '容城县', 1306, '2023-06-25 13:48:34', NULL, 0);
INSERT INTO `district_info` VALUES (130630, '涞源县', 1306, '2023-06-25 13:48:34', NULL, 0);
INSERT INTO `district_info` VALUES (130631, '望都县', 1306, '2023-06-25 13:48:34', NULL, 0);
INSERT INTO `district_info` VALUES (130632, '安新县', 1306, '2023-06-25 13:48:34', NULL, 0);
INSERT INTO `district_info` VALUES (130633, '易县', 1306, '2023-06-25 13:48:34', NULL, 0);
INSERT INTO `district_info` VALUES (130634, '曲阳县', 1306, '2023-06-25 13:48:34', NULL, 0);
INSERT INTO `district_info` VALUES (130635, '蠡县', 1306, '2023-06-25 13:48:34', NULL, 0);
INSERT INTO `district_info` VALUES (130636, '顺平县', 1306, '2023-06-25 13:48:34', NULL, 0);
INSERT INTO `district_info` VALUES (130637, '博野县', 1306, '2023-06-25 13:48:34', NULL, 0);
INSERT INTO `district_info` VALUES (130638, '雄县', 1306, '2023-06-25 13:48:34', NULL, 0);
INSERT INTO `district_info` VALUES (130671, '保定高新技术产业开发区', 1306, '2023-06-25 13:48:34', NULL, 0);
INSERT INTO `district_info` VALUES (130672, '保定白沟新城', 1306, '2023-06-25 13:48:34', NULL, 0);
INSERT INTO `district_info` VALUES (130681, '涿州市', 1306, '2023-06-25 13:48:34', NULL, 0);
INSERT INTO `district_info` VALUES (130682, '定州市', 1306, '2023-06-25 13:48:34', NULL, 0);
INSERT INTO `district_info` VALUES (130683, '安国市', 1306, '2023-06-25 13:48:34', NULL, 0);
INSERT INTO `district_info` VALUES (130684, '高碑店市', 1306, '2023-06-25 13:48:34', NULL, 0);
INSERT INTO `district_info` VALUES (130702, '桥东区', 1307, '2023-06-25 13:48:34', NULL, 0);
INSERT INTO `district_info` VALUES (130703, '桥西区', 1307, '2023-06-25 13:48:34', NULL, 0);
INSERT INTO `district_info` VALUES (130705, '宣化区', 1307, '2023-06-25 13:48:34', NULL, 0);
INSERT INTO `district_info` VALUES (130706, '下花园区', 1307, '2023-06-25 13:48:34', NULL, 0);
INSERT INTO `district_info` VALUES (130708, '万全区', 1307, '2023-06-25 13:48:34', NULL, 0);
INSERT INTO `district_info` VALUES (130709, '崇礼区', 1307, '2023-06-25 13:48:34', NULL, 0);
INSERT INTO `district_info` VALUES (130722, '张北县', 1307, '2023-06-25 13:48:34', NULL, 0);
INSERT INTO `district_info` VALUES (130723, '康保县', 1307, '2023-06-25 13:48:34', NULL, 0);
INSERT INTO `district_info` VALUES (130724, '沽源县', 1307, '2023-06-25 13:48:34', NULL, 0);
INSERT INTO `district_info` VALUES (130725, '尚义县', 1307, '2023-06-25 13:48:34', NULL, 0);
INSERT INTO `district_info` VALUES (130726, '蔚县', 1307, '2023-06-25 13:48:34', NULL, 0);
INSERT INTO `district_info` VALUES (130727, '阳原县', 1307, '2023-06-25 13:48:34', NULL, 0);
INSERT INTO `district_info` VALUES (130728, '怀安县', 1307, '2023-06-25 13:48:34', NULL, 0);
INSERT INTO `district_info` VALUES (130730, '怀来县', 1307, '2023-06-25 13:48:34', NULL, 0);
INSERT INTO `district_info` VALUES (130731, '涿鹿县', 1307, '2023-06-25 13:48:34', NULL, 0);
INSERT INTO `district_info` VALUES (130732, '赤城县', 1307, '2023-06-25 13:48:34', NULL, 0);
INSERT INTO `district_info` VALUES (130771, '张家口经济开发区', 1307, '2023-06-25 13:48:34', NULL, 0);
INSERT INTO `district_info` VALUES (130772, '张家口市察北管理区', 1307, '2023-06-25 13:48:34', NULL, 0);
INSERT INTO `district_info` VALUES (130773, '张家口市塞北管理区', 1307, '2023-06-25 13:48:34', NULL, 0);
INSERT INTO `district_info` VALUES (130802, '双桥区', 1308, '2023-06-25 13:48:34', NULL, 0);
INSERT INTO `district_info` VALUES (130803, '双滦区', 1308, '2023-06-25 13:48:34', NULL, 0);
INSERT INTO `district_info` VALUES (130804, '鹰手营子矿区', 1308, '2023-06-25 13:48:34', NULL, 0);
INSERT INTO `district_info` VALUES (130821, '承德县', 1308, '2023-06-25 13:48:34', NULL, 0);
INSERT INTO `district_info` VALUES (130822, '兴隆县', 1308, '2023-06-25 13:48:34', NULL, 0);
INSERT INTO `district_info` VALUES (130824, '滦平县', 1308, '2023-06-25 13:48:34', NULL, 0);
INSERT INTO `district_info` VALUES (130825, '隆化县', 1308, '2023-06-25 13:48:34', NULL, 0);
INSERT INTO `district_info` VALUES (130826, '丰宁满族自治县', 1308, '2023-06-25 13:48:34', NULL, 0);
INSERT INTO `district_info` VALUES (130827, '宽城满族自治县', 1308, '2023-06-25 13:48:34', NULL, 0);
INSERT INTO `district_info` VALUES (130828, '围场满族蒙古族自治县', 1308, '2023-06-25 13:48:34', NULL, 0);
INSERT INTO `district_info` VALUES (130871, '承德高新技术产业开发区', 1308, '2023-06-25 13:48:34', NULL, 0);
INSERT INTO `district_info` VALUES (130881, '平泉市', 1308, '2023-06-25 13:48:34', NULL, 0);
INSERT INTO `district_info` VALUES (130902, '新华区', 1309, '2023-06-25 13:48:34', NULL, 0);
INSERT INTO `district_info` VALUES (130903, '运河区', 1309, '2023-06-25 13:48:34', NULL, 0);
INSERT INTO `district_info` VALUES (130921, '沧县', 1309, '2023-06-25 13:48:34', NULL, 0);
INSERT INTO `district_info` VALUES (130922, '青县', 1309, '2023-06-25 13:48:34', NULL, 0);
INSERT INTO `district_info` VALUES (130923, '东光县', 1309, '2023-06-25 13:48:34', NULL, 0);
INSERT INTO `district_info` VALUES (130924, '海兴县', 1309, '2023-06-25 13:48:34', NULL, 0);
INSERT INTO `district_info` VALUES (130925, '盐山县', 1309, '2023-06-25 13:48:34', NULL, 0);
INSERT INTO `district_info` VALUES (130926, '肃宁县', 1309, '2023-06-25 13:48:34', NULL, 0);
INSERT INTO `district_info` VALUES (130927, '南皮县', 1309, '2023-06-25 13:48:34', NULL, 0);
INSERT INTO `district_info` VALUES (130928, '吴桥县', 1309, '2023-06-25 13:48:34', NULL, 0);
INSERT INTO `district_info` VALUES (130929, '献县', 1309, '2023-06-25 13:48:34', NULL, 0);
INSERT INTO `district_info` VALUES (130930, '孟村回族自治县', 1309, '2023-06-25 13:48:34', NULL, 0);
INSERT INTO `district_info` VALUES (130971, '河北沧州经济开发区', 1309, '2023-06-25 13:48:34', NULL, 0);
INSERT INTO `district_info` VALUES (130972, '沧州高新技术产业开发区', 1309, '2023-06-25 13:48:34', NULL, 0);
INSERT INTO `district_info` VALUES (130973, '沧州渤海新区', 1309, '2023-06-25 13:48:34', NULL, 0);
INSERT INTO `district_info` VALUES (130981, '泊头市', 1309, '2023-06-25 13:48:34', NULL, 0);
INSERT INTO `district_info` VALUES (130982, '任丘市', 1309, '2023-06-25 13:48:34', NULL, 0);
INSERT INTO `district_info` VALUES (130983, '黄骅市', 1309, '2023-06-25 13:48:34', NULL, 0);
INSERT INTO `district_info` VALUES (130984, '河间市', 1309, '2023-06-25 13:48:34', NULL, 0);
INSERT INTO `district_info` VALUES (131002, '安次区', 1310, '2023-06-25 13:48:34', NULL, 0);
INSERT INTO `district_info` VALUES (131003, '广阳区', 1310, '2023-06-25 13:48:34', NULL, 0);
INSERT INTO `district_info` VALUES (131022, '固安县', 1310, '2023-06-25 13:48:34', NULL, 0);
INSERT INTO `district_info` VALUES (131023, '永清县', 1310, '2023-06-25 13:48:34', NULL, 0);
INSERT INTO `district_info` VALUES (131024, '香河县', 1310, '2023-06-25 13:48:34', NULL, 0);
INSERT INTO `district_info` VALUES (131025, '大城县', 1310, '2023-06-25 13:48:34', NULL, 0);
INSERT INTO `district_info` VALUES (131026, '文安县', 1310, '2023-06-25 13:48:34', NULL, 0);
INSERT INTO `district_info` VALUES (131028, '大厂回族自治县', 1310, '2023-06-25 13:48:34', NULL, 0);
INSERT INTO `district_info` VALUES (131071, '廊坊经济技术开发区', 1310, '2023-06-25 13:48:34', NULL, 0);
INSERT INTO `district_info` VALUES (131081, '霸州市', 1310, '2023-06-25 13:48:34', NULL, 0);
INSERT INTO `district_info` VALUES (131082, '三河市', 1310, '2023-06-25 13:48:34', NULL, 0);
INSERT INTO `district_info` VALUES (131102, '桃城区', 1311, '2023-06-25 13:48:34', NULL, 0);
INSERT INTO `district_info` VALUES (131103, '冀州区', 1311, '2023-06-25 13:48:34', NULL, 0);
INSERT INTO `district_info` VALUES (131121, '枣强县', 1311, '2023-06-25 13:48:34', NULL, 0);
INSERT INTO `district_info` VALUES (131122, '武邑县', 1311, '2023-06-25 13:48:34', NULL, 0);
INSERT INTO `district_info` VALUES (131123, '武强县', 1311, '2023-06-25 13:48:34', NULL, 0);
INSERT INTO `district_info` VALUES (131124, '饶阳县', 1311, '2023-06-25 13:48:34', NULL, 0);
INSERT INTO `district_info` VALUES (131125, '安平县', 1311, '2023-06-25 13:48:34', NULL, 0);
INSERT INTO `district_info` VALUES (131126, '故城县', 1311, '2023-06-25 13:48:34', NULL, 0);
INSERT INTO `district_info` VALUES (131127, '景县', 1311, '2023-06-25 13:48:34', NULL, 0);
INSERT INTO `district_info` VALUES (131128, '阜城县', 1311, '2023-06-25 13:48:34', NULL, 0);
INSERT INTO `district_info` VALUES (131171, '河北衡水高新技术产业开发区', 1311, '2023-06-25 13:48:34', NULL, 0);
INSERT INTO `district_info` VALUES (131172, '衡水滨湖新区', 1311, '2023-06-25 13:48:34', NULL, 0);
INSERT INTO `district_info` VALUES (131182, '深州市', 1311, '2023-06-25 13:48:34', NULL, 0);
INSERT INTO `district_info` VALUES (140105, '小店区', 1401, '2023-06-25 13:48:34', NULL, 0);
INSERT INTO `district_info` VALUES (140106, '迎泽区', 1401, '2023-06-25 13:48:34', NULL, 0);
INSERT INTO `district_info` VALUES (140107, '杏花岭区', 1401, '2023-06-25 13:48:34', NULL, 0);
INSERT INTO `district_info` VALUES (140108, '尖草坪区', 1401, '2023-06-25 13:48:34', NULL, 0);
INSERT INTO `district_info` VALUES (140109, '万柏林区', 1401, '2023-06-25 13:48:34', NULL, 0);
INSERT INTO `district_info` VALUES (140110, '晋源区', 1401, '2023-06-25 13:48:34', NULL, 0);
INSERT INTO `district_info` VALUES (140121, '清徐县', 1401, '2023-06-25 13:48:34', NULL, 0);
INSERT INTO `district_info` VALUES (140122, '阳曲县', 1401, '2023-06-25 13:48:34', NULL, 0);
INSERT INTO `district_info` VALUES (140123, '娄烦县', 1401, '2023-06-25 13:48:34', NULL, 0);
INSERT INTO `district_info` VALUES (140171, '山西转型综合改革示范区', 1401, '2023-06-25 13:48:34', NULL, 0);
INSERT INTO `district_info` VALUES (140181, '古交市', 1401, '2023-06-25 13:48:34', NULL, 0);
INSERT INTO `district_info` VALUES (140212, '新荣区', 1402, '2023-06-25 13:48:34', NULL, 0);
INSERT INTO `district_info` VALUES (140213, '平城区', 1402, '2023-06-25 13:48:34', NULL, 0);
INSERT INTO `district_info` VALUES (140214, '云冈区', 1402, '2023-06-25 13:48:34', NULL, 0);
INSERT INTO `district_info` VALUES (140215, '云州区', 1402, '2023-06-25 13:48:34', NULL, 0);
INSERT INTO `district_info` VALUES (140221, '阳高县', 1402, '2023-06-25 13:48:34', NULL, 0);
INSERT INTO `district_info` VALUES (140222, '天镇县', 1402, '2023-06-25 13:48:34', NULL, 0);
INSERT INTO `district_info` VALUES (140223, '广灵县', 1402, '2023-06-25 13:48:34', NULL, 0);
INSERT INTO `district_info` VALUES (140224, '灵丘县', 1402, '2023-06-25 13:48:34', NULL, 0);
INSERT INTO `district_info` VALUES (140225, '浑源县', 1402, '2023-06-25 13:48:34', NULL, 0);
INSERT INTO `district_info` VALUES (140226, '左云县', 1402, '2023-06-25 13:48:34', NULL, 0);
INSERT INTO `district_info` VALUES (140271, '山西大同经济开发区', 1402, '2023-06-25 13:48:34', NULL, 0);
INSERT INTO `district_info` VALUES (140302, '城区', 1403, '2023-06-25 13:48:34', NULL, 0);
INSERT INTO `district_info` VALUES (140303, '矿区', 1403, '2023-06-25 13:48:34', NULL, 0);
INSERT INTO `district_info` VALUES (140311, '郊区', 1403, '2023-06-25 13:48:34', NULL, 0);
INSERT INTO `district_info` VALUES (140321, '平定县', 1403, '2023-06-25 13:48:34', NULL, 0);
INSERT INTO `district_info` VALUES (140322, '盂县', 1403, '2023-06-25 13:48:34', NULL, 0);
INSERT INTO `district_info` VALUES (140403, '潞州区', 1404, '2023-06-25 13:48:34', NULL, 0);
INSERT INTO `district_info` VALUES (140404, '上党区', 1404, '2023-06-25 13:48:34', NULL, 0);
INSERT INTO `district_info` VALUES (140405, '屯留区', 1404, '2023-06-25 13:48:34', NULL, 0);
INSERT INTO `district_info` VALUES (140406, '潞城区', 1404, '2023-06-25 13:48:34', NULL, 0);
INSERT INTO `district_info` VALUES (140423, '襄垣县', 1404, '2023-06-25 13:48:34', NULL, 0);
INSERT INTO `district_info` VALUES (140425, '平顺县', 1404, '2023-06-25 13:48:34', NULL, 0);
INSERT INTO `district_info` VALUES (140426, '黎城县', 1404, '2023-06-25 13:48:34', NULL, 0);
INSERT INTO `district_info` VALUES (140427, '壶关县', 1404, '2023-06-25 13:48:34', NULL, 0);
INSERT INTO `district_info` VALUES (140428, '长子县', 1404, '2023-06-25 13:48:34', NULL, 0);
INSERT INTO `district_info` VALUES (140429, '武乡县', 1404, '2023-06-25 13:48:34', NULL, 0);
INSERT INTO `district_info` VALUES (140430, '沁县', 1404, '2023-06-25 13:48:34', NULL, 0);
INSERT INTO `district_info` VALUES (140431, '沁源县', 1404, '2023-06-25 13:48:34', NULL, 0);
INSERT INTO `district_info` VALUES (140471, '山西长治高新技术产业园区', 1404, '2023-06-25 13:48:34', NULL, 0);
INSERT INTO `district_info` VALUES (140502, '城区', 1405, '2023-06-25 13:48:34', NULL, 0);
INSERT INTO `district_info` VALUES (140521, '沁水县', 1405, '2023-06-25 13:48:34', NULL, 0);
INSERT INTO `district_info` VALUES (140522, '阳城县', 1405, '2023-06-25 13:48:34', NULL, 0);
INSERT INTO `district_info` VALUES (140524, '陵川县', 1405, '2023-06-25 13:48:34', NULL, 0);
INSERT INTO `district_info` VALUES (140525, '泽州县', 1405, '2023-06-25 13:48:34', NULL, 0);
INSERT INTO `district_info` VALUES (140581, '高平市', 1405, '2023-06-25 13:48:34', NULL, 0);
INSERT INTO `district_info` VALUES (140602, '朔城区', 1406, '2023-06-25 13:48:34', NULL, 0);
INSERT INTO `district_info` VALUES (140603, '平鲁区', 1406, '2023-06-25 13:48:34', NULL, 0);
INSERT INTO `district_info` VALUES (140621, '山阴县', 1406, '2023-06-25 13:48:34', NULL, 0);
INSERT INTO `district_info` VALUES (140622, '应县', 1406, '2023-06-25 13:48:34', NULL, 0);
INSERT INTO `district_info` VALUES (140623, '右玉县', 1406, '2023-06-25 13:48:34', NULL, 0);
INSERT INTO `district_info` VALUES (140671, '山西朔州经济开发区', 1406, '2023-06-25 13:48:34', NULL, 0);
INSERT INTO `district_info` VALUES (140681, '怀仁市', 1406, '2023-06-25 13:48:34', NULL, 0);
INSERT INTO `district_info` VALUES (140702, '榆次区', 1407, '2023-06-25 13:48:34', NULL, 0);
INSERT INTO `district_info` VALUES (140703, '太谷区', 1407, '2023-06-25 13:48:34', NULL, 0);
INSERT INTO `district_info` VALUES (140721, '榆社县', 1407, '2023-06-25 13:48:34', NULL, 0);
INSERT INTO `district_info` VALUES (140722, '左权县', 1407, '2023-06-25 13:48:34', NULL, 0);
INSERT INTO `district_info` VALUES (140723, '和顺县', 1407, '2023-06-25 13:48:34', NULL, 0);
INSERT INTO `district_info` VALUES (140724, '昔阳县', 1407, '2023-06-25 13:48:34', NULL, 0);
INSERT INTO `district_info` VALUES (140725, '寿阳县', 1407, '2023-06-25 13:48:34', NULL, 0);
INSERT INTO `district_info` VALUES (140727, '祁县', 1407, '2023-06-25 13:48:34', NULL, 0);
INSERT INTO `district_info` VALUES (140728, '平遥县', 1407, '2023-06-25 13:48:34', NULL, 0);
INSERT INTO `district_info` VALUES (140729, '灵石县', 1407, '2023-06-25 13:48:34', NULL, 0);
INSERT INTO `district_info` VALUES (140781, '介休市', 1407, '2023-06-25 13:48:34', NULL, 0);
INSERT INTO `district_info` VALUES (140802, '盐湖区', 1408, '2023-06-25 13:48:34', NULL, 0);
INSERT INTO `district_info` VALUES (140821, '临猗县', 1408, '2023-06-25 13:48:34', NULL, 0);
INSERT INTO `district_info` VALUES (140822, '万荣县', 1408, '2023-06-25 13:48:34', NULL, 0);
INSERT INTO `district_info` VALUES (140823, '闻喜县', 1408, '2023-06-25 13:48:34', NULL, 0);
INSERT INTO `district_info` VALUES (140824, '稷山县', 1408, '2023-06-25 13:48:34', NULL, 0);
INSERT INTO `district_info` VALUES (140825, '新绛县', 1408, '2023-06-25 13:48:34', NULL, 0);
INSERT INTO `district_info` VALUES (140826, '绛县', 1408, '2023-06-25 13:48:34', NULL, 0);
INSERT INTO `district_info` VALUES (140827, '垣曲县', 1408, '2023-06-25 13:48:34', NULL, 0);
INSERT INTO `district_info` VALUES (140828, '夏县', 1408, '2023-06-25 13:48:34', NULL, 0);
INSERT INTO `district_info` VALUES (140829, '平陆县', 1408, '2023-06-25 13:48:34', NULL, 0);
INSERT INTO `district_info` VALUES (140830, '芮城县', 1408, '2023-06-25 13:48:34', NULL, 0);
INSERT INTO `district_info` VALUES (140881, '永济市', 1408, '2023-06-25 13:48:34', NULL, 0);
INSERT INTO `district_info` VALUES (140882, '河津市', 1408, '2023-06-25 13:48:34', NULL, 0);
INSERT INTO `district_info` VALUES (140902, '忻府区', 1409, '2023-06-25 13:48:34', NULL, 0);
INSERT INTO `district_info` VALUES (140921, '定襄县', 1409, '2023-06-25 13:48:34', NULL, 0);
INSERT INTO `district_info` VALUES (140922, '五台县', 1409, '2023-06-25 13:48:34', NULL, 0);
INSERT INTO `district_info` VALUES (140923, '代县', 1409, '2023-06-25 13:48:34', NULL, 0);
INSERT INTO `district_info` VALUES (140924, '繁峙县', 1409, '2023-06-25 13:48:34', NULL, 0);
INSERT INTO `district_info` VALUES (140925, '宁武县', 1409, '2023-06-25 13:48:34', NULL, 0);
INSERT INTO `district_info` VALUES (140926, '静乐县', 1409, '2023-06-25 13:48:34', NULL, 0);
INSERT INTO `district_info` VALUES (140927, '神池县', 1409, '2023-06-25 13:48:34', NULL, 0);
INSERT INTO `district_info` VALUES (140928, '五寨县', 1409, '2023-06-25 13:48:34', NULL, 0);
INSERT INTO `district_info` VALUES (140929, '岢岚县', 1409, '2023-06-25 13:48:34', NULL, 0);
INSERT INTO `district_info` VALUES (140930, '河曲县', 1409, '2023-06-25 13:48:34', NULL, 0);
INSERT INTO `district_info` VALUES (140931, '保德县', 1409, '2023-06-25 13:48:34', NULL, 0);
INSERT INTO `district_info` VALUES (140932, '偏关县', 1409, '2023-06-25 13:48:34', NULL, 0);
INSERT INTO `district_info` VALUES (140971, '五台山风景名胜区', 1409, '2023-06-25 13:48:34', NULL, 0);
INSERT INTO `district_info` VALUES (140981, '原平市', 1409, '2023-06-25 13:48:34', NULL, 0);
INSERT INTO `district_info` VALUES (141002, '尧都区', 1410, '2023-06-25 13:48:34', NULL, 0);
INSERT INTO `district_info` VALUES (141021, '曲沃县', 1410, '2023-06-25 13:48:34', NULL, 0);
INSERT INTO `district_info` VALUES (141022, '翼城县', 1410, '2023-06-25 13:48:34', NULL, 0);
INSERT INTO `district_info` VALUES (141023, '襄汾县', 1410, '2023-06-25 13:48:34', NULL, 0);
INSERT INTO `district_info` VALUES (141024, '洪洞县', 1410, '2023-06-25 13:48:34', NULL, 0);
INSERT INTO `district_info` VALUES (141025, '古县', 1410, '2023-06-25 13:48:34', NULL, 0);
INSERT INTO `district_info` VALUES (141026, '安泽县', 1410, '2023-06-25 13:48:34', NULL, 0);
INSERT INTO `district_info` VALUES (141027, '浮山县', 1410, '2023-06-25 13:48:34', NULL, 0);
INSERT INTO `district_info` VALUES (141028, '吉县', 1410, '2023-06-25 13:48:34', NULL, 0);
INSERT INTO `district_info` VALUES (141029, '乡宁县', 1410, '2023-06-25 13:48:34', NULL, 0);
INSERT INTO `district_info` VALUES (141030, '大宁县', 1410, '2023-06-25 13:48:34', NULL, 0);
INSERT INTO `district_info` VALUES (141031, '隰县', 1410, '2023-06-25 13:48:34', NULL, 0);
INSERT INTO `district_info` VALUES (141032, '永和县', 1410, '2023-06-25 13:48:34', NULL, 0);
INSERT INTO `district_info` VALUES (141033, '蒲县', 1410, '2023-06-25 13:48:34', NULL, 0);
INSERT INTO `district_info` VALUES (141034, '汾西县', 1410, '2023-06-25 13:48:34', NULL, 0);
INSERT INTO `district_info` VALUES (141081, '侯马市', 1410, '2023-06-25 13:48:34', NULL, 0);
INSERT INTO `district_info` VALUES (141082, '霍州市', 1410, '2023-06-25 13:48:34', NULL, 0);
INSERT INTO `district_info` VALUES (141102, '离石区', 1411, '2023-06-25 13:48:34', NULL, 0);
INSERT INTO `district_info` VALUES (141121, '文水县', 1411, '2023-06-25 13:48:34', NULL, 0);
INSERT INTO `district_info` VALUES (141122, '交城县', 1411, '2023-06-25 13:48:34', NULL, 0);
INSERT INTO `district_info` VALUES (141123, '兴县', 1411, '2023-06-25 13:48:34', NULL, 0);
INSERT INTO `district_info` VALUES (141124, '临县', 1411, '2023-06-25 13:48:34', NULL, 0);
INSERT INTO `district_info` VALUES (141125, '柳林县', 1411, '2023-06-25 13:48:34', NULL, 0);
INSERT INTO `district_info` VALUES (141126, '石楼县', 1411, '2023-06-25 13:48:34', NULL, 0);
INSERT INTO `district_info` VALUES (141127, '岚县', 1411, '2023-06-25 13:48:34', NULL, 0);
INSERT INTO `district_info` VALUES (141128, '方山县', 1411, '2023-06-25 13:48:34', NULL, 0);
INSERT INTO `district_info` VALUES (141129, '中阳县', 1411, '2023-06-25 13:48:34', NULL, 0);
INSERT INTO `district_info` VALUES (141130, '交口县', 1411, '2023-06-25 13:48:34', NULL, 0);
INSERT INTO `district_info` VALUES (141181, '孝义市', 1411, '2023-06-25 13:48:34', NULL, 0);
INSERT INTO `district_info` VALUES (141182, '汾阳市', 1411, '2023-06-25 13:48:34', NULL, 0);
INSERT INTO `district_info` VALUES (150102, '新城区', 1501, '2023-06-25 13:48:34', NULL, 0);
INSERT INTO `district_info` VALUES (150103, '回民区', 1501, '2023-06-25 13:48:34', NULL, 0);
INSERT INTO `district_info` VALUES (150104, '玉泉区', 1501, '2023-06-25 13:48:34', NULL, 0);
INSERT INTO `district_info` VALUES (150105, '赛罕区', 1501, '2023-06-25 13:48:34', NULL, 0);
INSERT INTO `district_info` VALUES (150121, '土默特左旗', 1501, '2023-06-25 13:48:34', NULL, 0);
INSERT INTO `district_info` VALUES (150122, '托克托县', 1501, '2023-06-25 13:48:34', NULL, 0);
INSERT INTO `district_info` VALUES (150123, '和林格尔县', 1501, '2023-06-25 13:48:34', NULL, 0);
INSERT INTO `district_info` VALUES (150124, '清水河县', 1501, '2023-06-25 13:48:34', NULL, 0);
INSERT INTO `district_info` VALUES (150125, '武川县', 1501, '2023-06-25 13:48:34', NULL, 0);
INSERT INTO `district_info` VALUES (150172, '呼和浩特经济技术开发区', 1501, '2023-06-25 13:48:34', NULL, 0);
INSERT INTO `district_info` VALUES (150202, '东河区', 1502, '2023-06-25 13:48:34', NULL, 0);
INSERT INTO `district_info` VALUES (150203, '昆都仑区', 1502, '2023-06-25 13:48:34', NULL, 0);
INSERT INTO `district_info` VALUES (150204, '青山区', 1502, '2023-06-25 13:48:34', NULL, 0);
INSERT INTO `district_info` VALUES (150205, '石拐区', 1502, '2023-06-25 13:48:34', NULL, 0);
INSERT INTO `district_info` VALUES (150206, '白云鄂博矿区', 1502, '2023-06-25 13:48:34', NULL, 0);
INSERT INTO `district_info` VALUES (150207, '九原区', 1502, '2023-06-25 13:48:34', NULL, 0);
INSERT INTO `district_info` VALUES (150221, '土默特右旗', 1502, '2023-06-25 13:48:34', NULL, 0);
INSERT INTO `district_info` VALUES (150222, '固阳县', 1502, '2023-06-25 13:48:34', NULL, 0);
INSERT INTO `district_info` VALUES (150223, '达尔罕茂明安联合旗', 1502, '2023-06-25 13:48:34', NULL, 0);
INSERT INTO `district_info` VALUES (150271, '包头稀土高新技术产业开发区', 1502, '2023-06-25 13:48:34', NULL, 0);
INSERT INTO `district_info` VALUES (150302, '海勃湾区', 1503, '2023-06-25 13:48:34', NULL, 0);
INSERT INTO `district_info` VALUES (150303, '海南区', 1503, '2023-06-25 13:48:34', NULL, 0);
INSERT INTO `district_info` VALUES (150304, '乌达区', 1503, '2023-06-25 13:48:34', NULL, 0);
INSERT INTO `district_info` VALUES (150402, '红山区', 1504, '2023-06-25 13:48:34', NULL, 0);
INSERT INTO `district_info` VALUES (150403, '元宝山区', 1504, '2023-06-25 13:48:34', NULL, 0);
INSERT INTO `district_info` VALUES (150404, '松山区', 1504, '2023-06-25 13:48:34', NULL, 0);
INSERT INTO `district_info` VALUES (150421, '阿鲁科尔沁旗', 1504, '2023-06-25 13:48:34', NULL, 0);
INSERT INTO `district_info` VALUES (150422, '巴林左旗', 1504, '2023-06-25 13:48:34', NULL, 0);
INSERT INTO `district_info` VALUES (150423, '巴林右旗', 1504, '2023-06-25 13:48:34', NULL, 0);
INSERT INTO `district_info` VALUES (150424, '林西县', 1504, '2023-06-25 13:48:34', NULL, 0);
INSERT INTO `district_info` VALUES (150425, '克什克腾旗', 1504, '2023-06-25 13:48:34', NULL, 0);
INSERT INTO `district_info` VALUES (150426, '翁牛特旗', 1504, '2023-06-25 13:48:34', NULL, 0);
INSERT INTO `district_info` VALUES (150428, '喀喇沁旗', 1504, '2023-06-25 13:48:34', NULL, 0);
INSERT INTO `district_info` VALUES (150429, '宁城县', 1504, '2023-06-25 13:48:34', NULL, 0);
INSERT INTO `district_info` VALUES (150430, '敖汉旗', 1504, '2023-06-25 13:48:34', NULL, 0);
INSERT INTO `district_info` VALUES (150502, '科尔沁区', 1505, '2023-06-25 13:48:34', NULL, 0);
INSERT INTO `district_info` VALUES (150521, '科尔沁左翼中旗', 1505, '2023-06-25 13:48:34', NULL, 0);
INSERT INTO `district_info` VALUES (150522, '科尔沁左翼后旗', 1505, '2023-06-25 13:48:34', NULL, 0);
INSERT INTO `district_info` VALUES (150523, '开鲁县', 1505, '2023-06-25 13:48:34', NULL, 0);
INSERT INTO `district_info` VALUES (150524, '库伦旗', 1505, '2023-06-25 13:48:34', NULL, 0);
INSERT INTO `district_info` VALUES (150525, '奈曼旗', 1505, '2023-06-25 13:48:34', NULL, 0);
INSERT INTO `district_info` VALUES (150526, '扎鲁特旗', 1505, '2023-06-25 13:48:34', NULL, 0);
INSERT INTO `district_info` VALUES (150571, '通辽经济技术开发区', 1505, '2023-06-25 13:48:34', NULL, 0);
INSERT INTO `district_info` VALUES (150581, '霍林郭勒市', 1505, '2023-06-25 13:48:34', NULL, 0);
INSERT INTO `district_info` VALUES (150602, '东胜区', 1506, '2023-06-25 13:48:34', NULL, 0);
INSERT INTO `district_info` VALUES (150603, '康巴什区', 1506, '2023-06-25 13:48:34', NULL, 0);
INSERT INTO `district_info` VALUES (150621, '达拉特旗', 1506, '2023-06-25 13:48:34', NULL, 0);
INSERT INTO `district_info` VALUES (150622, '准格尔旗', 1506, '2023-06-25 13:48:34', NULL, 0);
INSERT INTO `district_info` VALUES (150623, '鄂托克前旗', 1506, '2023-06-25 13:48:34', NULL, 0);
INSERT INTO `district_info` VALUES (150624, '鄂托克旗', 1506, '2023-06-25 13:48:34', NULL, 0);
INSERT INTO `district_info` VALUES (150625, '杭锦旗', 1506, '2023-06-25 13:48:34', NULL, 0);
INSERT INTO `district_info` VALUES (150626, '乌审旗', 1506, '2023-06-25 13:48:34', NULL, 0);
INSERT INTO `district_info` VALUES (150627, '伊金霍洛旗', 1506, '2023-06-25 13:48:34', NULL, 0);
INSERT INTO `district_info` VALUES (150702, '海拉尔区', 1507, '2023-06-25 13:48:34', NULL, 0);
INSERT INTO `district_info` VALUES (150703, '扎赉诺尔区', 1507, '2023-06-25 13:48:34', NULL, 0);
INSERT INTO `district_info` VALUES (150721, '阿荣旗', 1507, '2023-06-25 13:48:34', NULL, 0);
INSERT INTO `district_info` VALUES (150722, '莫力达瓦达斡尔族自治旗', 1507, '2023-06-25 13:48:34', NULL, 0);
INSERT INTO `district_info` VALUES (150723, '鄂伦春自治旗', 1507, '2023-06-25 13:48:34', NULL, 0);
INSERT INTO `district_info` VALUES (150724, '鄂温克族自治旗', 1507, '2023-06-25 13:48:34', NULL, 0);
INSERT INTO `district_info` VALUES (150725, '陈巴尔虎旗', 1507, '2023-06-25 13:48:34', NULL, 0);
INSERT INTO `district_info` VALUES (150726, '新巴尔虎左旗', 1507, '2023-06-25 13:48:34', NULL, 0);
INSERT INTO `district_info` VALUES (150727, '新巴尔虎右旗', 1507, '2023-06-25 13:48:34', NULL, 0);
INSERT INTO `district_info` VALUES (150781, '满洲里市', 1507, '2023-06-25 13:48:34', NULL, 0);
INSERT INTO `district_info` VALUES (150782, '牙克石市', 1507, '2023-06-25 13:48:34', NULL, 0);
INSERT INTO `district_info` VALUES (150783, '扎兰屯市', 1507, '2023-06-25 13:48:34', NULL, 0);
INSERT INTO `district_info` VALUES (150784, '额尔古纳市', 1507, '2023-06-25 13:48:34', NULL, 0);
INSERT INTO `district_info` VALUES (150785, '根河市', 1507, '2023-06-25 13:48:34', NULL, 0);
INSERT INTO `district_info` VALUES (150802, '临河区', 1508, '2023-06-25 13:48:34', NULL, 0);
INSERT INTO `district_info` VALUES (150821, '五原县', 1508, '2023-06-25 13:48:34', NULL, 0);
INSERT INTO `district_info` VALUES (150822, '磴口县', 1508, '2023-06-25 13:48:34', NULL, 0);
INSERT INTO `district_info` VALUES (150823, '乌拉特前旗', 1508, '2023-06-25 13:48:34', NULL, 0);
INSERT INTO `district_info` VALUES (150824, '乌拉特中旗', 1508, '2023-06-25 13:48:34', NULL, 0);
INSERT INTO `district_info` VALUES (150825, '乌拉特后旗', 1508, '2023-06-25 13:48:34', NULL, 0);
INSERT INTO `district_info` VALUES (150826, '杭锦后旗', 1508, '2023-06-25 13:48:34', NULL, 0);
INSERT INTO `district_info` VALUES (150902, '集宁区', 1509, '2023-06-25 13:48:34', NULL, 0);
INSERT INTO `district_info` VALUES (150921, '卓资县', 1509, '2023-06-25 13:48:34', NULL, 0);
INSERT INTO `district_info` VALUES (150922, '化德县', 1509, '2023-06-25 13:48:34', NULL, 0);
INSERT INTO `district_info` VALUES (150923, '商都县', 1509, '2023-06-25 13:48:34', NULL, 0);
INSERT INTO `district_info` VALUES (150924, '兴和县', 1509, '2023-06-25 13:48:34', NULL, 0);
INSERT INTO `district_info` VALUES (150925, '凉城县', 1509, '2023-06-25 13:48:34', NULL, 0);
INSERT INTO `district_info` VALUES (150926, '察哈尔右翼前旗', 1509, '2023-06-25 13:48:34', NULL, 0);
INSERT INTO `district_info` VALUES (150927, '察哈尔右翼中旗', 1509, '2023-06-25 13:48:34', NULL, 0);
INSERT INTO `district_info` VALUES (150928, '察哈尔右翼后旗', 1509, '2023-06-25 13:48:34', NULL, 0);
INSERT INTO `district_info` VALUES (150929, '四子王旗', 1509, '2023-06-25 13:48:34', NULL, 0);
INSERT INTO `district_info` VALUES (150981, '丰镇市', 1509, '2023-06-25 13:48:34', NULL, 0);
INSERT INTO `district_info` VALUES (152201, '乌兰浩特市', 1522, '2023-06-25 13:48:34', NULL, 0);
INSERT INTO `district_info` VALUES (152202, '阿尔山市', 1522, '2023-06-25 13:48:34', NULL, 0);
INSERT INTO `district_info` VALUES (152221, '科尔沁右翼前旗', 1522, '2023-06-25 13:48:34', NULL, 0);
INSERT INTO `district_info` VALUES (152222, '科尔沁右翼中旗', 1522, '2023-06-25 13:48:34', NULL, 0);
INSERT INTO `district_info` VALUES (152223, '扎赉特旗', 1522, '2023-06-25 13:48:34', NULL, 0);
INSERT INTO `district_info` VALUES (152224, '突泉县', 1522, '2023-06-25 13:48:34', NULL, 0);
INSERT INTO `district_info` VALUES (152501, '二连浩特市', 1525, '2023-06-25 13:48:34', NULL, 0);
INSERT INTO `district_info` VALUES (152502, '锡林浩特市', 1525, '2023-06-25 13:48:34', NULL, 0);
INSERT INTO `district_info` VALUES (152522, '阿巴嘎旗', 1525, '2023-06-25 13:48:34', NULL, 0);
INSERT INTO `district_info` VALUES (152523, '苏尼特左旗', 1525, '2023-06-25 13:48:34', NULL, 0);
INSERT INTO `district_info` VALUES (152524, '苏尼特右旗', 1525, '2023-06-25 13:48:34', NULL, 0);
INSERT INTO `district_info` VALUES (152525, '东乌珠穆沁旗', 1525, '2023-06-25 13:48:34', NULL, 0);
INSERT INTO `district_info` VALUES (152526, '西乌珠穆沁旗', 1525, '2023-06-25 13:48:34', NULL, 0);
INSERT INTO `district_info` VALUES (152527, '太仆寺旗', 1525, '2023-06-25 13:48:34', NULL, 0);
INSERT INTO `district_info` VALUES (152528, '镶黄旗', 1525, '2023-06-25 13:48:34', NULL, 0);
INSERT INTO `district_info` VALUES (152529, '正镶白旗', 1525, '2023-06-25 13:48:34', NULL, 0);
INSERT INTO `district_info` VALUES (152530, '正蓝旗', 1525, '2023-06-25 13:48:34', NULL, 0);
INSERT INTO `district_info` VALUES (152531, '多伦县', 1525, '2023-06-25 13:48:34', NULL, 0);
INSERT INTO `district_info` VALUES (152571, '乌拉盖管委会', 1525, '2023-06-25 13:48:34', NULL, 0);
INSERT INTO `district_info` VALUES (152921, '阿拉善左旗', 1529, '2023-06-25 13:48:34', NULL, 0);
INSERT INTO `district_info` VALUES (152922, '阿拉善右旗', 1529, '2023-06-25 13:48:34', NULL, 0);
INSERT INTO `district_info` VALUES (152923, '额济纳旗', 1529, '2023-06-25 13:48:34', NULL, 0);
INSERT INTO `district_info` VALUES (152971, '内蒙古阿拉善高新技术产业开发区', 1529, '2023-06-25 13:48:34', NULL, 0);
INSERT INTO `district_info` VALUES (210102, '和平区', 2101, '2023-06-25 13:48:34', NULL, 0);
INSERT INTO `district_info` VALUES (210103, '沈河区', 2101, '2023-06-25 13:48:34', NULL, 0);
INSERT INTO `district_info` VALUES (210104, '大东区', 2101, '2023-06-25 13:48:34', NULL, 0);
INSERT INTO `district_info` VALUES (210105, '皇姑区', 2101, '2023-06-25 13:48:34', NULL, 0);
INSERT INTO `district_info` VALUES (210106, '铁西区', 2101, '2023-06-25 13:48:34', NULL, 0);
INSERT INTO `district_info` VALUES (210111, '苏家屯区', 2101, '2023-06-25 13:48:34', NULL, 0);
INSERT INTO `district_info` VALUES (210112, '浑南区', 2101, '2023-06-25 13:48:34', NULL, 0);
INSERT INTO `district_info` VALUES (210113, '沈北新区', 2101, '2023-06-25 13:48:34', NULL, 0);
INSERT INTO `district_info` VALUES (210114, '于洪区', 2101, '2023-06-25 13:48:34', NULL, 0);
INSERT INTO `district_info` VALUES (210115, '辽中区', 2101, '2023-06-25 13:48:34', NULL, 0);
INSERT INTO `district_info` VALUES (210123, '康平县', 2101, '2023-06-25 13:48:34', NULL, 0);
INSERT INTO `district_info` VALUES (210124, '法库县', 2101, '2023-06-25 13:48:34', NULL, 0);
INSERT INTO `district_info` VALUES (210181, '新民市', 2101, '2023-06-25 13:48:34', NULL, 0);
INSERT INTO `district_info` VALUES (210202, '中山区', 2102, '2023-06-25 13:48:34', NULL, 0);
INSERT INTO `district_info` VALUES (210203, '西岗区', 2102, '2023-06-25 13:48:34', NULL, 0);
INSERT INTO `district_info` VALUES (210204, '沙河口区', 2102, '2023-06-25 13:48:34', NULL, 0);
INSERT INTO `district_info` VALUES (210211, '甘井子区', 2102, '2023-06-25 13:48:34', NULL, 0);
INSERT INTO `district_info` VALUES (210212, '旅顺口区', 2102, '2023-06-25 13:48:34', NULL, 0);
INSERT INTO `district_info` VALUES (210213, '金州区', 2102, '2023-06-25 13:48:34', NULL, 0);
INSERT INTO `district_info` VALUES (210214, '普兰店区', 2102, '2023-06-25 13:48:34', NULL, 0);
INSERT INTO `district_info` VALUES (210224, '长海县', 2102, '2023-06-25 13:48:34', NULL, 0);
INSERT INTO `district_info` VALUES (210281, '瓦房店市', 2102, '2023-06-25 13:48:34', NULL, 0);
INSERT INTO `district_info` VALUES (210283, '庄河市', 2102, '2023-06-25 13:48:34', NULL, 0);
INSERT INTO `district_info` VALUES (210302, '铁东区', 2103, '2023-06-25 13:48:34', NULL, 0);
INSERT INTO `district_info` VALUES (210303, '铁西区', 2103, '2023-06-25 13:48:34', NULL, 0);
INSERT INTO `district_info` VALUES (210304, '立山区', 2103, '2023-06-25 13:48:34', NULL, 0);
INSERT INTO `district_info` VALUES (210311, '千山区', 2103, '2023-06-25 13:48:34', NULL, 0);
INSERT INTO `district_info` VALUES (210321, '台安县', 2103, '2023-06-25 13:48:34', NULL, 0);
INSERT INTO `district_info` VALUES (210323, '岫岩满族自治县', 2103, '2023-06-25 13:48:34', NULL, 0);
INSERT INTO `district_info` VALUES (210381, '海城市', 2103, '2023-06-25 13:48:34', NULL, 0);
INSERT INTO `district_info` VALUES (210402, '新抚区', 2104, '2023-06-25 13:48:34', NULL, 0);
INSERT INTO `district_info` VALUES (210403, '东洲区', 2104, '2023-06-25 13:48:34', NULL, 0);
INSERT INTO `district_info` VALUES (210404, '望花区', 2104, '2023-06-25 13:48:34', NULL, 0);
INSERT INTO `district_info` VALUES (210411, '顺城区', 2104, '2023-06-25 13:48:34', NULL, 0);
INSERT INTO `district_info` VALUES (210421, '抚顺县', 2104, '2023-06-25 13:48:34', NULL, 0);
INSERT INTO `district_info` VALUES (210422, '新宾满族自治县', 2104, '2023-06-25 13:48:34', NULL, 0);
INSERT INTO `district_info` VALUES (210423, '清原满族自治县', 2104, '2023-06-25 13:48:34', NULL, 0);
INSERT INTO `district_info` VALUES (210502, '平山区', 2105, '2023-06-25 13:48:34', NULL, 0);
INSERT INTO `district_info` VALUES (210503, '溪湖区', 2105, '2023-06-25 13:48:34', NULL, 0);
INSERT INTO `district_info` VALUES (210504, '明山区', 2105, '2023-06-25 13:48:34', NULL, 0);
INSERT INTO `district_info` VALUES (210505, '南芬区', 2105, '2023-06-25 13:48:34', NULL, 0);
INSERT INTO `district_info` VALUES (210521, '本溪满族自治县', 2105, '2023-06-25 13:48:34', NULL, 0);
INSERT INTO `district_info` VALUES (210522, '桓仁满族自治县', 2105, '2023-06-25 13:48:34', NULL, 0);
INSERT INTO `district_info` VALUES (210602, '元宝区', 2106, '2023-06-25 13:48:34', NULL, 0);
INSERT INTO `district_info` VALUES (210603, '振兴区', 2106, '2023-06-25 13:48:34', NULL, 0);
INSERT INTO `district_info` VALUES (210604, '振安区', 2106, '2023-06-25 13:48:34', NULL, 0);
INSERT INTO `district_info` VALUES (210624, '宽甸满族自治县', 2106, '2023-06-25 13:48:34', NULL, 0);
INSERT INTO `district_info` VALUES (210681, '东港市', 2106, '2023-06-25 13:48:34', NULL, 0);
INSERT INTO `district_info` VALUES (210682, '凤城市', 2106, '2023-06-25 13:48:34', NULL, 0);
INSERT INTO `district_info` VALUES (210702, '古塔区', 2107, '2023-06-25 13:48:34', NULL, 0);
INSERT INTO `district_info` VALUES (210703, '凌河区', 2107, '2023-06-25 13:48:34', NULL, 0);
INSERT INTO `district_info` VALUES (210711, '太和区', 2107, '2023-06-25 13:48:34', NULL, 0);
INSERT INTO `district_info` VALUES (210726, '黑山县', 2107, '2023-06-25 13:48:34', NULL, 0);
INSERT INTO `district_info` VALUES (210727, '义县', 2107, '2023-06-25 13:48:34', NULL, 0);
INSERT INTO `district_info` VALUES (210781, '凌海市', 2107, '2023-06-25 13:48:34', NULL, 0);
INSERT INTO `district_info` VALUES (210782, '北镇市', 2107, '2023-06-25 13:48:34', NULL, 0);
INSERT INTO `district_info` VALUES (210802, '站前区', 2108, '2023-06-25 13:48:34', NULL, 0);
INSERT INTO `district_info` VALUES (210803, '西市区', 2108, '2023-06-25 13:48:34', NULL, 0);
INSERT INTO `district_info` VALUES (210804, '鲅鱼圈区', 2108, '2023-06-25 13:48:34', NULL, 0);
INSERT INTO `district_info` VALUES (210811, '老边区', 2108, '2023-06-25 13:48:34', NULL, 0);
INSERT INTO `district_info` VALUES (210881, '盖州市', 2108, '2023-06-25 13:48:34', NULL, 0);
INSERT INTO `district_info` VALUES (210882, '大石桥市', 2108, '2023-06-25 13:48:34', NULL, 0);
INSERT INTO `district_info` VALUES (210902, '海州区', 2109, '2023-06-25 13:48:34', NULL, 0);
INSERT INTO `district_info` VALUES (210903, '新邱区', 2109, '2023-06-25 13:48:34', NULL, 0);
INSERT INTO `district_info` VALUES (210904, '太平区', 2109, '2023-06-25 13:48:34', NULL, 0);
INSERT INTO `district_info` VALUES (210905, '清河门区', 2109, '2023-06-25 13:48:34', NULL, 0);
INSERT INTO `district_info` VALUES (210911, '细河区', 2109, '2023-06-25 13:48:34', NULL, 0);
INSERT INTO `district_info` VALUES (210921, '阜新蒙古族自治县', 2109, '2023-06-25 13:48:34', NULL, 0);
INSERT INTO `district_info` VALUES (210922, '彰武县', 2109, '2023-06-25 13:48:34', NULL, 0);
INSERT INTO `district_info` VALUES (211002, '白塔区', 2110, '2023-06-25 13:48:34', NULL, 0);
INSERT INTO `district_info` VALUES (211003, '文圣区', 2110, '2023-06-25 13:48:34', NULL, 0);
INSERT INTO `district_info` VALUES (211004, '宏伟区', 2110, '2023-06-25 13:48:34', NULL, 0);
INSERT INTO `district_info` VALUES (211005, '弓长岭区', 2110, '2023-06-25 13:48:34', NULL, 0);
INSERT INTO `district_info` VALUES (211011, '太子河区', 2110, '2023-06-25 13:48:34', NULL, 0);
INSERT INTO `district_info` VALUES (211021, '辽阳县', 2110, '2023-06-25 13:48:34', NULL, 0);
INSERT INTO `district_info` VALUES (211081, '灯塔市', 2110, '2023-06-25 13:48:34', NULL, 0);
INSERT INTO `district_info` VALUES (211102, '双台子区', 2111, '2023-06-25 13:48:34', NULL, 0);
INSERT INTO `district_info` VALUES (211103, '兴隆台区', 2111, '2023-06-25 13:48:34', NULL, 0);
INSERT INTO `district_info` VALUES (211104, '大洼区', 2111, '2023-06-25 13:48:34', NULL, 0);
INSERT INTO `district_info` VALUES (211122, '盘山县', 2111, '2023-06-25 13:48:34', NULL, 0);
INSERT INTO `district_info` VALUES (211202, '银州区', 2112, '2023-06-25 13:48:34', NULL, 0);
INSERT INTO `district_info` VALUES (211204, '清河区', 2112, '2023-06-25 13:48:34', NULL, 0);
INSERT INTO `district_info` VALUES (211221, '铁岭县', 2112, '2023-06-25 13:48:34', NULL, 0);
INSERT INTO `district_info` VALUES (211223, '西丰县', 2112, '2023-06-25 13:48:34', NULL, 0);
INSERT INTO `district_info` VALUES (211224, '昌图县', 2112, '2023-06-25 13:48:34', NULL, 0);
INSERT INTO `district_info` VALUES (211281, '调兵山市', 2112, '2023-06-25 13:48:34', NULL, 0);
INSERT INTO `district_info` VALUES (211282, '开原市', 2112, '2023-06-25 13:48:34', NULL, 0);
INSERT INTO `district_info` VALUES (211302, '双塔区', 2113, '2023-06-25 13:48:34', NULL, 0);
INSERT INTO `district_info` VALUES (211303, '龙城区', 2113, '2023-06-25 13:48:34', NULL, 0);
INSERT INTO `district_info` VALUES (211321, '朝阳县', 2113, '2023-06-25 13:48:34', NULL, 0);
INSERT INTO `district_info` VALUES (211322, '建平县', 2113, '2023-06-25 13:48:34', NULL, 0);
INSERT INTO `district_info` VALUES (211324, '喀喇沁左翼蒙古族自治县', 2113, '2023-06-25 13:48:34', NULL, 0);
INSERT INTO `district_info` VALUES (211381, '北票市', 2113, '2023-06-25 13:48:34', NULL, 0);
INSERT INTO `district_info` VALUES (211382, '凌源市', 2113, '2023-06-25 13:48:34', NULL, 0);
INSERT INTO `district_info` VALUES (211402, '连山区', 2114, '2023-06-25 13:48:34', NULL, 0);
INSERT INTO `district_info` VALUES (211403, '龙港区', 2114, '2023-06-25 13:48:34', NULL, 0);
INSERT INTO `district_info` VALUES (211404, '南票区', 2114, '2023-06-25 13:48:34', NULL, 0);
INSERT INTO `district_info` VALUES (211421, '绥中县', 2114, '2023-06-25 13:48:34', NULL, 0);
INSERT INTO `district_info` VALUES (211422, '建昌县', 2114, '2023-06-25 13:48:34', NULL, 0);
INSERT INTO `district_info` VALUES (211481, '兴城市', 2114, '2023-06-25 13:48:34', NULL, 0);
INSERT INTO `district_info` VALUES (220102, '南关区', 2201, '2023-06-25 13:48:34', NULL, 0);
INSERT INTO `district_info` VALUES (220103, '宽城区', 2201, '2023-06-25 13:48:34', NULL, 0);
INSERT INTO `district_info` VALUES (220104, '朝阳区', 2201, '2023-06-25 13:48:34', NULL, 0);
INSERT INTO `district_info` VALUES (220105, '二道区', 2201, '2023-06-25 13:48:34', NULL, 0);
INSERT INTO `district_info` VALUES (220106, '绿园区', 2201, '2023-06-25 13:48:34', NULL, 0);
INSERT INTO `district_info` VALUES (220112, '双阳区', 2201, '2023-06-25 13:48:34', NULL, 0);
INSERT INTO `district_info` VALUES (220113, '九台区', 2201, '2023-06-25 13:48:34', NULL, 0);
INSERT INTO `district_info` VALUES (220122, '农安县', 2201, '2023-06-25 13:48:34', NULL, 0);
INSERT INTO `district_info` VALUES (220171, '长春经济技术开发区', 2201, '2023-06-25 13:48:34', NULL, 0);
INSERT INTO `district_info` VALUES (220172, '长春净月高新技术产业开发区', 2201, '2023-06-25 13:48:34', NULL, 0);
INSERT INTO `district_info` VALUES (220173, '长春高新技术产业开发区', 2201, '2023-06-25 13:48:34', NULL, 0);
INSERT INTO `district_info` VALUES (220174, '长春汽车经济技术开发区', 2201, '2023-06-25 13:48:34', NULL, 0);
INSERT INTO `district_info` VALUES (220182, '榆树市', 2201, '2023-06-25 13:48:34', NULL, 0);
INSERT INTO `district_info` VALUES (220183, '德惠市', 2201, '2023-06-25 13:48:34', NULL, 0);
INSERT INTO `district_info` VALUES (220184, '公主岭市', 2201, '2023-06-25 13:48:34', NULL, 0);
INSERT INTO `district_info` VALUES (220202, '昌邑区', 2202, '2023-06-25 13:48:34', NULL, 0);
INSERT INTO `district_info` VALUES (220203, '龙潭区', 2202, '2023-06-25 13:48:34', NULL, 0);
INSERT INTO `district_info` VALUES (220204, '船营区', 2202, '2023-06-25 13:48:34', NULL, 0);
INSERT INTO `district_info` VALUES (220211, '丰满区', 2202, '2023-06-25 13:48:34', NULL, 0);
INSERT INTO `district_info` VALUES (220221, '永吉县', 2202, '2023-06-25 13:48:34', NULL, 0);
INSERT INTO `district_info` VALUES (220271, '吉林经济开发区', 2202, '2023-06-25 13:48:34', NULL, 0);
INSERT INTO `district_info` VALUES (220272, '吉林高新技术产业开发区', 2202, '2023-06-25 13:48:34', NULL, 0);
INSERT INTO `district_info` VALUES (220273, '吉林中国新加坡食品区', 2202, '2023-06-25 13:48:34', NULL, 0);
INSERT INTO `district_info` VALUES (220281, '蛟河市', 2202, '2023-06-25 13:48:34', NULL, 0);
INSERT INTO `district_info` VALUES (220282, '桦甸市', 2202, '2023-06-25 13:48:34', NULL, 0);
INSERT INTO `district_info` VALUES (220283, '舒兰市', 2202, '2023-06-25 13:48:34', NULL, 0);
INSERT INTO `district_info` VALUES (220284, '磐石市', 2202, '2023-06-25 13:48:34', NULL, 0);
INSERT INTO `district_info` VALUES (220302, '铁西区', 2203, '2023-06-25 13:48:34', NULL, 0);
INSERT INTO `district_info` VALUES (220303, '铁东区', 2203, '2023-06-25 13:48:34', NULL, 0);
INSERT INTO `district_info` VALUES (220322, '梨树县', 2203, '2023-06-25 13:48:34', NULL, 0);
INSERT INTO `district_info` VALUES (220323, '伊通满族自治县', 2203, '2023-06-25 13:48:34', NULL, 0);
INSERT INTO `district_info` VALUES (220382, '双辽市', 2203, '2023-06-25 13:48:34', NULL, 0);
INSERT INTO `district_info` VALUES (220402, '龙山区', 2204, '2023-06-25 13:48:34', NULL, 0);
INSERT INTO `district_info` VALUES (220403, '西安区', 2204, '2023-06-25 13:48:34', NULL, 0);
INSERT INTO `district_info` VALUES (220421, '东丰县', 2204, '2023-06-25 13:48:34', NULL, 0);
INSERT INTO `district_info` VALUES (220422, '东辽县', 2204, '2023-06-25 13:48:34', NULL, 0);
INSERT INTO `district_info` VALUES (220502, '东昌区', 2205, '2023-06-25 13:48:34', NULL, 0);
INSERT INTO `district_info` VALUES (220503, '二道江区', 2205, '2023-06-25 13:48:34', NULL, 0);
INSERT INTO `district_info` VALUES (220521, '通化县', 2205, '2023-06-25 13:48:34', NULL, 0);
INSERT INTO `district_info` VALUES (220523, '辉南县', 2205, '2023-06-25 13:48:34', NULL, 0);
INSERT INTO `district_info` VALUES (220524, '柳河县', 2205, '2023-06-25 13:48:34', NULL, 0);
INSERT INTO `district_info` VALUES (220581, '梅河口市', 2205, '2023-06-25 13:48:34', NULL, 0);
INSERT INTO `district_info` VALUES (220582, '集安市', 2205, '2023-06-25 13:48:34', NULL, 0);
INSERT INTO `district_info` VALUES (220602, '浑江区', 2206, '2023-06-25 13:48:34', NULL, 0);
INSERT INTO `district_info` VALUES (220605, '江源区', 2206, '2023-06-25 13:48:34', NULL, 0);
INSERT INTO `district_info` VALUES (220621, '抚松县', 2206, '2023-06-25 13:48:34', NULL, 0);
INSERT INTO `district_info` VALUES (220622, '靖宇县', 2206, '2023-06-25 13:48:34', NULL, 0);
INSERT INTO `district_info` VALUES (220623, '长白朝鲜族自治县', 2206, '2023-06-25 13:48:34', NULL, 0);
INSERT INTO `district_info` VALUES (220681, '临江市', 2206, '2023-06-25 13:48:34', NULL, 0);
INSERT INTO `district_info` VALUES (220702, '宁江区', 2207, '2023-06-25 13:48:34', NULL, 0);
INSERT INTO `district_info` VALUES (220721, '前郭尔罗斯蒙古族自治县', 2207, '2023-06-25 13:48:34', NULL, 0);
INSERT INTO `district_info` VALUES (220722, '长岭县', 2207, '2023-06-25 13:48:34', NULL, 0);
INSERT INTO `district_info` VALUES (220723, '乾安县', 2207, '2023-06-25 13:48:34', NULL, 0);
INSERT INTO `district_info` VALUES (220771, '吉林松原经济开发区', 2207, '2023-06-25 13:48:34', NULL, 0);
INSERT INTO `district_info` VALUES (220781, '扶余市', 2207, '2023-06-25 13:48:34', NULL, 0);
INSERT INTO `district_info` VALUES (220802, '洮北区', 2208, '2023-06-25 13:48:34', NULL, 0);
INSERT INTO `district_info` VALUES (220821, '镇赉县', 2208, '2023-06-25 13:48:34', NULL, 0);
INSERT INTO `district_info` VALUES (220822, '通榆县', 2208, '2023-06-25 13:48:34', NULL, 0);
INSERT INTO `district_info` VALUES (220871, '吉林白城经济开发区', 2208, '2023-06-25 13:48:34', NULL, 0);
INSERT INTO `district_info` VALUES (220881, '洮南市', 2208, '2023-06-25 13:48:34', NULL, 0);
INSERT INTO `district_info` VALUES (220882, '大安市', 2208, '2023-06-25 13:48:34', NULL, 0);
INSERT INTO `district_info` VALUES (222401, '延吉市', 2224, '2023-06-25 13:48:34', NULL, 0);
INSERT INTO `district_info` VALUES (222402, '图们市', 2224, '2023-06-25 13:48:34', NULL, 0);
INSERT INTO `district_info` VALUES (222403, '敦化市', 2224, '2023-06-25 13:48:34', NULL, 0);
INSERT INTO `district_info` VALUES (222404, '珲春市', 2224, '2023-06-25 13:48:34', NULL, 0);
INSERT INTO `district_info` VALUES (222405, '龙井市', 2224, '2023-06-25 13:48:34', NULL, 0);
INSERT INTO `district_info` VALUES (222406, '和龙市', 2224, '2023-06-25 13:48:34', NULL, 0);
INSERT INTO `district_info` VALUES (222424, '汪清县', 2224, '2023-06-25 13:48:34', NULL, 0);
INSERT INTO `district_info` VALUES (222426, '安图县', 2224, '2023-06-25 13:48:34', NULL, 0);
INSERT INTO `district_info` VALUES (230102, '道里区', 2301, '2023-06-25 13:48:34', NULL, 0);
INSERT INTO `district_info` VALUES (230103, '南岗区', 2301, '2023-06-25 13:48:34', NULL, 0);
INSERT INTO `district_info` VALUES (230104, '道外区', 2301, '2023-06-25 13:48:34', NULL, 0);
INSERT INTO `district_info` VALUES (230108, '平房区', 2301, '2023-06-25 13:48:34', NULL, 0);
INSERT INTO `district_info` VALUES (230109, '松北区', 2301, '2023-06-25 13:48:34', NULL, 0);
INSERT INTO `district_info` VALUES (230110, '香坊区', 2301, '2023-06-25 13:48:34', NULL, 0);
INSERT INTO `district_info` VALUES (230111, '呼兰区', 2301, '2023-06-25 13:48:34', NULL, 0);
INSERT INTO `district_info` VALUES (230112, '阿城区', 2301, '2023-06-25 13:48:34', NULL, 0);
INSERT INTO `district_info` VALUES (230113, '双城区', 2301, '2023-06-25 13:48:34', NULL, 0);
INSERT INTO `district_info` VALUES (230123, '依兰县', 2301, '2023-06-25 13:48:34', NULL, 0);
INSERT INTO `district_info` VALUES (230124, '方正县', 2301, '2023-06-25 13:48:34', NULL, 0);
INSERT INTO `district_info` VALUES (230125, '宾县', 2301, '2023-06-25 13:48:34', NULL, 0);
INSERT INTO `district_info` VALUES (230126, '巴彦县', 2301, '2023-06-25 13:48:34', NULL, 0);
INSERT INTO `district_info` VALUES (230127, '木兰县', 2301, '2023-06-25 13:48:34', NULL, 0);
INSERT INTO `district_info` VALUES (230128, '通河县', 2301, '2023-06-25 13:48:34', NULL, 0);
INSERT INTO `district_info` VALUES (230129, '延寿县', 2301, '2023-06-25 13:48:34', NULL, 0);
INSERT INTO `district_info` VALUES (230183, '尚志市', 2301, '2023-06-25 13:48:34', NULL, 0);
INSERT INTO `district_info` VALUES (230184, '五常市', 2301, '2023-06-25 13:48:34', NULL, 0);
INSERT INTO `district_info` VALUES (230202, '龙沙区', 2302, '2023-06-25 13:48:34', NULL, 0);
INSERT INTO `district_info` VALUES (230203, '建华区', 2302, '2023-06-25 13:48:34', NULL, 0);
INSERT INTO `district_info` VALUES (230204, '铁锋区', 2302, '2023-06-25 13:48:34', NULL, 0);
INSERT INTO `district_info` VALUES (230205, '昂昂溪区', 2302, '2023-06-25 13:48:34', NULL, 0);
INSERT INTO `district_info` VALUES (230206, '富拉尔基区', 2302, '2023-06-25 13:48:34', NULL, 0);
INSERT INTO `district_info` VALUES (230207, '碾子山区', 2302, '2023-06-25 13:48:34', NULL, 0);
INSERT INTO `district_info` VALUES (230208, '梅里斯达斡尔族区', 2302, '2023-06-25 13:48:34', NULL, 0);
INSERT INTO `district_info` VALUES (230221, '龙江县', 2302, '2023-06-25 13:48:34', NULL, 0);
INSERT INTO `district_info` VALUES (230223, '依安县', 2302, '2023-06-25 13:48:34', NULL, 0);
INSERT INTO `district_info` VALUES (230224, '泰来县', 2302, '2023-06-25 13:48:34', NULL, 0);
INSERT INTO `district_info` VALUES (230225, '甘南县', 2302, '2023-06-25 13:48:34', NULL, 0);
INSERT INTO `district_info` VALUES (230227, '富裕县', 2302, '2023-06-25 13:48:34', NULL, 0);
INSERT INTO `district_info` VALUES (230229, '克山县', 2302, '2023-06-25 13:48:34', NULL, 0);
INSERT INTO `district_info` VALUES (230230, '克东县', 2302, '2023-06-25 13:48:34', NULL, 0);
INSERT INTO `district_info` VALUES (230231, '拜泉县', 2302, '2023-06-25 13:48:34', NULL, 0);
INSERT INTO `district_info` VALUES (230281, '讷河市', 2302, '2023-06-25 13:48:34', NULL, 0);
INSERT INTO `district_info` VALUES (230302, '鸡冠区', 2303, '2023-06-25 13:48:34', NULL, 0);
INSERT INTO `district_info` VALUES (230303, '恒山区', 2303, '2023-06-25 13:48:34', NULL, 0);
INSERT INTO `district_info` VALUES (230304, '滴道区', 2303, '2023-06-25 13:48:34', NULL, 0);
INSERT INTO `district_info` VALUES (230305, '梨树区', 2303, '2023-06-25 13:48:34', NULL, 0);
INSERT INTO `district_info` VALUES (230306, '城子河区', 2303, '2023-06-25 13:48:34', NULL, 0);
INSERT INTO `district_info` VALUES (230307, '麻山区', 2303, '2023-06-25 13:48:34', NULL, 0);
INSERT INTO `district_info` VALUES (230321, '鸡东县', 2303, '2023-06-25 13:48:34', NULL, 0);
INSERT INTO `district_info` VALUES (230381, '虎林市', 2303, '2023-06-25 13:48:34', NULL, 0);
INSERT INTO `district_info` VALUES (230382, '密山市', 2303, '2023-06-25 13:48:34', NULL, 0);
INSERT INTO `district_info` VALUES (230402, '向阳区', 2304, '2023-06-25 13:48:34', NULL, 0);
INSERT INTO `district_info` VALUES (230403, '工农区', 2304, '2023-06-25 13:48:34', NULL, 0);
INSERT INTO `district_info` VALUES (230404, '南山区', 2304, '2023-06-25 13:48:34', NULL, 0);
INSERT INTO `district_info` VALUES (230405, '兴安区', 2304, '2023-06-25 13:48:34', NULL, 0);
INSERT INTO `district_info` VALUES (230406, '东山区', 2304, '2023-06-25 13:48:34', NULL, 0);
INSERT INTO `district_info` VALUES (230407, '兴山区', 2304, '2023-06-25 13:48:34', NULL, 0);
INSERT INTO `district_info` VALUES (230421, '萝北县', 2304, '2023-06-25 13:48:34', NULL, 0);
INSERT INTO `district_info` VALUES (230422, '绥滨县', 2304, '2023-06-25 13:48:34', NULL, 0);
INSERT INTO `district_info` VALUES (230502, '尖山区', 2305, '2023-06-25 13:48:34', NULL, 0);
INSERT INTO `district_info` VALUES (230503, '岭东区', 2305, '2023-06-25 13:48:34', NULL, 0);
INSERT INTO `district_info` VALUES (230505, '四方台区', 2305, '2023-06-25 13:48:34', NULL, 0);
INSERT INTO `district_info` VALUES (230506, '宝山区', 2305, '2023-06-25 13:48:34', NULL, 0);
INSERT INTO `district_info` VALUES (230521, '集贤县', 2305, '2023-06-25 13:48:34', NULL, 0);
INSERT INTO `district_info` VALUES (230522, '友谊县', 2305, '2023-06-25 13:48:34', NULL, 0);
INSERT INTO `district_info` VALUES (230523, '宝清县', 2305, '2023-06-25 13:48:34', NULL, 0);
INSERT INTO `district_info` VALUES (230524, '饶河县', 2305, '2023-06-25 13:48:34', NULL, 0);
INSERT INTO `district_info` VALUES (230602, '萨尔图区', 2306, '2023-06-25 13:48:34', NULL, 0);
INSERT INTO `district_info` VALUES (230603, '龙凤区', 2306, '2023-06-25 13:48:34', NULL, 0);
INSERT INTO `district_info` VALUES (230604, '让胡路区', 2306, '2023-06-25 13:48:34', NULL, 0);
INSERT INTO `district_info` VALUES (230605, '红岗区', 2306, '2023-06-25 13:48:34', NULL, 0);
INSERT INTO `district_info` VALUES (230606, '大同区', 2306, '2023-06-25 13:48:34', NULL, 0);
INSERT INTO `district_info` VALUES (230621, '肇州县', 2306, '2023-06-25 13:48:34', NULL, 0);
INSERT INTO `district_info` VALUES (230622, '肇源县', 2306, '2023-06-25 13:48:34', NULL, 0);
INSERT INTO `district_info` VALUES (230623, '林甸县', 2306, '2023-06-25 13:48:34', NULL, 0);
INSERT INTO `district_info` VALUES (230624, '杜尔伯特蒙古族自治县', 2306, '2023-06-25 13:48:34', NULL, 0);
INSERT INTO `district_info` VALUES (230671, '大庆高新技术产业开发区', 2306, '2023-06-25 13:48:34', NULL, 0);
INSERT INTO `district_info` VALUES (230717, '伊美区', 2307, '2023-06-25 13:48:34', NULL, 0);
INSERT INTO `district_info` VALUES (230718, '乌翠区', 2307, '2023-06-25 13:48:34', NULL, 0);
INSERT INTO `district_info` VALUES (230719, '友好区', 2307, '2023-06-25 13:48:34', NULL, 0);
INSERT INTO `district_info` VALUES (230722, '嘉荫县', 2307, '2023-06-25 13:48:34', NULL, 0);
INSERT INTO `district_info` VALUES (230723, '汤旺县', 2307, '2023-06-25 13:48:34', NULL, 0);
INSERT INTO `district_info` VALUES (230724, '丰林县', 2307, '2023-06-25 13:48:34', NULL, 0);
INSERT INTO `district_info` VALUES (230725, '大箐山县', 2307, '2023-06-25 13:48:34', NULL, 0);
INSERT INTO `district_info` VALUES (230726, '南岔县', 2307, '2023-06-25 13:48:34', NULL, 0);
INSERT INTO `district_info` VALUES (230751, '金林区', 2307, '2023-06-25 13:48:34', NULL, 0);
INSERT INTO `district_info` VALUES (230781, '铁力市', 2307, '2023-06-25 13:48:34', NULL, 0);
INSERT INTO `district_info` VALUES (230803, '向阳区', 2308, '2023-06-25 13:48:34', NULL, 0);
INSERT INTO `district_info` VALUES (230804, '前进区', 2308, '2023-06-25 13:48:34', NULL, 0);
INSERT INTO `district_info` VALUES (230805, '东风区', 2308, '2023-06-25 13:48:34', NULL, 0);
INSERT INTO `district_info` VALUES (230811, '郊区', 2308, '2023-06-25 13:48:34', NULL, 0);
INSERT INTO `district_info` VALUES (230822, '桦南县', 2308, '2023-06-25 13:48:34', NULL, 0);
INSERT INTO `district_info` VALUES (230826, '桦川县', 2308, '2023-06-25 13:48:34', NULL, 0);
INSERT INTO `district_info` VALUES (230828, '汤原县', 2308, '2023-06-25 13:48:34', NULL, 0);
INSERT INTO `district_info` VALUES (230881, '同江市', 2308, '2023-06-25 13:48:34', NULL, 0);
INSERT INTO `district_info` VALUES (230882, '富锦市', 2308, '2023-06-25 13:48:34', NULL, 0);
INSERT INTO `district_info` VALUES (230883, '抚远市', 2308, '2023-06-25 13:48:34', NULL, 0);
INSERT INTO `district_info` VALUES (230902, '新兴区', 2309, '2023-06-25 13:48:34', NULL, 0);
INSERT INTO `district_info` VALUES (230903, '桃山区', 2309, '2023-06-25 13:48:34', NULL, 0);
INSERT INTO `district_info` VALUES (230904, '茄子河区', 2309, '2023-06-25 13:48:34', NULL, 0);
INSERT INTO `district_info` VALUES (230921, '勃利县', 2309, '2023-06-25 13:48:34', NULL, 0);
INSERT INTO `district_info` VALUES (231002, '东安区', 2310, '2023-06-25 13:48:34', NULL, 0);
INSERT INTO `district_info` VALUES (231003, '阳明区', 2310, '2023-06-25 13:48:34', NULL, 0);
INSERT INTO `district_info` VALUES (231004, '爱民区', 2310, '2023-06-25 13:48:34', NULL, 0);
INSERT INTO `district_info` VALUES (231005, '西安区', 2310, '2023-06-25 13:48:34', NULL, 0);
INSERT INTO `district_info` VALUES (231025, '林口县', 2310, '2023-06-25 13:48:34', NULL, 0);
INSERT INTO `district_info` VALUES (231071, '牡丹江经济技术开发区', 2310, '2023-06-25 13:48:34', NULL, 0);
INSERT INTO `district_info` VALUES (231081, '绥芬河市', 2310, '2023-06-25 13:48:34', NULL, 0);
INSERT INTO `district_info` VALUES (231083, '海林市', 2310, '2023-06-25 13:48:34', NULL, 0);
INSERT INTO `district_info` VALUES (231084, '宁安市', 2310, '2023-06-25 13:48:34', NULL, 0);
INSERT INTO `district_info` VALUES (231085, '穆棱市', 2310, '2023-06-25 13:48:34', NULL, 0);
INSERT INTO `district_info` VALUES (231086, '东宁市', 2310, '2023-06-25 13:48:34', NULL, 0);
INSERT INTO `district_info` VALUES (231102, '爱辉区', 2311, '2023-06-25 13:48:34', NULL, 0);
INSERT INTO `district_info` VALUES (231123, '逊克县', 2311, '2023-06-25 13:48:34', NULL, 0);
INSERT INTO `district_info` VALUES (231124, '孙吴县', 2311, '2023-06-25 13:48:34', NULL, 0);
INSERT INTO `district_info` VALUES (231181, '北安市', 2311, '2023-06-25 13:48:34', NULL, 0);
INSERT INTO `district_info` VALUES (231182, '五大连池市', 2311, '2023-06-25 13:48:34', NULL, 0);
INSERT INTO `district_info` VALUES (231183, '嫩江市', 2311, '2023-06-25 13:48:34', NULL, 0);
INSERT INTO `district_info` VALUES (231202, '北林区', 2312, '2023-06-25 13:48:34', NULL, 0);
INSERT INTO `district_info` VALUES (231221, '望奎县', 2312, '2023-06-25 13:48:34', NULL, 0);
INSERT INTO `district_info` VALUES (231222, '兰西县', 2312, '2023-06-25 13:48:34', NULL, 0);
INSERT INTO `district_info` VALUES (231223, '青冈县', 2312, '2023-06-25 13:48:34', NULL, 0);
INSERT INTO `district_info` VALUES (231224, '庆安县', 2312, '2023-06-25 13:48:34', NULL, 0);
INSERT INTO `district_info` VALUES (231225, '明水县', 2312, '2023-06-25 13:48:34', NULL, 0);
INSERT INTO `district_info` VALUES (231226, '绥棱县', 2312, '2023-06-25 13:48:34', NULL, 0);
INSERT INTO `district_info` VALUES (231281, '安达市', 2312, '2023-06-25 13:48:34', NULL, 0);
INSERT INTO `district_info` VALUES (231282, '肇东市', 2312, '2023-06-25 13:48:34', NULL, 0);
INSERT INTO `district_info` VALUES (231283, '海伦市', 2312, '2023-06-25 13:48:34', NULL, 0);
INSERT INTO `district_info` VALUES (232701, '漠河市', 2327, '2023-06-25 13:48:34', NULL, 0);
INSERT INTO `district_info` VALUES (232721, '呼玛县', 2327, '2023-06-25 13:48:34', NULL, 0);
INSERT INTO `district_info` VALUES (232722, '塔河县', 2327, '2023-06-25 13:48:34', NULL, 0);
INSERT INTO `district_info` VALUES (232761, '加格达奇区', 2327, '2023-06-25 13:48:34', NULL, 0);
INSERT INTO `district_info` VALUES (232762, '松岭区', 2327, '2023-06-25 13:48:34', NULL, 0);
INSERT INTO `district_info` VALUES (232763, '新林区', 2327, '2023-06-25 13:48:34', NULL, 0);
INSERT INTO `district_info` VALUES (232764, '呼中区', 2327, '2023-06-25 13:48:34', NULL, 0);
INSERT INTO `district_info` VALUES (310101, '黄浦区', 3101, '2023-06-25 13:48:34', NULL, 0);
INSERT INTO `district_info` VALUES (310104, '徐汇区', 3101, '2023-06-25 13:48:34', NULL, 0);
INSERT INTO `district_info` VALUES (310105, '长宁区', 3101, '2023-06-25 13:48:34', NULL, 0);
INSERT INTO `district_info` VALUES (310106, '静安区', 3101, '2023-06-25 13:48:34', NULL, 0);
INSERT INTO `district_info` VALUES (310107, '普陀区', 3101, '2023-06-25 13:48:34', NULL, 0);
INSERT INTO `district_info` VALUES (310109, '虹口区', 3101, '2023-06-25 13:48:34', NULL, 0);
INSERT INTO `district_info` VALUES (310110, '杨浦区', 3101, '2023-06-25 13:48:34', NULL, 0);
INSERT INTO `district_info` VALUES (310112, '闵行区', 3101, '2023-06-25 13:48:34', NULL, 0);
INSERT INTO `district_info` VALUES (310113, '宝山区', 3101, '2023-06-25 13:48:34', NULL, 0);
INSERT INTO `district_info` VALUES (310114, '嘉定区', 3101, '2023-06-25 13:48:34', NULL, 0);
INSERT INTO `district_info` VALUES (310115, '浦东新区', 3101, '2023-06-25 13:48:34', NULL, 0);
INSERT INTO `district_info` VALUES (310116, '金山区', 3101, '2023-06-25 13:48:34', NULL, 0);
INSERT INTO `district_info` VALUES (310117, '松江区', 3101, '2023-06-25 13:48:34', NULL, 0);
INSERT INTO `district_info` VALUES (310118, '青浦区', 3101, '2023-06-25 13:48:34', NULL, 0);
INSERT INTO `district_info` VALUES (310120, '奉贤区', 3101, '2023-06-25 13:48:34', NULL, 0);
INSERT INTO `district_info` VALUES (310151, '崇明区', 3101, '2023-06-25 13:48:34', NULL, 0);
INSERT INTO `district_info` VALUES (320102, '玄武区', 3201, '2023-06-25 13:48:34', NULL, 0);
INSERT INTO `district_info` VALUES (320104, '秦淮区', 3201, '2023-06-25 13:48:34', NULL, 0);
INSERT INTO `district_info` VALUES (320105, '建邺区', 3201, '2023-06-25 13:48:34', NULL, 0);
INSERT INTO `district_info` VALUES (320106, '鼓楼区', 3201, '2023-06-25 13:48:34', NULL, 0);
INSERT INTO `district_info` VALUES (320111, '浦口区', 3201, '2023-06-25 13:48:34', NULL, 0);
INSERT INTO `district_info` VALUES (320113, '栖霞区', 3201, '2023-06-25 13:48:34', NULL, 0);
INSERT INTO `district_info` VALUES (320114, '雨花台区', 3201, '2023-06-25 13:48:34', NULL, 0);
INSERT INTO `district_info` VALUES (320115, '江宁区', 3201, '2023-06-25 13:48:34', NULL, 0);
INSERT INTO `district_info` VALUES (320116, '六合区', 3201, '2023-06-25 13:48:34', NULL, 0);
INSERT INTO `district_info` VALUES (320117, '溧水区', 3201, '2023-06-25 13:48:34', NULL, 0);
INSERT INTO `district_info` VALUES (320118, '高淳区', 3201, '2023-06-25 13:48:34', NULL, 0);
INSERT INTO `district_info` VALUES (320205, '锡山区', 3202, '2023-06-25 13:48:34', NULL, 0);
INSERT INTO `district_info` VALUES (320206, '惠山区', 3202, '2023-06-25 13:48:34', NULL, 0);
INSERT INTO `district_info` VALUES (320211, '滨湖区', 3202, '2023-06-25 13:48:34', NULL, 0);
INSERT INTO `district_info` VALUES (320213, '梁溪区', 3202, '2023-06-25 13:48:34', NULL, 0);
INSERT INTO `district_info` VALUES (320214, '新吴区', 3202, '2023-06-25 13:48:34', NULL, 0);
INSERT INTO `district_info` VALUES (320281, '江阴市', 3202, '2023-06-25 13:48:34', NULL, 0);
INSERT INTO `district_info` VALUES (320282, '宜兴市', 3202, '2023-06-25 13:48:34', NULL, 0);
INSERT INTO `district_info` VALUES (320302, '鼓楼区', 3203, '2023-06-25 13:48:34', NULL, 0);
INSERT INTO `district_info` VALUES (320303, '云龙区', 3203, '2023-06-25 13:48:34', NULL, 0);
INSERT INTO `district_info` VALUES (320305, '贾汪区', 3203, '2023-06-25 13:48:34', NULL, 0);
INSERT INTO `district_info` VALUES (320311, '泉山区', 3203, '2023-06-25 13:48:34', NULL, 0);
INSERT INTO `district_info` VALUES (320312, '铜山区', 3203, '2023-06-25 13:48:34', NULL, 0);
INSERT INTO `district_info` VALUES (320321, '丰县', 3203, '2023-06-25 13:48:34', NULL, 0);
INSERT INTO `district_info` VALUES (320322, '沛县', 3203, '2023-06-25 13:48:34', NULL, 0);
INSERT INTO `district_info` VALUES (320324, '睢宁县', 3203, '2023-06-25 13:48:34', NULL, 0);
INSERT INTO `district_info` VALUES (320371, '徐州经济技术开发区', 3203, '2023-06-25 13:48:34', NULL, 0);
INSERT INTO `district_info` VALUES (320381, '新沂市', 3203, '2023-06-25 13:48:34', NULL, 0);
INSERT INTO `district_info` VALUES (320382, '邳州市', 3203, '2023-06-25 13:48:34', NULL, 0);
INSERT INTO `district_info` VALUES (320402, '天宁区', 3204, '2023-06-25 13:48:34', NULL, 0);
INSERT INTO `district_info` VALUES (320404, '钟楼区', 3204, '2023-06-25 13:48:34', NULL, 0);
INSERT INTO `district_info` VALUES (320411, '新北区', 3204, '2023-06-25 13:48:34', NULL, 0);
INSERT INTO `district_info` VALUES (320412, '武进区', 3204, '2023-06-25 13:48:34', NULL, 0);
INSERT INTO `district_info` VALUES (320413, '金坛区', 3204, '2023-06-25 13:48:34', NULL, 0);
INSERT INTO `district_info` VALUES (320481, '溧阳市', 3204, '2023-06-25 13:48:34', NULL, 0);
INSERT INTO `district_info` VALUES (320505, '虎丘区', 3205, '2023-06-25 13:48:34', NULL, 0);
INSERT INTO `district_info` VALUES (320506, '吴中区', 3205, '2023-06-25 13:48:34', NULL, 0);
INSERT INTO `district_info` VALUES (320507, '相城区', 3205, '2023-06-25 13:48:34', NULL, 0);
INSERT INTO `district_info` VALUES (320508, '姑苏区', 3205, '2023-06-25 13:48:34', NULL, 0);
INSERT INTO `district_info` VALUES (320509, '吴江区', 3205, '2023-06-25 13:48:34', NULL, 0);
INSERT INTO `district_info` VALUES (320571, '苏州工业园区', 3205, '2023-06-25 13:48:34', NULL, 0);
INSERT INTO `district_info` VALUES (320581, '常熟市', 3205, '2023-06-25 13:48:34', NULL, 0);
INSERT INTO `district_info` VALUES (320582, '张家港市', 3205, '2023-06-25 13:48:34', NULL, 0);
INSERT INTO `district_info` VALUES (320583, '昆山市', 3205, '2023-06-25 13:48:34', NULL, 0);
INSERT INTO `district_info` VALUES (320585, '太仓市', 3205, '2023-06-25 13:48:34', NULL, 0);
INSERT INTO `district_info` VALUES (320612, '通州区', 3206, '2023-06-25 13:48:34', NULL, 0);
INSERT INTO `district_info` VALUES (320613, '崇川区', 3206, '2023-06-25 13:48:34', NULL, 0);
INSERT INTO `district_info` VALUES (320614, '海门区', 3206, '2023-06-25 13:48:34', NULL, 0);
INSERT INTO `district_info` VALUES (320623, '如东县', 3206, '2023-06-25 13:48:34', NULL, 0);
INSERT INTO `district_info` VALUES (320671, '南通经济技术开发区', 3206, '2023-06-25 13:48:34', NULL, 0);
INSERT INTO `district_info` VALUES (320681, '启东市', 3206, '2023-06-25 13:48:34', NULL, 0);
INSERT INTO `district_info` VALUES (320682, '如皋市', 3206, '2023-06-25 13:48:34', NULL, 0);
INSERT INTO `district_info` VALUES (320685, '海安市', 3206, '2023-06-25 13:48:34', NULL, 0);
INSERT INTO `district_info` VALUES (320703, '连云区', 3207, '2023-06-25 13:48:34', NULL, 0);
INSERT INTO `district_info` VALUES (320706, '海州区', 3207, '2023-06-25 13:48:34', NULL, 0);
INSERT INTO `district_info` VALUES (320707, '赣榆区', 3207, '2023-06-25 13:48:34', NULL, 0);
INSERT INTO `district_info` VALUES (320722, '东海县', 3207, '2023-06-25 13:48:34', NULL, 0);
INSERT INTO `district_info` VALUES (320723, '灌云县', 3207, '2023-06-25 13:48:34', NULL, 0);
INSERT INTO `district_info` VALUES (320724, '灌南县', 3207, '2023-06-25 13:48:34', NULL, 0);
INSERT INTO `district_info` VALUES (320771, '连云港经济技术开发区', 3207, '2023-06-25 13:48:34', NULL, 0);
INSERT INTO `district_info` VALUES (320772, '连云港高新技术产业开发区', 3207, '2023-06-25 13:48:34', NULL, 0);
INSERT INTO `district_info` VALUES (320803, '淮安区', 3208, '2023-06-25 13:48:34', NULL, 0);
INSERT INTO `district_info` VALUES (320804, '淮阴区', 3208, '2023-06-25 13:48:34', NULL, 0);
INSERT INTO `district_info` VALUES (320812, '清江浦区', 3208, '2023-06-25 13:48:34', NULL, 0);
INSERT INTO `district_info` VALUES (320813, '洪泽区', 3208, '2023-06-25 13:48:34', NULL, 0);
INSERT INTO `district_info` VALUES (320826, '涟水县', 3208, '2023-06-25 13:48:34', NULL, 0);
INSERT INTO `district_info` VALUES (320830, '盱眙县', 3208, '2023-06-25 13:48:34', NULL, 0);
INSERT INTO `district_info` VALUES (320831, '金湖县', 3208, '2023-06-25 13:48:34', NULL, 0);
INSERT INTO `district_info` VALUES (320871, '淮安经济技术开发区', 3208, '2023-06-25 13:48:34', NULL, 0);
INSERT INTO `district_info` VALUES (320902, '亭湖区', 3209, '2023-06-25 13:48:34', NULL, 0);
INSERT INTO `district_info` VALUES (320903, '盐都区', 3209, '2023-06-25 13:48:34', NULL, 0);
INSERT INTO `district_info` VALUES (320904, '大丰区', 3209, '2023-06-25 13:48:34', NULL, 0);
INSERT INTO `district_info` VALUES (320921, '响水县', 3209, '2023-06-25 13:48:34', NULL, 0);
INSERT INTO `district_info` VALUES (320922, '滨海县', 3209, '2023-06-25 13:48:34', NULL, 0);
INSERT INTO `district_info` VALUES (320923, '阜宁县', 3209, '2023-06-25 13:48:34', NULL, 0);
INSERT INTO `district_info` VALUES (320924, '射阳县', 3209, '2023-06-25 13:48:34', NULL, 0);
INSERT INTO `district_info` VALUES (320925, '建湖县', 3209, '2023-06-25 13:48:34', NULL, 0);
INSERT INTO `district_info` VALUES (320971, '盐城经济技术开发区', 3209, '2023-06-25 13:48:34', NULL, 0);
INSERT INTO `district_info` VALUES (320981, '东台市', 3209, '2023-06-25 13:48:34', NULL, 0);
INSERT INTO `district_info` VALUES (321002, '广陵区', 3210, '2023-06-25 13:48:34', NULL, 0);
INSERT INTO `district_info` VALUES (321003, '邗江区', 3210, '2023-06-25 13:48:34', NULL, 0);
INSERT INTO `district_info` VALUES (321012, '江都区', 3210, '2023-06-25 13:48:34', NULL, 0);
INSERT INTO `district_info` VALUES (321023, '宝应县', 3210, '2023-06-25 13:48:34', NULL, 0);
INSERT INTO `district_info` VALUES (321071, '扬州经济技术开发区', 3210, '2023-06-25 13:48:34', NULL, 0);
INSERT INTO `district_info` VALUES (321081, '仪征市', 3210, '2023-06-25 13:48:34', NULL, 0);
INSERT INTO `district_info` VALUES (321084, '高邮市', 3210, '2023-06-25 13:48:34', NULL, 0);
INSERT INTO `district_info` VALUES (321102, '京口区', 3211, '2023-06-25 13:48:34', NULL, 0);
INSERT INTO `district_info` VALUES (321111, '润州区', 3211, '2023-06-25 13:48:34', NULL, 0);
INSERT INTO `district_info` VALUES (321112, '丹徒区', 3211, '2023-06-25 13:48:34', NULL, 0);
INSERT INTO `district_info` VALUES (321171, '镇江新区', 3211, '2023-06-25 13:48:34', NULL, 0);
INSERT INTO `district_info` VALUES (321181, '丹阳市', 3211, '2023-06-25 13:48:34', NULL, 0);
INSERT INTO `district_info` VALUES (321182, '扬中市', 3211, '2023-06-25 13:48:34', NULL, 0);
INSERT INTO `district_info` VALUES (321183, '句容市', 3211, '2023-06-25 13:48:34', NULL, 0);
INSERT INTO `district_info` VALUES (321202, '海陵区', 3212, '2023-06-25 13:48:34', NULL, 0);
INSERT INTO `district_info` VALUES (321203, '高港区', 3212, '2023-06-25 13:48:34', NULL, 0);
INSERT INTO `district_info` VALUES (321204, '姜堰区', 3212, '2023-06-25 13:48:34', NULL, 0);
INSERT INTO `district_info` VALUES (321271, '泰州医药高新技术产业开发区', 3212, '2023-06-25 13:48:34', NULL, 0);
INSERT INTO `district_info` VALUES (321281, '兴化市', 3212, '2023-06-25 13:48:34', NULL, 0);
INSERT INTO `district_info` VALUES (321282, '靖江市', 3212, '2023-06-25 13:48:34', NULL, 0);
INSERT INTO `district_info` VALUES (321283, '泰兴市', 3212, '2023-06-25 13:48:34', NULL, 0);
INSERT INTO `district_info` VALUES (321302, '宿城区', 3213, '2023-06-25 13:48:34', NULL, 0);
INSERT INTO `district_info` VALUES (321311, '宿豫区', 3213, '2023-06-25 13:48:34', NULL, 0);
INSERT INTO `district_info` VALUES (321322, '沭阳县', 3213, '2023-06-25 13:48:34', NULL, 0);
INSERT INTO `district_info` VALUES (321323, '泗阳县', 3213, '2023-06-25 13:48:34', NULL, 0);
INSERT INTO `district_info` VALUES (321324, '泗洪县', 3213, '2023-06-25 13:48:34', NULL, 0);
INSERT INTO `district_info` VALUES (321371, '宿迁经济技术开发区', 3213, '2023-06-25 13:48:34', NULL, 0);
INSERT INTO `district_info` VALUES (330102, '上城区', 3301, '2023-06-25 13:48:34', NULL, 0);
INSERT INTO `district_info` VALUES (330105, '拱墅区', 3301, '2023-06-25 13:48:34', NULL, 0);
INSERT INTO `district_info` VALUES (330106, '西湖区', 3301, '2023-06-25 13:48:34', NULL, 0);
INSERT INTO `district_info` VALUES (330108, '滨江区', 3301, '2023-06-25 13:48:34', NULL, 0);
INSERT INTO `district_info` VALUES (330109, '萧山区', 3301, '2023-06-25 13:48:34', NULL, 0);
INSERT INTO `district_info` VALUES (330110, '余杭区', 3301, '2023-06-25 13:48:34', NULL, 0);
INSERT INTO `district_info` VALUES (330111, '富阳区', 3301, '2023-06-25 13:48:34', NULL, 0);
INSERT INTO `district_info` VALUES (330112, '临安区', 3301, '2023-06-25 13:48:34', NULL, 0);
INSERT INTO `district_info` VALUES (330113, '临平区', 3301, '2023-06-25 13:48:34', NULL, 0);
INSERT INTO `district_info` VALUES (330114, '钱塘区', 3301, '2023-06-25 13:48:34', NULL, 0);
INSERT INTO `district_info` VALUES (330122, '桐庐县', 3301, '2023-06-25 13:48:34', NULL, 0);
INSERT INTO `district_info` VALUES (330127, '淳安县', 3301, '2023-06-25 13:48:34', NULL, 0);
INSERT INTO `district_info` VALUES (330182, '建德市', 3301, '2023-06-25 13:48:34', NULL, 0);
INSERT INTO `district_info` VALUES (330203, '海曙区', 3302, '2023-06-25 13:48:34', NULL, 0);
INSERT INTO `district_info` VALUES (330205, '江北区', 3302, '2023-06-25 13:48:34', NULL, 0);
INSERT INTO `district_info` VALUES (330206, '北仑区', 3302, '2023-06-25 13:48:34', NULL, 0);
INSERT INTO `district_info` VALUES (330211, '镇海区', 3302, '2023-06-25 13:48:34', NULL, 0);
INSERT INTO `district_info` VALUES (330212, '鄞州区', 3302, '2023-06-25 13:48:34', NULL, 0);
INSERT INTO `district_info` VALUES (330213, '奉化区', 3302, '2023-06-25 13:48:34', NULL, 0);
INSERT INTO `district_info` VALUES (330225, '象山县', 3302, '2023-06-25 13:48:34', NULL, 0);
INSERT INTO `district_info` VALUES (330226, '宁海县', 3302, '2023-06-25 13:48:34', NULL, 0);
INSERT INTO `district_info` VALUES (330281, '余姚市', 3302, '2023-06-25 13:48:34', NULL, 0);
INSERT INTO `district_info` VALUES (330282, '慈溪市', 3302, '2023-06-25 13:48:34', NULL, 0);
INSERT INTO `district_info` VALUES (330302, '鹿城区', 3303, '2023-06-25 13:48:34', NULL, 0);
INSERT INTO `district_info` VALUES (330303, '龙湾区', 3303, '2023-06-25 13:48:34', NULL, 0);
INSERT INTO `district_info` VALUES (330304, '瓯海区', 3303, '2023-06-25 13:48:34', NULL, 0);
INSERT INTO `district_info` VALUES (330305, '洞头区', 3303, '2023-06-25 13:48:34', NULL, 0);
INSERT INTO `district_info` VALUES (330324, '永嘉县', 3303, '2023-06-25 13:48:34', NULL, 0);
INSERT INTO `district_info` VALUES (330326, '平阳县', 3303, '2023-06-25 13:48:34', NULL, 0);
INSERT INTO `district_info` VALUES (330327, '苍南县', 3303, '2023-06-25 13:48:34', NULL, 0);
INSERT INTO `district_info` VALUES (330328, '文成县', 3303, '2023-06-25 13:48:34', NULL, 0);
INSERT INTO `district_info` VALUES (330329, '泰顺县', 3303, '2023-06-25 13:48:34', NULL, 0);
INSERT INTO `district_info` VALUES (330381, '瑞安市', 3303, '2023-06-25 13:48:34', NULL, 0);
INSERT INTO `district_info` VALUES (330382, '乐清市', 3303, '2023-06-25 13:48:34', NULL, 0);
INSERT INTO `district_info` VALUES (330383, '龙港市', 3303, '2023-06-25 13:48:34', NULL, 0);
INSERT INTO `district_info` VALUES (330402, '南湖区', 3304, '2023-06-25 13:48:34', NULL, 0);
INSERT INTO `district_info` VALUES (330411, '秀洲区', 3304, '2023-06-25 13:48:34', NULL, 0);
INSERT INTO `district_info` VALUES (330421, '嘉善县', 3304, '2023-06-25 13:48:34', NULL, 0);
INSERT INTO `district_info` VALUES (330424, '海盐县', 3304, '2023-06-25 13:48:34', NULL, 0);
INSERT INTO `district_info` VALUES (330481, '海宁市', 3304, '2023-06-25 13:48:34', NULL, 0);
INSERT INTO `district_info` VALUES (330482, '平湖市', 3304, '2023-06-25 13:48:34', NULL, 0);
INSERT INTO `district_info` VALUES (330483, '桐乡市', 3304, '2023-06-25 13:48:34', NULL, 0);
INSERT INTO `district_info` VALUES (330502, '吴兴区', 3305, '2023-06-25 13:48:34', NULL, 0);
INSERT INTO `district_info` VALUES (330503, '南浔区', 3305, '2023-06-25 13:48:34', NULL, 0);
INSERT INTO `district_info` VALUES (330521, '德清县', 3305, '2023-06-25 13:48:34', NULL, 0);
INSERT INTO `district_info` VALUES (330522, '长兴县', 3305, '2023-06-25 13:48:34', NULL, 0);
INSERT INTO `district_info` VALUES (330523, '安吉县', 3305, '2023-06-25 13:48:34', NULL, 0);
INSERT INTO `district_info` VALUES (330602, '越城区', 3306, '2023-06-25 13:48:34', NULL, 0);
INSERT INTO `district_info` VALUES (330603, '柯桥区', 3306, '2023-06-25 13:48:34', NULL, 0);
INSERT INTO `district_info` VALUES (330604, '上虞区', 3306, '2023-06-25 13:48:34', NULL, 0);
INSERT INTO `district_info` VALUES (330624, '新昌县', 3306, '2023-06-25 13:48:34', NULL, 0);
INSERT INTO `district_info` VALUES (330681, '诸暨市', 3306, '2023-06-25 13:48:34', NULL, 0);
INSERT INTO `district_info` VALUES (330683, '嵊州市', 3306, '2023-06-25 13:48:34', NULL, 0);
INSERT INTO `district_info` VALUES (330702, '婺城区', 3307, '2023-06-25 13:48:34', NULL, 0);
INSERT INTO `district_info` VALUES (330703, '金东区', 3307, '2023-06-25 13:48:34', NULL, 0);
INSERT INTO `district_info` VALUES (330723, '武义县', 3307, '2023-06-25 13:48:34', NULL, 0);
INSERT INTO `district_info` VALUES (330726, '浦江县', 3307, '2023-06-25 13:48:34', NULL, 0);
INSERT INTO `district_info` VALUES (330727, '磐安县', 3307, '2023-06-25 13:48:34', NULL, 0);
INSERT INTO `district_info` VALUES (330781, '兰溪市', 3307, '2023-06-25 13:48:34', NULL, 0);
INSERT INTO `district_info` VALUES (330782, '义乌市', 3307, '2023-06-25 13:48:34', NULL, 0);
INSERT INTO `district_info` VALUES (330783, '东阳市', 3307, '2023-06-25 13:48:34', NULL, 0);
INSERT INTO `district_info` VALUES (330784, '永康市', 3307, '2023-06-25 13:48:34', NULL, 0);
INSERT INTO `district_info` VALUES (330802, '柯城区', 3308, '2023-06-25 13:48:34', NULL, 0);
INSERT INTO `district_info` VALUES (330803, '衢江区', 3308, '2023-06-25 13:48:34', NULL, 0);
INSERT INTO `district_info` VALUES (330822, '常山县', 3308, '2023-06-25 13:48:34', NULL, 0);
INSERT INTO `district_info` VALUES (330824, '开化县', 3308, '2023-06-25 13:48:34', NULL, 0);
INSERT INTO `district_info` VALUES (330825, '龙游县', 3308, '2023-06-25 13:48:34', NULL, 0);
INSERT INTO `district_info` VALUES (330881, '江山市', 3308, '2023-06-25 13:48:34', NULL, 0);
INSERT INTO `district_info` VALUES (330902, '定海区', 3309, '2023-06-25 13:48:34', NULL, 0);
INSERT INTO `district_info` VALUES (330903, '普陀区', 3309, '2023-06-25 13:48:34', NULL, 0);
INSERT INTO `district_info` VALUES (330921, '岱山县', 3309, '2023-06-25 13:48:34', NULL, 0);
INSERT INTO `district_info` VALUES (330922, '嵊泗县', 3309, '2023-06-25 13:48:34', NULL, 0);
INSERT INTO `district_info` VALUES (331002, '椒江区', 3310, '2023-06-25 13:48:34', NULL, 0);
INSERT INTO `district_info` VALUES (331003, '黄岩区', 3310, '2023-06-25 13:48:34', NULL, 0);
INSERT INTO `district_info` VALUES (331004, '路桥区', 3310, '2023-06-25 13:48:34', NULL, 0);
INSERT INTO `district_info` VALUES (331022, '三门县', 3310, '2023-06-25 13:48:34', NULL, 0);
INSERT INTO `district_info` VALUES (331023, '天台县', 3310, '2023-06-25 13:48:34', NULL, 0);
INSERT INTO `district_info` VALUES (331024, '仙居县', 3310, '2023-06-25 13:48:34', NULL, 0);
INSERT INTO `district_info` VALUES (331081, '温岭市', 3310, '2023-06-25 13:48:34', NULL, 0);
INSERT INTO `district_info` VALUES (331082, '临海市', 3310, '2023-06-25 13:48:34', NULL, 0);
INSERT INTO `district_info` VALUES (331083, '玉环市', 3310, '2023-06-25 13:48:34', NULL, 0);
INSERT INTO `district_info` VALUES (331102, '莲都区', 3311, '2023-06-25 13:48:34', NULL, 0);
INSERT INTO `district_info` VALUES (331121, '青田县', 3311, '2023-06-25 13:48:34', NULL, 0);
INSERT INTO `district_info` VALUES (331122, '缙云县', 3311, '2023-06-25 13:48:34', NULL, 0);
INSERT INTO `district_info` VALUES (331123, '遂昌县', 3311, '2023-06-25 13:48:34', NULL, 0);
INSERT INTO `district_info` VALUES (331124, '松阳县', 3311, '2023-06-25 13:48:34', NULL, 0);
INSERT INTO `district_info` VALUES (331125, '云和县', 3311, '2023-06-25 13:48:34', NULL, 0);
INSERT INTO `district_info` VALUES (331126, '庆元县', 3311, '2023-06-25 13:48:34', NULL, 0);
INSERT INTO `district_info` VALUES (331127, '景宁畲族自治县', 3311, '2023-06-25 13:48:34', NULL, 0);
INSERT INTO `district_info` VALUES (331181, '龙泉市', 3311, '2023-06-25 13:48:34', NULL, 0);
INSERT INTO `district_info` VALUES (340102, '瑶海区', 3401, '2023-06-25 13:48:34', NULL, 0);
INSERT INTO `district_info` VALUES (340103, '庐阳区', 3401, '2023-06-25 13:48:34', NULL, 0);
INSERT INTO `district_info` VALUES (340104, '蜀山区', 3401, '2023-06-25 13:48:34', NULL, 0);
INSERT INTO `district_info` VALUES (340111, '包河区', 3401, '2023-06-25 13:48:34', NULL, 0);
INSERT INTO `district_info` VALUES (340121, '长丰县', 3401, '2023-06-25 13:48:34', NULL, 0);
INSERT INTO `district_info` VALUES (340122, '肥东县', 3401, '2023-06-25 13:48:34', NULL, 0);
INSERT INTO `district_info` VALUES (340123, '肥西县', 3401, '2023-06-25 13:48:34', NULL, 0);
INSERT INTO `district_info` VALUES (340124, '庐江县', 3401, '2023-06-25 13:48:34', NULL, 0);
INSERT INTO `district_info` VALUES (340171, '合肥高新技术产业开发区', 3401, '2023-06-25 13:48:34', NULL, 0);
INSERT INTO `district_info` VALUES (340172, '合肥经济技术开发区', 3401, '2023-06-25 13:48:34', NULL, 0);
INSERT INTO `district_info` VALUES (340173, '合肥新站高新技术产业开发区', 3401, '2023-06-25 13:48:34', NULL, 0);
INSERT INTO `district_info` VALUES (340181, '巢湖市', 3401, '2023-06-25 13:48:34', NULL, 0);
INSERT INTO `district_info` VALUES (340202, '镜湖区', 3402, '2023-06-25 13:48:34', NULL, 0);
INSERT INTO `district_info` VALUES (340207, '鸠江区', 3402, '2023-06-25 13:48:34', NULL, 0);
INSERT INTO `district_info` VALUES (340209, '弋江区', 3402, '2023-06-25 13:48:34', NULL, 0);
INSERT INTO `district_info` VALUES (340210, '湾沚区', 3402, '2023-06-25 13:48:34', NULL, 0);
INSERT INTO `district_info` VALUES (340212, '繁昌区', 3402, '2023-06-25 13:48:34', NULL, 0);
INSERT INTO `district_info` VALUES (340223, '南陵县', 3402, '2023-06-25 13:48:34', NULL, 0);
INSERT INTO `district_info` VALUES (340271, '芜湖经济技术开发区', 3402, '2023-06-25 13:48:34', NULL, 0);
INSERT INTO `district_info` VALUES (340272, '安徽芜湖三山经济开发区', 3402, '2023-06-25 13:48:34', NULL, 0);
INSERT INTO `district_info` VALUES (340281, '无为市', 3402, '2023-06-25 13:48:34', NULL, 0);
INSERT INTO `district_info` VALUES (340302, '龙子湖区', 3403, '2023-06-25 13:48:34', NULL, 0);
INSERT INTO `district_info` VALUES (340303, '蚌山区', 3403, '2023-06-25 13:48:34', NULL, 0);
INSERT INTO `district_info` VALUES (340304, '禹会区', 3403, '2023-06-25 13:48:34', NULL, 0);
INSERT INTO `district_info` VALUES (340311, '淮上区', 3403, '2023-06-25 13:48:34', NULL, 0);
INSERT INTO `district_info` VALUES (340321, '怀远县', 3403, '2023-06-25 13:48:34', NULL, 0);
INSERT INTO `district_info` VALUES (340322, '五河县', 3403, '2023-06-25 13:48:34', NULL, 0);
INSERT INTO `district_info` VALUES (340323, '固镇县', 3403, '2023-06-25 13:48:34', NULL, 0);
INSERT INTO `district_info` VALUES (340371, '蚌埠市高新技术开发区', 3403, '2023-06-25 13:48:34', NULL, 0);
INSERT INTO `district_info` VALUES (340372, '蚌埠市经济开发区', 3403, '2023-06-25 13:48:34', NULL, 0);
INSERT INTO `district_info` VALUES (340402, '大通区', 3404, '2023-06-25 13:48:34', NULL, 0);
INSERT INTO `district_info` VALUES (340403, '田家庵区', 3404, '2023-06-25 13:48:34', NULL, 0);
INSERT INTO `district_info` VALUES (340404, '谢家集区', 3404, '2023-06-25 13:48:34', NULL, 0);
INSERT INTO `district_info` VALUES (340405, '八公山区', 3404, '2023-06-25 13:48:34', NULL, 0);
INSERT INTO `district_info` VALUES (340406, '潘集区', 3404, '2023-06-25 13:48:34', NULL, 0);
INSERT INTO `district_info` VALUES (340421, '凤台县', 3404, '2023-06-25 13:48:34', NULL, 0);
INSERT INTO `district_info` VALUES (340422, '寿县', 3404, '2023-06-25 13:48:34', NULL, 0);
INSERT INTO `district_info` VALUES (340503, '花山区', 3405, '2023-06-25 13:48:34', NULL, 0);
INSERT INTO `district_info` VALUES (340504, '雨山区', 3405, '2023-06-25 13:48:34', NULL, 0);
INSERT INTO `district_info` VALUES (340506, '博望区', 3405, '2023-06-25 13:48:34', NULL, 0);
INSERT INTO `district_info` VALUES (340521, '当涂县', 3405, '2023-06-25 13:48:34', NULL, 0);
INSERT INTO `district_info` VALUES (340522, '含山县', 3405, '2023-06-25 13:48:34', NULL, 0);
INSERT INTO `district_info` VALUES (340523, '和县', 3405, '2023-06-25 13:48:34', NULL, 0);
INSERT INTO `district_info` VALUES (340602, '杜集区', 3406, '2023-06-25 13:48:34', NULL, 0);
INSERT INTO `district_info` VALUES (340603, '相山区', 3406, '2023-06-25 13:48:34', NULL, 0);
INSERT INTO `district_info` VALUES (340604, '烈山区', 3406, '2023-06-25 13:48:34', NULL, 0);
INSERT INTO `district_info` VALUES (340621, '濉溪县', 3406, '2023-06-25 13:48:34', NULL, 0);
INSERT INTO `district_info` VALUES (340705, '铜官区', 3407, '2023-06-25 13:48:34', NULL, 0);
INSERT INTO `district_info` VALUES (340706, '义安区', 3407, '2023-06-25 13:48:34', NULL, 0);
INSERT INTO `district_info` VALUES (340711, '郊区', 3407, '2023-06-25 13:48:34', NULL, 0);
INSERT INTO `district_info` VALUES (340722, '枞阳县', 3407, '2023-06-25 13:48:34', NULL, 0);
INSERT INTO `district_info` VALUES (340802, '迎江区', 3408, '2023-06-25 13:48:34', NULL, 0);
INSERT INTO `district_info` VALUES (340803, '大观区', 3408, '2023-06-25 13:48:34', NULL, 0);
INSERT INTO `district_info` VALUES (340811, '宜秀区', 3408, '2023-06-25 13:48:34', NULL, 0);
INSERT INTO `district_info` VALUES (340822, '怀宁县', 3408, '2023-06-25 13:48:34', NULL, 0);
INSERT INTO `district_info` VALUES (340825, '太湖县', 3408, '2023-06-25 13:48:34', NULL, 0);
INSERT INTO `district_info` VALUES (340826, '宿松县', 3408, '2023-06-25 13:48:34', NULL, 0);
INSERT INTO `district_info` VALUES (340827, '望江县', 3408, '2023-06-25 13:48:34', NULL, 0);
INSERT INTO `district_info` VALUES (340828, '岳西县', 3408, '2023-06-25 13:48:34', NULL, 0);
INSERT INTO `district_info` VALUES (340871, '安徽安庆经济开发区', 3408, '2023-06-25 13:48:34', NULL, 0);
INSERT INTO `district_info` VALUES (340881, '桐城市', 3408, '2023-06-25 13:48:34', NULL, 0);
INSERT INTO `district_info` VALUES (340882, '潜山市', 3408, '2023-06-25 13:48:34', NULL, 0);
INSERT INTO `district_info` VALUES (341002, '屯溪区', 3410, '2023-06-25 13:48:34', NULL, 0);
INSERT INTO `district_info` VALUES (341003, '黄山区', 3410, '2023-06-25 13:48:34', NULL, 0);
INSERT INTO `district_info` VALUES (341004, '徽州区', 3410, '2023-06-25 13:48:34', NULL, 0);
INSERT INTO `district_info` VALUES (341021, '歙县', 3410, '2023-06-25 13:48:34', NULL, 0);
INSERT INTO `district_info` VALUES (341022, '休宁县', 3410, '2023-06-25 13:48:34', NULL, 0);
INSERT INTO `district_info` VALUES (341023, '黟县', 3410, '2023-06-25 13:48:34', NULL, 0);
INSERT INTO `district_info` VALUES (341024, '祁门县', 3410, '2023-06-25 13:48:34', NULL, 0);
INSERT INTO `district_info` VALUES (341102, '琅琊区', 3411, '2023-06-25 13:48:34', NULL, 0);
INSERT INTO `district_info` VALUES (341103, '南谯区', 3411, '2023-06-25 13:48:34', NULL, 0);
INSERT INTO `district_info` VALUES (341122, '来安县', 3411, '2023-06-25 13:48:34', NULL, 0);
INSERT INTO `district_info` VALUES (341124, '全椒县', 3411, '2023-06-25 13:48:34', NULL, 0);
INSERT INTO `district_info` VALUES (341125, '定远县', 3411, '2023-06-25 13:48:34', NULL, 0);
INSERT INTO `district_info` VALUES (341126, '凤阳县', 3411, '2023-06-25 13:48:34', NULL, 0);
INSERT INTO `district_info` VALUES (341171, '中新苏滁高新技术产业开发区', 3411, '2023-06-25 13:48:34', NULL, 0);
INSERT INTO `district_info` VALUES (341172, '滁州经济技术开发区', 3411, '2023-06-25 13:48:34', NULL, 0);
INSERT INTO `district_info` VALUES (341181, '天长市', 3411, '2023-06-25 13:48:34', NULL, 0);
INSERT INTO `district_info` VALUES (341182, '明光市', 3411, '2023-06-25 13:48:34', NULL, 0);
INSERT INTO `district_info` VALUES (341202, '颍州区', 3412, '2023-06-25 13:48:34', NULL, 0);
INSERT INTO `district_info` VALUES (341203, '颍东区', 3412, '2023-06-25 13:48:34', NULL, 0);
INSERT INTO `district_info` VALUES (341204, '颍泉区', 3412, '2023-06-25 13:48:34', NULL, 0);
INSERT INTO `district_info` VALUES (341221, '临泉县', 3412, '2023-06-25 13:48:34', NULL, 0);
INSERT INTO `district_info` VALUES (341222, '太和县', 3412, '2023-06-25 13:48:34', NULL, 0);
INSERT INTO `district_info` VALUES (341225, '阜南县', 3412, '2023-06-25 13:48:34', NULL, 0);
INSERT INTO `district_info` VALUES (341226, '颍上县', 3412, '2023-06-25 13:48:34', NULL, 0);
INSERT INTO `district_info` VALUES (341271, '阜阳合肥现代产业园区', 3412, '2023-06-25 13:48:34', NULL, 0);
INSERT INTO `district_info` VALUES (341272, '阜阳经济技术开发区', 3412, '2023-06-25 13:48:34', NULL, 0);
INSERT INTO `district_info` VALUES (341282, '界首市', 3412, '2023-06-25 13:48:34', NULL, 0);
INSERT INTO `district_info` VALUES (341302, '埇桥区', 3413, '2023-06-25 13:48:34', NULL, 0);
INSERT INTO `district_info` VALUES (341321, '砀山县', 3413, '2023-06-25 13:48:34', NULL, 0);
INSERT INTO `district_info` VALUES (341322, '萧县', 3413, '2023-06-25 13:48:34', NULL, 0);
INSERT INTO `district_info` VALUES (341323, '灵璧县', 3413, '2023-06-25 13:48:34', NULL, 0);
INSERT INTO `district_info` VALUES (341324, '泗县', 3413, '2023-06-25 13:48:34', NULL, 0);
INSERT INTO `district_info` VALUES (341371, '宿州马鞍山现代产业园区', 3413, '2023-06-25 13:48:34', NULL, 0);
INSERT INTO `district_info` VALUES (341372, '宿州经济技术开发区', 3413, '2023-06-25 13:48:34', NULL, 0);
INSERT INTO `district_info` VALUES (341502, '金安区', 3415, '2023-06-25 13:48:34', NULL, 0);
INSERT INTO `district_info` VALUES (341503, '裕安区', 3415, '2023-06-25 13:48:34', NULL, 0);
INSERT INTO `district_info` VALUES (341504, '叶集区', 3415, '2023-06-25 13:48:34', NULL, 0);
INSERT INTO `district_info` VALUES (341522, '霍邱县', 3415, '2023-06-25 13:48:34', NULL, 0);
INSERT INTO `district_info` VALUES (341523, '舒城县', 3415, '2023-06-25 13:48:34', NULL, 0);
INSERT INTO `district_info` VALUES (341524, '金寨县', 3415, '2023-06-25 13:48:34', NULL, 0);
INSERT INTO `district_info` VALUES (341525, '霍山县', 3415, '2023-06-25 13:48:34', NULL, 0);
INSERT INTO `district_info` VALUES (341602, '谯城区', 3416, '2023-06-25 13:48:34', NULL, 0);
INSERT INTO `district_info` VALUES (341621, '涡阳县', 3416, '2023-06-25 13:48:34', NULL, 0);
INSERT INTO `district_info` VALUES (341622, '蒙城县', 3416, '2023-06-25 13:48:34', NULL, 0);
INSERT INTO `district_info` VALUES (341623, '利辛县', 3416, '2023-06-25 13:48:34', NULL, 0);
INSERT INTO `district_info` VALUES (341702, '贵池区', 3417, '2023-06-25 13:48:34', NULL, 0);
INSERT INTO `district_info` VALUES (341721, '东至县', 3417, '2023-06-25 13:48:34', NULL, 0);
INSERT INTO `district_info` VALUES (341722, '石台县', 3417, '2023-06-25 13:48:34', NULL, 0);
INSERT INTO `district_info` VALUES (341723, '青阳县', 3417, '2023-06-25 13:48:34', NULL, 0);
INSERT INTO `district_info` VALUES (341802, '宣州区', 3418, '2023-06-25 13:48:34', NULL, 0);
INSERT INTO `district_info` VALUES (341821, '郎溪县', 3418, '2023-06-25 13:48:34', NULL, 0);
INSERT INTO `district_info` VALUES (341823, '泾县', 3418, '2023-06-25 13:48:34', NULL, 0);
INSERT INTO `district_info` VALUES (341824, '绩溪县', 3418, '2023-06-25 13:48:34', NULL, 0);
INSERT INTO `district_info` VALUES (341825, '旌德县', 3418, '2023-06-25 13:48:34', NULL, 0);
INSERT INTO `district_info` VALUES (341871, '宣城市经济开发区', 3418, '2023-06-25 13:48:34', NULL, 0);
INSERT INTO `district_info` VALUES (341881, '宁国市', 3418, '2023-06-25 13:48:34', NULL, 0);
INSERT INTO `district_info` VALUES (341882, '广德市', 3418, '2023-06-25 13:48:34', NULL, 0);
INSERT INTO `district_info` VALUES (350102, '鼓楼区', 3501, '2023-06-25 13:48:34', NULL, 0);
INSERT INTO `district_info` VALUES (350103, '台江区', 3501, '2023-06-25 13:48:34', NULL, 0);
INSERT INTO `district_info` VALUES (350104, '仓山区', 3501, '2023-06-25 13:48:34', NULL, 0);
INSERT INTO `district_info` VALUES (350105, '马尾区', 3501, '2023-06-25 13:48:34', NULL, 0);
INSERT INTO `district_info` VALUES (350111, '晋安区', 3501, '2023-06-25 13:48:34', NULL, 0);
INSERT INTO `district_info` VALUES (350112, '长乐区', 3501, '2023-06-25 13:48:34', NULL, 0);
INSERT INTO `district_info` VALUES (350121, '闽侯县', 3501, '2023-06-25 13:48:34', NULL, 0);
INSERT INTO `district_info` VALUES (350122, '连江县', 3501, '2023-06-25 13:48:34', NULL, 0);
INSERT INTO `district_info` VALUES (350123, '罗源县', 3501, '2023-06-25 13:48:34', NULL, 0);
INSERT INTO `district_info` VALUES (350124, '闽清县', 3501, '2023-06-25 13:48:34', NULL, 0);
INSERT INTO `district_info` VALUES (350125, '永泰县', 3501, '2023-06-25 13:48:34', NULL, 0);
INSERT INTO `district_info` VALUES (350128, '平潭县', 3501, '2023-06-25 13:48:34', NULL, 0);
INSERT INTO `district_info` VALUES (350181, '福清市', 3501, '2023-06-25 13:48:34', NULL, 0);
INSERT INTO `district_info` VALUES (350203, '思明区', 3502, '2023-06-25 13:48:34', NULL, 0);
INSERT INTO `district_info` VALUES (350205, '海沧区', 3502, '2023-06-25 13:48:34', NULL, 0);
INSERT INTO `district_info` VALUES (350206, '湖里区', 3502, '2023-06-25 13:48:34', NULL, 0);
INSERT INTO `district_info` VALUES (350211, '集美区', 3502, '2023-06-25 13:48:34', NULL, 0);
INSERT INTO `district_info` VALUES (350212, '同安区', 3502, '2023-06-25 13:48:34', NULL, 0);
INSERT INTO `district_info` VALUES (350213, '翔安区', 3502, '2023-06-25 13:48:34', NULL, 0);
INSERT INTO `district_info` VALUES (350302, '城厢区', 3503, '2023-06-25 13:48:34', NULL, 0);
INSERT INTO `district_info` VALUES (350303, '涵江区', 3503, '2023-06-25 13:48:34', NULL, 0);
INSERT INTO `district_info` VALUES (350304, '荔城区', 3503, '2023-06-25 13:48:34', NULL, 0);
INSERT INTO `district_info` VALUES (350305, '秀屿区', 3503, '2023-06-25 13:48:34', NULL, 0);
INSERT INTO `district_info` VALUES (350322, '仙游县', 3503, '2023-06-25 13:48:34', NULL, 0);
INSERT INTO `district_info` VALUES (350404, '三元区', 3504, '2023-06-25 13:48:34', NULL, 0);
INSERT INTO `district_info` VALUES (350405, '沙县区', 3504, '2023-06-25 13:48:34', NULL, 0);
INSERT INTO `district_info` VALUES (350421, '明溪县', 3504, '2023-06-25 13:48:34', NULL, 0);
INSERT INTO `district_info` VALUES (350423, '清流县', 3504, '2023-06-25 13:48:34', NULL, 0);
INSERT INTO `district_info` VALUES (350424, '宁化县', 3504, '2023-06-25 13:48:34', NULL, 0);
INSERT INTO `district_info` VALUES (350425, '大田县', 3504, '2023-06-25 13:48:34', NULL, 0);
INSERT INTO `district_info` VALUES (350426, '尤溪县', 3504, '2023-06-25 13:48:34', NULL, 0);
INSERT INTO `district_info` VALUES (350428, '将乐县', 3504, '2023-06-25 13:48:34', NULL, 0);
INSERT INTO `district_info` VALUES (350429, '泰宁县', 3504, '2023-06-25 13:48:34', NULL, 0);
INSERT INTO `district_info` VALUES (350430, '建宁县', 3504, '2023-06-25 13:48:34', NULL, 0);
INSERT INTO `district_info` VALUES (350481, '永安市', 3504, '2023-06-25 13:48:34', NULL, 0);
INSERT INTO `district_info` VALUES (350502, '鲤城区', 3505, '2023-06-25 13:48:34', NULL, 0);
INSERT INTO `district_info` VALUES (350503, '丰泽区', 3505, '2023-06-25 13:48:34', NULL, 0);
INSERT INTO `district_info` VALUES (350504, '洛江区', 3505, '2023-06-25 13:48:34', NULL, 0);
INSERT INTO `district_info` VALUES (350505, '泉港区', 3505, '2023-06-25 13:48:34', NULL, 0);
INSERT INTO `district_info` VALUES (350521, '惠安县', 3505, '2023-06-25 13:48:34', NULL, 0);
INSERT INTO `district_info` VALUES (350524, '安溪县', 3505, '2023-06-25 13:48:34', NULL, 0);
INSERT INTO `district_info` VALUES (350525, '永春县', 3505, '2023-06-25 13:48:34', NULL, 0);
INSERT INTO `district_info` VALUES (350526, '德化县', 3505, '2023-06-25 13:48:34', NULL, 0);
INSERT INTO `district_info` VALUES (350527, '金门县', 3505, '2023-06-25 13:48:34', NULL, 0);
INSERT INTO `district_info` VALUES (350581, '石狮市', 3505, '2023-06-25 13:48:34', NULL, 0);
INSERT INTO `district_info` VALUES (350582, '晋江市', 3505, '2023-06-25 13:48:34', NULL, 0);
INSERT INTO `district_info` VALUES (350583, '南安市', 3505, '2023-06-25 13:48:34', NULL, 0);
INSERT INTO `district_info` VALUES (350602, '芗城区', 3506, '2023-06-25 13:48:34', NULL, 0);
INSERT INTO `district_info` VALUES (350603, '龙文区', 3506, '2023-06-25 13:48:34', NULL, 0);
INSERT INTO `district_info` VALUES (350604, '龙海区', 3506, '2023-06-25 13:48:34', NULL, 0);
INSERT INTO `district_info` VALUES (350605, '长泰区', 3506, '2023-06-25 13:48:34', NULL, 0);
INSERT INTO `district_info` VALUES (350622, '云霄县', 3506, '2023-06-25 13:48:34', NULL, 0);
INSERT INTO `district_info` VALUES (350623, '漳浦县', 3506, '2023-06-25 13:48:34', NULL, 0);
INSERT INTO `district_info` VALUES (350624, '诏安县', 3506, '2023-06-25 13:48:34', NULL, 0);
INSERT INTO `district_info` VALUES (350626, '东山县', 3506, '2023-06-25 13:48:34', NULL, 0);
INSERT INTO `district_info` VALUES (350627, '南靖县', 3506, '2023-06-25 13:48:34', NULL, 0);
INSERT INTO `district_info` VALUES (350628, '平和县', 3506, '2023-06-25 13:48:34', NULL, 0);
INSERT INTO `district_info` VALUES (350629, '华安县', 3506, '2023-06-25 13:48:34', NULL, 0);
INSERT INTO `district_info` VALUES (350702, '延平区', 3507, '2023-06-25 13:48:34', NULL, 0);
INSERT INTO `district_info` VALUES (350703, '建阳区', 3507, '2023-06-25 13:48:34', NULL, 0);
INSERT INTO `district_info` VALUES (350721, '顺昌县', 3507, '2023-06-25 13:48:34', NULL, 0);
INSERT INTO `district_info` VALUES (350722, '浦城县', 3507, '2023-06-25 13:48:34', NULL, 0);
INSERT INTO `district_info` VALUES (350723, '光泽县', 3507, '2023-06-25 13:48:34', NULL, 0);
INSERT INTO `district_info` VALUES (350724, '松溪县', 3507, '2023-06-25 13:48:34', NULL, 0);
INSERT INTO `district_info` VALUES (350725, '政和县', 3507, '2023-06-25 13:48:34', NULL, 0);
INSERT INTO `district_info` VALUES (350781, '邵武市', 3507, '2023-06-25 13:48:34', NULL, 0);
INSERT INTO `district_info` VALUES (350782, '武夷山市', 3507, '2023-06-25 13:48:34', NULL, 0);
INSERT INTO `district_info` VALUES (350783, '建瓯市', 3507, '2023-06-25 13:48:34', NULL, 0);
INSERT INTO `district_info` VALUES (350802, '新罗区', 3508, '2023-06-25 13:48:34', NULL, 0);
INSERT INTO `district_info` VALUES (350803, '永定区', 3508, '2023-06-25 13:48:34', NULL, 0);
INSERT INTO `district_info` VALUES (350821, '长汀县', 3508, '2023-06-25 13:48:34', NULL, 0);
INSERT INTO `district_info` VALUES (350823, '上杭县', 3508, '2023-06-25 13:48:34', NULL, 0);
INSERT INTO `district_info` VALUES (350824, '武平县', 3508, '2023-06-25 13:48:34', NULL, 0);
INSERT INTO `district_info` VALUES (350825, '连城县', 3508, '2023-06-25 13:48:34', NULL, 0);
INSERT INTO `district_info` VALUES (350881, '漳平市', 3508, '2023-06-25 13:48:34', NULL, 0);
INSERT INTO `district_info` VALUES (350902, '蕉城区', 3509, '2023-06-25 13:48:34', NULL, 0);
INSERT INTO `district_info` VALUES (350921, '霞浦县', 3509, '2023-06-25 13:48:34', NULL, 0);
INSERT INTO `district_info` VALUES (350922, '古田县', 3509, '2023-06-25 13:48:34', NULL, 0);
INSERT INTO `district_info` VALUES (350923, '屏南县', 3509, '2023-06-25 13:48:34', NULL, 0);
INSERT INTO `district_info` VALUES (350924, '寿宁县', 3509, '2023-06-25 13:48:34', NULL, 0);
INSERT INTO `district_info` VALUES (350925, '周宁县', 3509, '2023-06-25 13:48:34', NULL, 0);
INSERT INTO `district_info` VALUES (350926, '柘荣县', 3509, '2023-06-25 13:48:34', NULL, 0);
INSERT INTO `district_info` VALUES (350981, '福安市', 3509, '2023-06-25 13:48:34', NULL, 0);
INSERT INTO `district_info` VALUES (350982, '福鼎市', 3509, '2023-06-25 13:48:34', NULL, 0);
INSERT INTO `district_info` VALUES (360102, '东湖区', 3601, '2023-06-25 13:48:34', NULL, 0);
INSERT INTO `district_info` VALUES (360103, '西湖区', 3601, '2023-06-25 13:48:34', NULL, 0);
INSERT INTO `district_info` VALUES (360104, '青云谱区', 3601, '2023-06-25 13:48:34', NULL, 0);
INSERT INTO `district_info` VALUES (360111, '青山湖区', 3601, '2023-06-25 13:48:34', NULL, 0);
INSERT INTO `district_info` VALUES (360112, '新建区', 3601, '2023-06-25 13:48:34', NULL, 0);
INSERT INTO `district_info` VALUES (360113, '红谷滩区', 3601, '2023-06-25 13:48:34', NULL, 0);
INSERT INTO `district_info` VALUES (360121, '南昌县', 3601, '2023-06-25 13:48:34', NULL, 0);
INSERT INTO `district_info` VALUES (360123, '安义县', 3601, '2023-06-25 13:48:34', NULL, 0);
INSERT INTO `district_info` VALUES (360124, '进贤县', 3601, '2023-06-25 13:48:34', NULL, 0);
INSERT INTO `district_info` VALUES (360202, '昌江区', 3602, '2023-06-25 13:48:34', NULL, 0);
INSERT INTO `district_info` VALUES (360203, '珠山区', 3602, '2023-06-25 13:48:34', NULL, 0);
INSERT INTO `district_info` VALUES (360222, '浮梁县', 3602, '2023-06-25 13:48:34', NULL, 0);
INSERT INTO `district_info` VALUES (360281, '乐平市', 3602, '2023-06-25 13:48:34', NULL, 0);
INSERT INTO `district_info` VALUES (360302, '安源区', 3603, '2023-06-25 13:48:34', NULL, 0);
INSERT INTO `district_info` VALUES (360313, '湘东区', 3603, '2023-06-25 13:48:34', NULL, 0);
INSERT INTO `district_info` VALUES (360321, '莲花县', 3603, '2023-06-25 13:48:34', NULL, 0);
INSERT INTO `district_info` VALUES (360322, '上栗县', 3603, '2023-06-25 13:48:34', NULL, 0);
INSERT INTO `district_info` VALUES (360323, '芦溪县', 3603, '2023-06-25 13:48:34', NULL, 0);
INSERT INTO `district_info` VALUES (360402, '濂溪区', 3604, '2023-06-25 13:48:34', NULL, 0);
INSERT INTO `district_info` VALUES (360403, '浔阳区', 3604, '2023-06-25 13:48:34', NULL, 0);
INSERT INTO `district_info` VALUES (360404, '柴桑区', 3604, '2023-06-25 13:48:34', NULL, 0);
INSERT INTO `district_info` VALUES (360423, '武宁县', 3604, '2023-06-25 13:48:34', NULL, 0);
INSERT INTO `district_info` VALUES (360424, '修水县', 3604, '2023-06-25 13:48:34', NULL, 0);
INSERT INTO `district_info` VALUES (360425, '永修县', 3604, '2023-06-25 13:48:34', NULL, 0);
INSERT INTO `district_info` VALUES (360426, '德安县', 3604, '2023-06-25 13:48:34', NULL, 0);
INSERT INTO `district_info` VALUES (360428, '都昌县', 3604, '2023-06-25 13:48:34', NULL, 0);
INSERT INTO `district_info` VALUES (360429, '湖口县', 3604, '2023-06-25 13:48:34', NULL, 0);
INSERT INTO `district_info` VALUES (360430, '彭泽县', 3604, '2023-06-25 13:48:34', NULL, 0);
INSERT INTO `district_info` VALUES (360481, '瑞昌市', 3604, '2023-06-25 13:48:34', NULL, 0);
INSERT INTO `district_info` VALUES (360482, '共青城市', 3604, '2023-06-25 13:48:34', NULL, 0);
INSERT INTO `district_info` VALUES (360483, '庐山市', 3604, '2023-06-25 13:48:34', NULL, 0);
INSERT INTO `district_info` VALUES (360502, '渝水区', 3605, '2023-06-25 13:48:34', NULL, 0);
INSERT INTO `district_info` VALUES (360521, '分宜县', 3605, '2023-06-25 13:48:34', NULL, 0);
INSERT INTO `district_info` VALUES (360602, '月湖区', 3606, '2023-06-25 13:48:34', NULL, 0);
INSERT INTO `district_info` VALUES (360603, '余江区', 3606, '2023-06-25 13:48:34', NULL, 0);
INSERT INTO `district_info` VALUES (360681, '贵溪市', 3606, '2023-06-25 13:48:34', NULL, 0);
INSERT INTO `district_info` VALUES (360702, '章贡区', 3607, '2023-06-25 13:48:34', NULL, 0);
INSERT INTO `district_info` VALUES (360703, '南康区', 3607, '2023-06-25 13:48:34', NULL, 0);
INSERT INTO `district_info` VALUES (360704, '赣县区', 3607, '2023-06-25 13:48:34', NULL, 0);
INSERT INTO `district_info` VALUES (360722, '信丰县', 3607, '2023-06-25 13:48:34', NULL, 0);
INSERT INTO `district_info` VALUES (360723, '大余县', 3607, '2023-06-25 13:48:34', NULL, 0);
INSERT INTO `district_info` VALUES (360724, '上犹县', 3607, '2023-06-25 13:48:34', NULL, 0);
INSERT INTO `district_info` VALUES (360725, '崇义县', 3607, '2023-06-25 13:48:34', NULL, 0);
INSERT INTO `district_info` VALUES (360726, '安远县', 3607, '2023-06-25 13:48:34', NULL, 0);
INSERT INTO `district_info` VALUES (360728, '定南县', 3607, '2023-06-25 13:48:34', NULL, 0);
INSERT INTO `district_info` VALUES (360729, '全南县', 3607, '2023-06-25 13:48:34', NULL, 0);
INSERT INTO `district_info` VALUES (360730, '宁都县', 3607, '2023-06-25 13:48:34', NULL, 0);
INSERT INTO `district_info` VALUES (360731, '于都县', 3607, '2023-06-25 13:48:34', NULL, 0);
INSERT INTO `district_info` VALUES (360732, '兴国县', 3607, '2023-06-25 13:48:34', NULL, 0);
INSERT INTO `district_info` VALUES (360733, '会昌县', 3607, '2023-06-25 13:48:34', NULL, 0);
INSERT INTO `district_info` VALUES (360734, '寻乌县', 3607, '2023-06-25 13:48:34', NULL, 0);
INSERT INTO `district_info` VALUES (360735, '石城县', 3607, '2023-06-25 13:48:34', NULL, 0);
INSERT INTO `district_info` VALUES (360781, '瑞金市', 3607, '2023-06-25 13:48:34', NULL, 0);
INSERT INTO `district_info` VALUES (360783, '龙南市', 3607, '2023-06-25 13:48:34', NULL, 0);
INSERT INTO `district_info` VALUES (360802, '吉州区', 3608, '2023-06-25 13:48:34', NULL, 0);
INSERT INTO `district_info` VALUES (360803, '青原区', 3608, '2023-06-25 13:48:34', NULL, 0);
INSERT INTO `district_info` VALUES (360821, '吉安县', 3608, '2023-06-25 13:48:34', NULL, 0);
INSERT INTO `district_info` VALUES (360822, '吉水县', 3608, '2023-06-25 13:48:34', NULL, 0);
INSERT INTO `district_info` VALUES (360823, '峡江县', 3608, '2023-06-25 13:48:34', NULL, 0);
INSERT INTO `district_info` VALUES (360824, '新干县', 3608, '2023-06-25 13:48:34', NULL, 0);
INSERT INTO `district_info` VALUES (360825, '永丰县', 3608, '2023-06-25 13:48:34', NULL, 0);
INSERT INTO `district_info` VALUES (360826, '泰和县', 3608, '2023-06-25 13:48:34', NULL, 0);
INSERT INTO `district_info` VALUES (360827, '遂川县', 3608, '2023-06-25 13:48:34', NULL, 0);
INSERT INTO `district_info` VALUES (360828, '万安县', 3608, '2023-06-25 13:48:34', NULL, 0);
INSERT INTO `district_info` VALUES (360829, '安福县', 3608, '2023-06-25 13:48:34', NULL, 0);
INSERT INTO `district_info` VALUES (360830, '永新县', 3608, '2023-06-25 13:48:34', NULL, 0);
INSERT INTO `district_info` VALUES (360881, '井冈山市', 3608, '2023-06-25 13:48:34', NULL, 0);
INSERT INTO `district_info` VALUES (360902, '袁州区', 3609, '2023-06-25 13:48:34', NULL, 0);
INSERT INTO `district_info` VALUES (360921, '奉新县', 3609, '2023-06-25 13:48:34', NULL, 0);
INSERT INTO `district_info` VALUES (360922, '万载县', 3609, '2023-06-25 13:48:34', NULL, 0);
INSERT INTO `district_info` VALUES (360923, '上高县', 3609, '2023-06-25 13:48:34', NULL, 0);
INSERT INTO `district_info` VALUES (360924, '宜丰县', 3609, '2023-06-25 13:48:34', NULL, 0);
INSERT INTO `district_info` VALUES (360925, '靖安县', 3609, '2023-06-25 13:48:34', NULL, 0);
INSERT INTO `district_info` VALUES (360926, '铜鼓县', 3609, '2023-06-25 13:48:34', NULL, 0);
INSERT INTO `district_info` VALUES (360981, '丰城市', 3609, '2023-06-25 13:48:34', NULL, 0);
INSERT INTO `district_info` VALUES (360982, '樟树市', 3609, '2023-06-25 13:48:34', NULL, 0);
INSERT INTO `district_info` VALUES (360983, '高安市', 3609, '2023-06-25 13:48:34', NULL, 0);
INSERT INTO `district_info` VALUES (361002, '临川区', 3610, '2023-06-25 13:48:34', NULL, 0);
INSERT INTO `district_info` VALUES (361003, '东乡区', 3610, '2023-06-25 13:48:34', NULL, 0);
INSERT INTO `district_info` VALUES (361021, '南城县', 3610, '2023-06-25 13:48:34', NULL, 0);
INSERT INTO `district_info` VALUES (361022, '黎川县', 3610, '2023-06-25 13:48:34', NULL, 0);
INSERT INTO `district_info` VALUES (361023, '南丰县', 3610, '2023-06-25 13:48:34', NULL, 0);
INSERT INTO `district_info` VALUES (361024, '崇仁县', 3610, '2023-06-25 13:48:34', NULL, 0);
INSERT INTO `district_info` VALUES (361025, '乐安县', 3610, '2023-06-25 13:48:34', NULL, 0);
INSERT INTO `district_info` VALUES (361026, '宜黄县', 3610, '2023-06-25 13:48:34', NULL, 0);
INSERT INTO `district_info` VALUES (361027, '金溪县', 3610, '2023-06-25 13:48:34', NULL, 0);
INSERT INTO `district_info` VALUES (361028, '资溪县', 3610, '2023-06-25 13:48:34', NULL, 0);
INSERT INTO `district_info` VALUES (361030, '广昌县', 3610, '2023-06-25 13:48:34', NULL, 0);
INSERT INTO `district_info` VALUES (361102, '信州区', 3611, '2023-06-25 13:48:34', NULL, 0);
INSERT INTO `district_info` VALUES (361103, '广丰区', 3611, '2023-06-25 13:48:34', NULL, 0);
INSERT INTO `district_info` VALUES (361104, '广信区', 3611, '2023-06-25 13:48:34', NULL, 0);
INSERT INTO `district_info` VALUES (361123, '玉山县', 3611, '2023-06-25 13:48:34', NULL, 0);
INSERT INTO `district_info` VALUES (361124, '铅山县', 3611, '2023-06-25 13:48:34', NULL, 0);
INSERT INTO `district_info` VALUES (361125, '横峰县', 3611, '2023-06-25 13:48:34', NULL, 0);
INSERT INTO `district_info` VALUES (361126, '弋阳县', 3611, '2023-06-25 13:48:34', NULL, 0);
INSERT INTO `district_info` VALUES (361127, '余干县', 3611, '2023-06-25 13:48:34', NULL, 0);
INSERT INTO `district_info` VALUES (361128, '鄱阳县', 3611, '2023-06-25 13:48:34', NULL, 0);
INSERT INTO `district_info` VALUES (361129, '万年县', 3611, '2023-06-25 13:48:34', NULL, 0);
INSERT INTO `district_info` VALUES (361130, '婺源县', 3611, '2023-06-25 13:48:34', NULL, 0);
INSERT INTO `district_info` VALUES (361181, '德兴市', 3611, '2023-06-25 13:48:34', NULL, 0);
INSERT INTO `district_info` VALUES (370102, '历下区', 3701, '2023-06-25 13:48:34', NULL, 0);
INSERT INTO `district_info` VALUES (370103, '市中区', 3701, '2023-06-25 13:48:34', NULL, 0);
INSERT INTO `district_info` VALUES (370104, '槐荫区', 3701, '2023-06-25 13:48:34', NULL, 0);
INSERT INTO `district_info` VALUES (370105, '天桥区', 3701, '2023-06-25 13:48:34', NULL, 0);
INSERT INTO `district_info` VALUES (370112, '历城区', 3701, '2023-06-25 13:48:34', NULL, 0);
INSERT INTO `district_info` VALUES (370113, '长清区', 3701, '2023-06-25 13:48:34', NULL, 0);
INSERT INTO `district_info` VALUES (370114, '章丘区', 3701, '2023-06-25 13:48:34', NULL, 0);
INSERT INTO `district_info` VALUES (370115, '济阳区', 3701, '2023-06-25 13:48:34', NULL, 0);
INSERT INTO `district_info` VALUES (370116, '莱芜区', 3701, '2023-06-25 13:48:34', NULL, 0);
INSERT INTO `district_info` VALUES (370117, '钢城区', 3701, '2023-06-25 13:48:34', NULL, 0);
INSERT INTO `district_info` VALUES (370124, '平阴县', 3701, '2023-06-25 13:48:34', NULL, 0);
INSERT INTO `district_info` VALUES (370126, '商河县', 3701, '2023-06-25 13:48:34', NULL, 0);
INSERT INTO `district_info` VALUES (370171, '济南高新技术产业开发区', 3701, '2023-06-25 13:48:34', NULL, 0);
INSERT INTO `district_info` VALUES (370202, '市南区', 3702, '2023-06-25 13:48:34', NULL, 0);
INSERT INTO `district_info` VALUES (370203, '市北区', 3702, '2023-06-25 13:48:34', NULL, 0);
INSERT INTO `district_info` VALUES (370211, '黄岛区', 3702, '2023-06-25 13:48:34', NULL, 0);
INSERT INTO `district_info` VALUES (370212, '崂山区', 3702, '2023-06-25 13:48:34', NULL, 0);
INSERT INTO `district_info` VALUES (370213, '李沧区', 3702, '2023-06-25 13:48:34', NULL, 0);
INSERT INTO `district_info` VALUES (370214, '城阳区', 3702, '2023-06-25 13:48:34', NULL, 0);
INSERT INTO `district_info` VALUES (370215, '即墨区', 3702, '2023-06-25 13:48:34', NULL, 0);
INSERT INTO `district_info` VALUES (370271, '青岛高新技术产业开发区', 3702, '2023-06-25 13:48:34', NULL, 0);
INSERT INTO `district_info` VALUES (370281, '胶州市', 3702, '2023-06-25 13:48:34', NULL, 0);
INSERT INTO `district_info` VALUES (370283, '平度市', 3702, '2023-06-25 13:48:34', NULL, 0);
INSERT INTO `district_info` VALUES (370285, '莱西市', 3702, '2023-06-25 13:48:34', NULL, 0);
INSERT INTO `district_info` VALUES (370302, '淄川区', 3703, '2023-06-25 13:48:34', NULL, 0);
INSERT INTO `district_info` VALUES (370303, '张店区', 3703, '2023-06-25 13:48:34', NULL, 0);
INSERT INTO `district_info` VALUES (370304, '博山区', 3703, '2023-06-25 13:48:34', NULL, 0);
INSERT INTO `district_info` VALUES (370305, '临淄区', 3703, '2023-06-25 13:48:34', NULL, 0);
INSERT INTO `district_info` VALUES (370306, '周村区', 3703, '2023-06-25 13:48:34', NULL, 0);
INSERT INTO `district_info` VALUES (370321, '桓台县', 3703, '2023-06-25 13:48:34', NULL, 0);
INSERT INTO `district_info` VALUES (370322, '高青县', 3703, '2023-06-25 13:48:34', NULL, 0);
INSERT INTO `district_info` VALUES (370323, '沂源县', 3703, '2023-06-25 13:48:34', NULL, 0);
INSERT INTO `district_info` VALUES (370402, '市中区', 3704, '2023-06-25 13:48:34', NULL, 0);
INSERT INTO `district_info` VALUES (370403, '薛城区', 3704, '2023-06-25 13:48:34', NULL, 0);
INSERT INTO `district_info` VALUES (370404, '峄城区', 3704, '2023-06-25 13:48:34', NULL, 0);
INSERT INTO `district_info` VALUES (370405, '台儿庄区', 3704, '2023-06-25 13:48:34', NULL, 0);
INSERT INTO `district_info` VALUES (370406, '山亭区', 3704, '2023-06-25 13:48:34', NULL, 0);
INSERT INTO `district_info` VALUES (370481, '滕州市', 3704, '2023-06-25 13:48:34', NULL, 0);
INSERT INTO `district_info` VALUES (370502, '东营区', 3705, '2023-06-25 13:48:34', NULL, 0);
INSERT INTO `district_info` VALUES (370503, '河口区', 3705, '2023-06-25 13:48:34', NULL, 0);
INSERT INTO `district_info` VALUES (370505, '垦利区', 3705, '2023-06-25 13:48:34', NULL, 0);
INSERT INTO `district_info` VALUES (370522, '利津县', 3705, '2023-06-25 13:48:34', NULL, 0);
INSERT INTO `district_info` VALUES (370523, '广饶县', 3705, '2023-06-25 13:48:34', NULL, 0);
INSERT INTO `district_info` VALUES (370571, '东营经济技术开发区', 3705, '2023-06-25 13:48:34', NULL, 0);
INSERT INTO `district_info` VALUES (370572, '东营港经济开发区', 3705, '2023-06-25 13:48:34', NULL, 0);
INSERT INTO `district_info` VALUES (370602, '芝罘区', 3706, '2023-06-25 13:48:34', NULL, 0);
INSERT INTO `district_info` VALUES (370611, '福山区', 3706, '2023-06-25 13:48:34', NULL, 0);
INSERT INTO `district_info` VALUES (370612, '牟平区', 3706, '2023-06-25 13:48:34', NULL, 0);
INSERT INTO `district_info` VALUES (370613, '莱山区', 3706, '2023-06-25 13:48:34', NULL, 0);
INSERT INTO `district_info` VALUES (370614, '蓬莱区', 3706, '2023-06-25 13:48:34', NULL, 0);
INSERT INTO `district_info` VALUES (370671, '烟台高新技术产业开发区', 3706, '2023-06-25 13:48:34', NULL, 0);
INSERT INTO `district_info` VALUES (370672, '烟台经济技术开发区', 3706, '2023-06-25 13:48:34', NULL, 0);
INSERT INTO `district_info` VALUES (370681, '龙口市', 3706, '2023-06-25 13:48:34', NULL, 0);
INSERT INTO `district_info` VALUES (370682, '莱阳市', 3706, '2023-06-25 13:48:34', NULL, 0);
INSERT INTO `district_info` VALUES (370683, '莱州市', 3706, '2023-06-25 13:48:34', NULL, 0);
INSERT INTO `district_info` VALUES (370685, '招远市', 3706, '2023-06-25 13:48:34', NULL, 0);
INSERT INTO `district_info` VALUES (370686, '栖霞市', 3706, '2023-06-25 13:48:34', NULL, 0);
INSERT INTO `district_info` VALUES (370687, '海阳市', 3706, '2023-06-25 13:48:34', NULL, 0);
INSERT INTO `district_info` VALUES (370702, '潍城区', 3707, '2023-06-25 13:48:34', NULL, 0);
INSERT INTO `district_info` VALUES (370703, '寒亭区', 3707, '2023-06-25 13:48:34', NULL, 0);
INSERT INTO `district_info` VALUES (370704, '坊子区', 3707, '2023-06-25 13:48:34', NULL, 0);
INSERT INTO `district_info` VALUES (370705, '奎文区', 3707, '2023-06-25 13:48:34', NULL, 0);
INSERT INTO `district_info` VALUES (370724, '临朐县', 3707, '2023-06-25 13:48:34', NULL, 0);
INSERT INTO `district_info` VALUES (370725, '昌乐县', 3707, '2023-06-25 13:48:34', NULL, 0);
INSERT INTO `district_info` VALUES (370772, '潍坊滨海经济技术开发区', 3707, '2023-06-25 13:48:34', NULL, 0);
INSERT INTO `district_info` VALUES (370781, '青州市', 3707, '2023-06-25 13:48:34', NULL, 0);
INSERT INTO `district_info` VALUES (370782, '诸城市', 3707, '2023-06-25 13:48:34', NULL, 0);
INSERT INTO `district_info` VALUES (370783, '寿光市', 3707, '2023-06-25 13:48:34', NULL, 0);
INSERT INTO `district_info` VALUES (370784, '安丘市', 3707, '2023-06-25 13:48:34', NULL, 0);
INSERT INTO `district_info` VALUES (370785, '高密市', 3707, '2023-06-25 13:48:34', NULL, 0);
INSERT INTO `district_info` VALUES (370786, '昌邑市', 3707, '2023-06-25 13:48:34', NULL, 0);
INSERT INTO `district_info` VALUES (370811, '任城区', 3708, '2023-06-25 13:48:34', NULL, 0);
INSERT INTO `district_info` VALUES (370812, '兖州区', 3708, '2023-06-25 13:48:34', NULL, 0);
INSERT INTO `district_info` VALUES (370826, '微山县', 3708, '2023-06-25 13:48:34', NULL, 0);
INSERT INTO `district_info` VALUES (370827, '鱼台县', 3708, '2023-06-25 13:48:34', NULL, 0);
INSERT INTO `district_info` VALUES (370828, '金乡县', 3708, '2023-06-25 13:48:34', NULL, 0);
INSERT INTO `district_info` VALUES (370829, '嘉祥县', 3708, '2023-06-25 13:48:34', NULL, 0);
INSERT INTO `district_info` VALUES (370830, '汶上县', 3708, '2023-06-25 13:48:34', NULL, 0);
INSERT INTO `district_info` VALUES (370831, '泗水县', 3708, '2023-06-25 13:48:34', NULL, 0);
INSERT INTO `district_info` VALUES (370832, '梁山县', 3708, '2023-06-25 13:48:34', NULL, 0);
INSERT INTO `district_info` VALUES (370871, '济宁高新技术产业开发区', 3708, '2023-06-25 13:48:34', NULL, 0);
INSERT INTO `district_info` VALUES (370881, '曲阜市', 3708, '2023-06-25 13:48:34', NULL, 0);
INSERT INTO `district_info` VALUES (370883, '邹城市', 3708, '2023-06-25 13:48:34', NULL, 0);
INSERT INTO `district_info` VALUES (370902, '泰山区', 3709, '2023-06-25 13:48:34', NULL, 0);
INSERT INTO `district_info` VALUES (370911, '岱岳区', 3709, '2023-06-25 13:48:34', NULL, 0);
INSERT INTO `district_info` VALUES (370921, '宁阳县', 3709, '2023-06-25 13:48:34', NULL, 0);
INSERT INTO `district_info` VALUES (370923, '东平县', 3709, '2023-06-25 13:48:34', NULL, 0);
INSERT INTO `district_info` VALUES (370982, '新泰市', 3709, '2023-06-25 13:48:34', NULL, 0);
INSERT INTO `district_info` VALUES (370983, '肥城市', 3709, '2023-06-25 13:48:34', NULL, 0);
INSERT INTO `district_info` VALUES (371002, '环翠区', 3710, '2023-06-25 13:48:34', NULL, 0);
INSERT INTO `district_info` VALUES (371003, '文登区', 3710, '2023-06-25 13:48:34', NULL, 0);
INSERT INTO `district_info` VALUES (371071, '威海火炬高技术产业开发区', 3710, '2023-06-25 13:48:34', NULL, 0);
INSERT INTO `district_info` VALUES (371072, '威海经济技术开发区', 3710, '2023-06-25 13:48:34', NULL, 0);
INSERT INTO `district_info` VALUES (371073, '威海临港经济技术开发区', 3710, '2023-06-25 13:48:34', NULL, 0);
INSERT INTO `district_info` VALUES (371082, '荣成市', 3710, '2023-06-25 13:48:34', NULL, 0);
INSERT INTO `district_info` VALUES (371083, '乳山市', 3710, '2023-06-25 13:48:34', NULL, 0);
INSERT INTO `district_info` VALUES (371102, '东港区', 3711, '2023-06-25 13:48:34', NULL, 0);
INSERT INTO `district_info` VALUES (371103, '岚山区', 3711, '2023-06-25 13:48:34', NULL, 0);
INSERT INTO `district_info` VALUES (371121, '五莲县', 3711, '2023-06-25 13:48:34', NULL, 0);
INSERT INTO `district_info` VALUES (371122, '莒县', 3711, '2023-06-25 13:48:34', NULL, 0);
INSERT INTO `district_info` VALUES (371171, '日照经济技术开发区', 3711, '2023-06-25 13:48:34', NULL, 0);
INSERT INTO `district_info` VALUES (371302, '兰山区', 3713, '2023-06-25 13:48:34', NULL, 0);
INSERT INTO `district_info` VALUES (371311, '罗庄区', 3713, '2023-06-25 13:48:34', NULL, 0);
INSERT INTO `district_info` VALUES (371312, '河东区', 3713, '2023-06-25 13:48:34', NULL, 0);
INSERT INTO `district_info` VALUES (371321, '沂南县', 3713, '2023-06-25 13:48:34', NULL, 0);
INSERT INTO `district_info` VALUES (371322, '郯城县', 3713, '2023-06-25 13:48:34', NULL, 0);
INSERT INTO `district_info` VALUES (371323, '沂水县', 3713, '2023-06-25 13:48:34', NULL, 0);
INSERT INTO `district_info` VALUES (371324, '兰陵县', 3713, '2023-06-25 13:48:34', NULL, 0);
INSERT INTO `district_info` VALUES (371325, '费县', 3713, '2023-06-25 13:48:34', NULL, 0);
INSERT INTO `district_info` VALUES (371326, '平邑县', 3713, '2023-06-25 13:48:34', NULL, 0);
INSERT INTO `district_info` VALUES (371327, '莒南县', 3713, '2023-06-25 13:48:34', NULL, 0);
INSERT INTO `district_info` VALUES (371328, '蒙阴县', 3713, '2023-06-25 13:48:34', NULL, 0);
INSERT INTO `district_info` VALUES (371329, '临沭县', 3713, '2023-06-25 13:48:34', NULL, 0);
INSERT INTO `district_info` VALUES (371371, '临沂高新技术产业开发区', 3713, '2023-06-25 13:48:34', NULL, 0);
INSERT INTO `district_info` VALUES (371402, '德城区', 3714, '2023-06-25 13:48:34', NULL, 0);
INSERT INTO `district_info` VALUES (371403, '陵城区', 3714, '2023-06-25 13:48:34', NULL, 0);
INSERT INTO `district_info` VALUES (371422, '宁津县', 3714, '2023-06-25 13:48:34', NULL, 0);
INSERT INTO `district_info` VALUES (371423, '庆云县', 3714, '2023-06-25 13:48:34', NULL, 0);
INSERT INTO `district_info` VALUES (371424, '临邑县', 3714, '2023-06-25 13:48:34', NULL, 0);
INSERT INTO `district_info` VALUES (371425, '齐河县', 3714, '2023-06-25 13:48:34', NULL, 0);
INSERT INTO `district_info` VALUES (371426, '平原县', 3714, '2023-06-25 13:48:34', NULL, 0);
INSERT INTO `district_info` VALUES (371427, '夏津县', 3714, '2023-06-25 13:48:34', NULL, 0);
INSERT INTO `district_info` VALUES (371428, '武城县', 3714, '2023-06-25 13:48:34', NULL, 0);
INSERT INTO `district_info` VALUES (371471, '德州天衢新区', 3714, '2023-06-25 13:48:34', NULL, 0);
INSERT INTO `district_info` VALUES (371481, '乐陵市', 3714, '2023-06-25 13:48:34', NULL, 0);
INSERT INTO `district_info` VALUES (371482, '禹城市', 3714, '2023-06-25 13:48:34', NULL, 0);
INSERT INTO `district_info` VALUES (371502, '东昌府区', 3715, '2023-06-25 13:48:34', NULL, 0);
INSERT INTO `district_info` VALUES (371503, '茌平区', 3715, '2023-06-25 13:48:34', NULL, 0);
INSERT INTO `district_info` VALUES (371521, '阳谷县', 3715, '2023-06-25 13:48:34', NULL, 0);
INSERT INTO `district_info` VALUES (371522, '莘县', 3715, '2023-06-25 13:48:34', NULL, 0);
INSERT INTO `district_info` VALUES (371524, '东阿县', 3715, '2023-06-25 13:48:34', NULL, 0);
INSERT INTO `district_info` VALUES (371525, '冠县', 3715, '2023-06-25 13:48:34', NULL, 0);
INSERT INTO `district_info` VALUES (371526, '高唐县', 3715, '2023-06-25 13:48:34', NULL, 0);
INSERT INTO `district_info` VALUES (371581, '临清市', 3715, '2023-06-25 13:48:34', NULL, 0);
INSERT INTO `district_info` VALUES (371602, '滨城区', 3716, '2023-06-25 13:48:34', NULL, 0);
INSERT INTO `district_info` VALUES (371603, '沾化区', 3716, '2023-06-25 13:48:34', NULL, 0);
INSERT INTO `district_info` VALUES (371621, '惠民县', 3716, '2023-06-25 13:48:34', NULL, 0);
INSERT INTO `district_info` VALUES (371622, '阳信县', 3716, '2023-06-25 13:48:34', NULL, 0);
INSERT INTO `district_info` VALUES (371623, '无棣县', 3716, '2023-06-25 13:48:34', NULL, 0);
INSERT INTO `district_info` VALUES (371625, '博兴县', 3716, '2023-06-25 13:48:34', NULL, 0);
INSERT INTO `district_info` VALUES (371681, '邹平市', 3716, '2023-06-25 13:48:34', NULL, 0);
INSERT INTO `district_info` VALUES (371702, '牡丹区', 3717, '2023-06-25 13:48:34', NULL, 0);
INSERT INTO `district_info` VALUES (371703, '定陶区', 3717, '2023-06-25 13:48:34', NULL, 0);
INSERT INTO `district_info` VALUES (371721, '曹县', 3717, '2023-06-25 13:48:34', NULL, 0);
INSERT INTO `district_info` VALUES (371722, '单县', 3717, '2023-06-25 13:48:34', NULL, 0);
INSERT INTO `district_info` VALUES (371723, '成武县', 3717, '2023-06-25 13:48:34', NULL, 0);
INSERT INTO `district_info` VALUES (371724, '巨野县', 3717, '2023-06-25 13:48:34', NULL, 0);
INSERT INTO `district_info` VALUES (371725, '郓城县', 3717, '2023-06-25 13:48:34', NULL, 0);
INSERT INTO `district_info` VALUES (371726, '鄄城县', 3717, '2023-06-25 13:48:34', NULL, 0);
INSERT INTO `district_info` VALUES (371728, '东明县', 3717, '2023-06-25 13:48:34', NULL, 0);
INSERT INTO `district_info` VALUES (371771, '菏泽经济技术开发区', 3717, '2023-06-25 13:48:34', NULL, 0);
INSERT INTO `district_info` VALUES (371772, '菏泽高新技术开发区', 3717, '2023-06-25 13:48:34', NULL, 0);
INSERT INTO `district_info` VALUES (410102, '中原区', 4101, '2023-06-25 13:48:34', NULL, 0);
INSERT INTO `district_info` VALUES (410103, '二七区', 4101, '2023-06-25 13:48:34', NULL, 0);
INSERT INTO `district_info` VALUES (410104, '管城回族区', 4101, '2023-06-25 13:48:34', NULL, 0);
INSERT INTO `district_info` VALUES (410105, '金水区', 4101, '2023-06-25 13:48:34', NULL, 0);
INSERT INTO `district_info` VALUES (410106, '上街区', 4101, '2023-06-25 13:48:34', NULL, 0);
INSERT INTO `district_info` VALUES (410108, '惠济区', 4101, '2023-06-25 13:48:34', NULL, 0);
INSERT INTO `district_info` VALUES (410122, '中牟县', 4101, '2023-06-25 13:48:34', NULL, 0);
INSERT INTO `district_info` VALUES (410171, '郑州经济技术开发区', 4101, '2023-06-25 13:48:34', NULL, 0);
INSERT INTO `district_info` VALUES (410172, '郑州高新技术产业开发区', 4101, '2023-06-25 13:48:34', NULL, 0);
INSERT INTO `district_info` VALUES (410173, '郑州航空港经济综合实验区', 4101, '2023-06-25 13:48:34', NULL, 0);
INSERT INTO `district_info` VALUES (410181, '巩义市', 4101, '2023-06-25 13:48:34', NULL, 0);
INSERT INTO `district_info` VALUES (410182, '荥阳市', 4101, '2023-06-25 13:48:34', NULL, 0);
INSERT INTO `district_info` VALUES (410183, '新密市', 4101, '2023-06-25 13:48:34', NULL, 0);
INSERT INTO `district_info` VALUES (410184, '新郑市', 4101, '2023-06-25 13:48:34', NULL, 0);
INSERT INTO `district_info` VALUES (410185, '登封市', 4101, '2023-06-25 13:48:34', NULL, 0);
INSERT INTO `district_info` VALUES (410202, '龙亭区', 4102, '2023-06-25 13:48:34', NULL, 0);
INSERT INTO `district_info` VALUES (410203, '顺河回族区', 4102, '2023-06-25 13:48:34', NULL, 0);
INSERT INTO `district_info` VALUES (410204, '鼓楼区', 4102, '2023-06-25 13:48:34', NULL, 0);
INSERT INTO `district_info` VALUES (410205, '禹王台区', 4102, '2023-06-25 13:48:34', NULL, 0);
INSERT INTO `district_info` VALUES (410212, '祥符区', 4102, '2023-06-25 13:48:34', NULL, 0);
INSERT INTO `district_info` VALUES (410221, '杞县', 4102, '2023-06-25 13:48:34', NULL, 0);
INSERT INTO `district_info` VALUES (410222, '通许县', 4102, '2023-06-25 13:48:34', NULL, 0);
INSERT INTO `district_info` VALUES (410223, '尉氏县', 4102, '2023-06-25 13:48:34', NULL, 0);
INSERT INTO `district_info` VALUES (410225, '兰考县', 4102, '2023-06-25 13:48:34', NULL, 0);
INSERT INTO `district_info` VALUES (410302, '老城区', 4103, '2023-06-25 13:48:34', NULL, 0);
INSERT INTO `district_info` VALUES (410303, '西工区', 4103, '2023-06-25 13:48:34', NULL, 0);
INSERT INTO `district_info` VALUES (410304, '瀍河回族区', 4103, '2023-06-25 13:48:34', NULL, 0);
INSERT INTO `district_info` VALUES (410305, '涧西区', 4103, '2023-06-25 13:48:34', NULL, 0);
INSERT INTO `district_info` VALUES (410307, '偃师区', 4103, '2023-06-25 13:48:34', NULL, 0);
INSERT INTO `district_info` VALUES (410308, '孟津区', 4103, '2023-06-25 13:48:34', NULL, 0);
INSERT INTO `district_info` VALUES (410311, '洛龙区', 4103, '2023-06-25 13:48:34', NULL, 0);
INSERT INTO `district_info` VALUES (410323, '新安县', 4103, '2023-06-25 13:48:34', NULL, 0);
INSERT INTO `district_info` VALUES (410324, '栾川县', 4103, '2023-06-25 13:48:34', NULL, 0);
INSERT INTO `district_info` VALUES (410325, '嵩县', 4103, '2023-06-25 13:48:34', NULL, 0);
INSERT INTO `district_info` VALUES (410326, '汝阳县', 4103, '2023-06-25 13:48:34', NULL, 0);
INSERT INTO `district_info` VALUES (410327, '宜阳县', 4103, '2023-06-25 13:48:34', NULL, 0);
INSERT INTO `district_info` VALUES (410328, '洛宁县', 4103, '2023-06-25 13:48:34', NULL, 0);
INSERT INTO `district_info` VALUES (410329, '伊川县', 4103, '2023-06-25 13:48:34', NULL, 0);
INSERT INTO `district_info` VALUES (410371, '洛阳高新技术产业开发区', 4103, '2023-06-25 13:48:34', NULL, 0);
INSERT INTO `district_info` VALUES (410402, '新华区', 4104, '2023-06-25 13:48:34', NULL, 0);
INSERT INTO `district_info` VALUES (410403, '卫东区', 4104, '2023-06-25 13:48:34', NULL, 0);
INSERT INTO `district_info` VALUES (410404, '石龙区', 4104, '2023-06-25 13:48:34', NULL, 0);
INSERT INTO `district_info` VALUES (410411, '湛河区', 4104, '2023-06-25 13:48:34', NULL, 0);
INSERT INTO `district_info` VALUES (410421, '宝丰县', 4104, '2023-06-25 13:48:34', NULL, 0);
INSERT INTO `district_info` VALUES (410422, '叶县', 4104, '2023-06-25 13:48:34', NULL, 0);
INSERT INTO `district_info` VALUES (410423, '鲁山县', 4104, '2023-06-25 13:48:34', NULL, 0);
INSERT INTO `district_info` VALUES (410425, '郏县', 4104, '2023-06-25 13:48:34', NULL, 0);
INSERT INTO `district_info` VALUES (410471, '平顶山高新技术产业开发区', 4104, '2023-06-25 13:48:34', NULL, 0);
INSERT INTO `district_info` VALUES (410472, '平顶山市城乡一体化示范区', 4104, '2023-06-25 13:48:34', NULL, 0);
INSERT INTO `district_info` VALUES (410481, '舞钢市', 4104, '2023-06-25 13:48:34', NULL, 0);
INSERT INTO `district_info` VALUES (410482, '汝州市', 4104, '2023-06-25 13:48:34', NULL, 0);
INSERT INTO `district_info` VALUES (410502, '文峰区', 4105, '2023-06-25 13:48:34', NULL, 0);
INSERT INTO `district_info` VALUES (410503, '北关区', 4105, '2023-06-25 13:48:34', NULL, 0);
INSERT INTO `district_info` VALUES (410505, '殷都区', 4105, '2023-06-25 13:48:34', NULL, 0);
INSERT INTO `district_info` VALUES (410506, '龙安区', 4105, '2023-06-25 13:48:34', NULL, 0);
INSERT INTO `district_info` VALUES (410522, '安阳县', 4105, '2023-06-25 13:48:34', NULL, 0);
INSERT INTO `district_info` VALUES (410523, '汤阴县', 4105, '2023-06-25 13:48:34', NULL, 0);
INSERT INTO `district_info` VALUES (410526, '滑县', 4105, '2023-06-25 13:48:34', NULL, 0);
INSERT INTO `district_info` VALUES (410527, '内黄县', 4105, '2023-06-25 13:48:34', NULL, 0);
INSERT INTO `district_info` VALUES (410571, '安阳高新技术产业开发区', 4105, '2023-06-25 13:48:34', NULL, 0);
INSERT INTO `district_info` VALUES (410581, '林州市', 4105, '2023-06-25 13:48:34', NULL, 0);
INSERT INTO `district_info` VALUES (410602, '鹤山区', 4106, '2023-06-25 13:48:34', NULL, 0);
INSERT INTO `district_info` VALUES (410603, '山城区', 4106, '2023-06-25 13:48:34', NULL, 0);
INSERT INTO `district_info` VALUES (410611, '淇滨区', 4106, '2023-06-25 13:48:34', NULL, 0);
INSERT INTO `district_info` VALUES (410621, '浚县', 4106, '2023-06-25 13:48:34', NULL, 0);
INSERT INTO `district_info` VALUES (410622, '淇县', 4106, '2023-06-25 13:48:34', NULL, 0);
INSERT INTO `district_info` VALUES (410671, '鹤壁经济技术开发区', 4106, '2023-06-25 13:48:34', NULL, 0);
INSERT INTO `district_info` VALUES (410702, '红旗区', 4107, '2023-06-25 13:48:34', NULL, 0);
INSERT INTO `district_info` VALUES (410703, '卫滨区', 4107, '2023-06-25 13:48:34', NULL, 0);
INSERT INTO `district_info` VALUES (410704, '凤泉区', 4107, '2023-06-25 13:48:34', NULL, 0);
INSERT INTO `district_info` VALUES (410711, '牧野区', 4107, '2023-06-25 13:48:34', NULL, 0);
INSERT INTO `district_info` VALUES (410721, '新乡县', 4107, '2023-06-25 13:48:34', NULL, 0);
INSERT INTO `district_info` VALUES (410724, '获嘉县', 4107, '2023-06-25 13:48:34', NULL, 0);
INSERT INTO `district_info` VALUES (410725, '原阳县', 4107, '2023-06-25 13:48:34', NULL, 0);
INSERT INTO `district_info` VALUES (410726, '延津县', 4107, '2023-06-25 13:48:34', NULL, 0);
INSERT INTO `district_info` VALUES (410727, '封丘县', 4107, '2023-06-25 13:48:34', NULL, 0);
INSERT INTO `district_info` VALUES (410771, '新乡高新技术产业开发区', 4107, '2023-06-25 13:48:34', NULL, 0);
INSERT INTO `district_info` VALUES (410772, '新乡经济技术开发区', 4107, '2023-06-25 13:48:34', NULL, 0);
INSERT INTO `district_info` VALUES (410773, '新乡市平原城乡一体化示范区', 4107, '2023-06-25 13:48:34', NULL, 0);
INSERT INTO `district_info` VALUES (410781, '卫辉市', 4107, '2023-06-25 13:48:34', NULL, 0);
INSERT INTO `district_info` VALUES (410782, '辉县市', 4107, '2023-06-25 13:48:34', NULL, 0);
INSERT INTO `district_info` VALUES (410783, '长垣市', 4107, '2023-06-25 13:48:34', NULL, 0);
INSERT INTO `district_info` VALUES (410802, '解放区', 4108, '2023-06-25 13:48:34', NULL, 0);
INSERT INTO `district_info` VALUES (410803, '中站区', 4108, '2023-06-25 13:48:34', NULL, 0);
INSERT INTO `district_info` VALUES (410804, '马村区', 4108, '2023-06-25 13:48:34', NULL, 0);
INSERT INTO `district_info` VALUES (410811, '山阳区', 4108, '2023-06-25 13:48:34', NULL, 0);
INSERT INTO `district_info` VALUES (410821, '修武县', 4108, '2023-06-25 13:48:34', NULL, 0);
INSERT INTO `district_info` VALUES (410822, '博爱县', 4108, '2023-06-25 13:48:34', NULL, 0);
INSERT INTO `district_info` VALUES (410823, '武陟县', 4108, '2023-06-25 13:48:34', NULL, 0);
INSERT INTO `district_info` VALUES (410825, '温县', 4108, '2023-06-25 13:48:34', NULL, 0);
INSERT INTO `district_info` VALUES (410871, '焦作城乡一体化示范区', 4108, '2023-06-25 13:48:34', NULL, 0);
INSERT INTO `district_info` VALUES (410882, '沁阳市', 4108, '2023-06-25 13:48:34', NULL, 0);
INSERT INTO `district_info` VALUES (410883, '孟州市', 4108, '2023-06-25 13:48:34', NULL, 0);
INSERT INTO `district_info` VALUES (410902, '华龙区', 4109, '2023-06-25 13:48:34', NULL, 0);
INSERT INTO `district_info` VALUES (410922, '清丰县', 4109, '2023-06-25 13:48:34', NULL, 0);
INSERT INTO `district_info` VALUES (410923, '南乐县', 4109, '2023-06-25 13:48:34', NULL, 0);
INSERT INTO `district_info` VALUES (410926, '范县', 4109, '2023-06-25 13:48:34', NULL, 0);
INSERT INTO `district_info` VALUES (410927, '台前县', 4109, '2023-06-25 13:48:34', NULL, 0);
INSERT INTO `district_info` VALUES (410928, '濮阳县', 4109, '2023-06-25 13:48:34', NULL, 0);
INSERT INTO `district_info` VALUES (410971, '河南濮阳工业园区', 4109, '2023-06-25 13:48:34', NULL, 0);
INSERT INTO `district_info` VALUES (410972, '濮阳经济技术开发区', 4109, '2023-06-25 13:48:34', NULL, 0);
INSERT INTO `district_info` VALUES (411002, '魏都区', 4110, '2023-06-25 13:48:34', NULL, 0);
INSERT INTO `district_info` VALUES (411003, '建安区', 4110, '2023-06-25 13:48:34', NULL, 0);
INSERT INTO `district_info` VALUES (411024, '鄢陵县', 4110, '2023-06-25 13:48:34', NULL, 0);
INSERT INTO `district_info` VALUES (411025, '襄城县', 4110, '2023-06-25 13:48:34', NULL, 0);
INSERT INTO `district_info` VALUES (411071, '许昌经济技术开发区', 4110, '2023-06-25 13:48:34', NULL, 0);
INSERT INTO `district_info` VALUES (411081, '禹州市', 4110, '2023-06-25 13:48:34', NULL, 0);
INSERT INTO `district_info` VALUES (411082, '长葛市', 4110, '2023-06-25 13:48:34', NULL, 0);
INSERT INTO `district_info` VALUES (411102, '源汇区', 4111, '2023-06-25 13:48:34', NULL, 0);
INSERT INTO `district_info` VALUES (411103, '郾城区', 4111, '2023-06-25 13:48:34', NULL, 0);
INSERT INTO `district_info` VALUES (411104, '召陵区', 4111, '2023-06-25 13:48:34', NULL, 0);
INSERT INTO `district_info` VALUES (411121, '舞阳县', 4111, '2023-06-25 13:48:34', NULL, 0);
INSERT INTO `district_info` VALUES (411122, '临颍县', 4111, '2023-06-25 13:48:34', NULL, 0);
INSERT INTO `district_info` VALUES (411171, '漯河经济技术开发区', 4111, '2023-06-25 13:48:34', NULL, 0);
INSERT INTO `district_info` VALUES (411202, '湖滨区', 4112, '2023-06-25 13:48:34', NULL, 0);
INSERT INTO `district_info` VALUES (411203, '陕州区', 4112, '2023-06-25 13:48:34', NULL, 0);
INSERT INTO `district_info` VALUES (411221, '渑池县', 4112, '2023-06-25 13:48:34', NULL, 0);
INSERT INTO `district_info` VALUES (411224, '卢氏县', 4112, '2023-06-25 13:48:34', NULL, 0);
INSERT INTO `district_info` VALUES (411271, '河南三门峡经济开发区', 4112, '2023-06-25 13:48:34', NULL, 0);
INSERT INTO `district_info` VALUES (411281, '义马市', 4112, '2023-06-25 13:48:34', NULL, 0);
INSERT INTO `district_info` VALUES (411282, '灵宝市', 4112, '2023-06-25 13:48:34', NULL, 0);
INSERT INTO `district_info` VALUES (411302, '宛城区', 4113, '2023-06-25 13:48:34', NULL, 0);
INSERT INTO `district_info` VALUES (411303, '卧龙区', 4113, '2023-06-25 13:48:34', NULL, 0);
INSERT INTO `district_info` VALUES (411321, '南召县', 4113, '2023-06-25 13:48:34', NULL, 0);
INSERT INTO `district_info` VALUES (411322, '方城县', 4113, '2023-06-25 13:48:34', NULL, 0);
INSERT INTO `district_info` VALUES (411323, '西峡县', 4113, '2023-06-25 13:48:34', NULL, 0);
INSERT INTO `district_info` VALUES (411324, '镇平县', 4113, '2023-06-25 13:48:34', NULL, 0);
INSERT INTO `district_info` VALUES (411325, '内乡县', 4113, '2023-06-25 13:48:34', NULL, 0);
INSERT INTO `district_info` VALUES (411326, '淅川县', 4113, '2023-06-25 13:48:34', NULL, 0);
INSERT INTO `district_info` VALUES (411327, '社旗县', 4113, '2023-06-25 13:48:34', NULL, 0);
INSERT INTO `district_info` VALUES (411328, '唐河县', 4113, '2023-06-25 13:48:34', NULL, 0);
INSERT INTO `district_info` VALUES (411329, '新野县', 4113, '2023-06-25 13:48:34', NULL, 0);
INSERT INTO `district_info` VALUES (411330, '桐柏县', 4113, '2023-06-25 13:48:34', NULL, 0);
INSERT INTO `district_info` VALUES (411371, '南阳高新技术产业开发区', 4113, '2023-06-25 13:48:34', NULL, 0);
INSERT INTO `district_info` VALUES (411372, '南阳市城乡一体化示范区', 4113, '2023-06-25 13:48:34', NULL, 0);
INSERT INTO `district_info` VALUES (411381, '邓州市', 4113, '2023-06-25 13:48:34', NULL, 0);
INSERT INTO `district_info` VALUES (411402, '梁园区', 4114, '2023-06-25 13:48:34', NULL, 0);
INSERT INTO `district_info` VALUES (411403, '睢阳区', 4114, '2023-06-25 13:48:34', NULL, 0);
INSERT INTO `district_info` VALUES (411421, '民权县', 4114, '2023-06-25 13:48:34', NULL, 0);
INSERT INTO `district_info` VALUES (411422, '睢县', 4114, '2023-06-25 13:48:34', NULL, 0);
INSERT INTO `district_info` VALUES (411423, '宁陵县', 4114, '2023-06-25 13:48:34', NULL, 0);
INSERT INTO `district_info` VALUES (411424, '柘城县', 4114, '2023-06-25 13:48:34', NULL, 0);
INSERT INTO `district_info` VALUES (411425, '虞城县', 4114, '2023-06-25 13:48:34', NULL, 0);
INSERT INTO `district_info` VALUES (411426, '夏邑县', 4114, '2023-06-25 13:48:34', NULL, 0);
INSERT INTO `district_info` VALUES (411471, '豫东综合物流产业聚集区', 4114, '2023-06-25 13:48:34', NULL, 0);
INSERT INTO `district_info` VALUES (411472, '河南商丘经济开发区', 4114, '2023-06-25 13:48:34', NULL, 0);
INSERT INTO `district_info` VALUES (411481, '永城市', 4114, '2023-06-25 13:48:34', NULL, 0);
INSERT INTO `district_info` VALUES (411502, '浉河区', 4115, '2023-06-25 13:48:34', NULL, 0);
INSERT INTO `district_info` VALUES (411503, '平桥区', 4115, '2023-06-25 13:48:34', NULL, 0);
INSERT INTO `district_info` VALUES (411521, '罗山县', 4115, '2023-06-25 13:48:34', NULL, 0);
INSERT INTO `district_info` VALUES (411522, '光山县', 4115, '2023-06-25 13:48:34', NULL, 0);
INSERT INTO `district_info` VALUES (411523, '新县', 4115, '2023-06-25 13:48:34', NULL, 0);
INSERT INTO `district_info` VALUES (411524, '商城县', 4115, '2023-06-25 13:48:34', NULL, 0);
INSERT INTO `district_info` VALUES (411525, '固始县', 4115, '2023-06-25 13:48:34', NULL, 0);
INSERT INTO `district_info` VALUES (411526, '潢川县', 4115, '2023-06-25 13:48:34', NULL, 0);
INSERT INTO `district_info` VALUES (411527, '淮滨县', 4115, '2023-06-25 13:48:34', NULL, 0);
INSERT INTO `district_info` VALUES (411528, '息县', 4115, '2023-06-25 13:48:34', NULL, 0);
INSERT INTO `district_info` VALUES (411571, '信阳高新技术产业开发区', 4115, '2023-06-25 13:48:34', NULL, 0);
INSERT INTO `district_info` VALUES (411602, '川汇区', 4116, '2023-06-25 13:48:34', NULL, 0);
INSERT INTO `district_info` VALUES (411603, '淮阳区', 4116, '2023-06-25 13:48:34', NULL, 0);
INSERT INTO `district_info` VALUES (411621, '扶沟县', 4116, '2023-06-25 13:48:34', NULL, 0);
INSERT INTO `district_info` VALUES (411622, '西华县', 4116, '2023-06-25 13:48:34', NULL, 0);
INSERT INTO `district_info` VALUES (411623, '商水县', 4116, '2023-06-25 13:48:34', NULL, 0);
INSERT INTO `district_info` VALUES (411624, '沈丘县', 4116, '2023-06-25 13:48:34', NULL, 0);
INSERT INTO `district_info` VALUES (411625, '郸城县', 4116, '2023-06-25 13:48:34', NULL, 0);
INSERT INTO `district_info` VALUES (411627, '太康县', 4116, '2023-06-25 13:48:34', NULL, 0);
INSERT INTO `district_info` VALUES (411628, '鹿邑县', 4116, '2023-06-25 13:48:34', NULL, 0);
INSERT INTO `district_info` VALUES (411671, '河南周口经济开发区', 4116, '2023-06-25 13:48:34', NULL, 0);
INSERT INTO `district_info` VALUES (411681, '项城市', 4116, '2023-06-25 13:48:34', NULL, 0);
INSERT INTO `district_info` VALUES (411702, '驿城区', 4117, '2023-06-25 13:48:34', NULL, 0);
INSERT INTO `district_info` VALUES (411721, '西平县', 4117, '2023-06-25 13:48:34', NULL, 0);
INSERT INTO `district_info` VALUES (411722, '上蔡县', 4117, '2023-06-25 13:48:34', NULL, 0);
INSERT INTO `district_info` VALUES (411723, '平舆县', 4117, '2023-06-25 13:48:34', NULL, 0);
INSERT INTO `district_info` VALUES (411724, '正阳县', 4117, '2023-06-25 13:48:34', NULL, 0);
INSERT INTO `district_info` VALUES (411725, '确山县', 4117, '2023-06-25 13:48:34', NULL, 0);
INSERT INTO `district_info` VALUES (411726, '泌阳县', 4117, '2023-06-25 13:48:34', NULL, 0);
INSERT INTO `district_info` VALUES (411727, '汝南县', 4117, '2023-06-25 13:48:34', NULL, 0);
INSERT INTO `district_info` VALUES (411728, '遂平县', 4117, '2023-06-25 13:48:34', NULL, 0);
INSERT INTO `district_info` VALUES (411729, '新蔡县', 4117, '2023-06-25 13:48:34', NULL, 0);
INSERT INTO `district_info` VALUES (411771, '河南驻马店经济开发区', 4117, '2023-06-25 13:48:34', NULL, 0);
INSERT INTO `district_info` VALUES (419001, '济源市', 4190, '2023-06-25 13:48:34', NULL, 0);
INSERT INTO `district_info` VALUES (420102, '江岸区', 4201, '2023-06-25 13:48:34', NULL, 0);
INSERT INTO `district_info` VALUES (420103, '江汉区', 4201, '2023-06-25 13:48:34', NULL, 0);
INSERT INTO `district_info` VALUES (420104, '硚口区', 4201, '2023-06-25 13:48:34', NULL, 0);
INSERT INTO `district_info` VALUES (420105, '汉阳区', 4201, '2023-06-25 13:48:34', NULL, 0);
INSERT INTO `district_info` VALUES (420106, '武昌区', 4201, '2023-06-25 13:48:34', NULL, 0);
INSERT INTO `district_info` VALUES (420107, '青山区', 4201, '2023-06-25 13:48:34', NULL, 0);
INSERT INTO `district_info` VALUES (420111, '洪山区', 4201, '2023-06-25 13:48:34', NULL, 0);
INSERT INTO `district_info` VALUES (420112, '东西湖区', 4201, '2023-06-25 13:48:34', NULL, 0);
INSERT INTO `district_info` VALUES (420113, '汉南区', 4201, '2023-06-25 13:48:34', NULL, 0);
INSERT INTO `district_info` VALUES (420114, '蔡甸区', 4201, '2023-06-25 13:48:34', NULL, 0);
INSERT INTO `district_info` VALUES (420115, '江夏区', 4201, '2023-06-25 13:48:34', NULL, 0);
INSERT INTO `district_info` VALUES (420116, '黄陂区', 4201, '2023-06-25 13:48:34', NULL, 0);
INSERT INTO `district_info` VALUES (420117, '新洲区', 4201, '2023-06-25 13:48:34', NULL, 0);
INSERT INTO `district_info` VALUES (420202, '黄石港区', 4202, '2023-06-25 13:48:34', NULL, 0);
INSERT INTO `district_info` VALUES (420203, '西塞山区', 4202, '2023-06-25 13:48:34', NULL, 0);
INSERT INTO `district_info` VALUES (420204, '下陆区', 4202, '2023-06-25 13:48:34', NULL, 0);
INSERT INTO `district_info` VALUES (420205, '铁山区', 4202, '2023-06-25 13:48:34', NULL, 0);
INSERT INTO `district_info` VALUES (420222, '阳新县', 4202, '2023-06-25 13:48:34', NULL, 0);
INSERT INTO `district_info` VALUES (420281, '大冶市', 4202, '2023-06-25 13:48:34', NULL, 0);
INSERT INTO `district_info` VALUES (420302, '茅箭区', 4203, '2023-06-25 13:48:34', NULL, 0);
INSERT INTO `district_info` VALUES (420303, '张湾区', 4203, '2023-06-25 13:48:34', NULL, 0);
INSERT INTO `district_info` VALUES (420304, '郧阳区', 4203, '2023-06-25 13:48:34', NULL, 0);
INSERT INTO `district_info` VALUES (420322, '郧西县', 4203, '2023-06-25 13:48:34', NULL, 0);
INSERT INTO `district_info` VALUES (420323, '竹山县', 4203, '2023-06-25 13:48:34', NULL, 0);
INSERT INTO `district_info` VALUES (420324, '竹溪县', 4203, '2023-06-25 13:48:34', NULL, 0);
INSERT INTO `district_info` VALUES (420325, '房县', 4203, '2023-06-25 13:48:34', NULL, 0);
INSERT INTO `district_info` VALUES (420381, '丹江口市', 4203, '2023-06-25 13:48:34', NULL, 0);
INSERT INTO `district_info` VALUES (420502, '西陵区', 4205, '2023-06-25 13:48:34', NULL, 0);
INSERT INTO `district_info` VALUES (420503, '伍家岗区', 4205, '2023-06-25 13:48:34', NULL, 0);
INSERT INTO `district_info` VALUES (420504, '点军区', 4205, '2023-06-25 13:48:34', NULL, 0);
INSERT INTO `district_info` VALUES (420505, '猇亭区', 4205, '2023-06-25 13:48:34', NULL, 0);
INSERT INTO `district_info` VALUES (420506, '夷陵区', 4205, '2023-06-25 13:48:34', NULL, 0);
INSERT INTO `district_info` VALUES (420525, '远安县', 4205, '2023-06-25 13:48:34', NULL, 0);
INSERT INTO `district_info` VALUES (420526, '兴山县', 4205, '2023-06-25 13:48:34', NULL, 0);
INSERT INTO `district_info` VALUES (420527, '秭归县', 4205, '2023-06-25 13:48:34', NULL, 0);
INSERT INTO `district_info` VALUES (420528, '长阳土家族自治县', 4205, '2023-06-25 13:48:34', NULL, 0);
INSERT INTO `district_info` VALUES (420529, '五峰土家族自治县', 4205, '2023-06-25 13:48:34', NULL, 0);
INSERT INTO `district_info` VALUES (420581, '宜都市', 4205, '2023-06-25 13:48:34', NULL, 0);
INSERT INTO `district_info` VALUES (420582, '当阳市', 4205, '2023-06-25 13:48:34', NULL, 0);
INSERT INTO `district_info` VALUES (420583, '枝江市', 4205, '2023-06-25 13:48:34', NULL, 0);
INSERT INTO `district_info` VALUES (420602, '襄城区', 4206, '2023-06-25 13:48:34', NULL, 0);
INSERT INTO `district_info` VALUES (420606, '樊城区', 4206, '2023-06-25 13:48:34', NULL, 0);
INSERT INTO `district_info` VALUES (420607, '襄州区', 4206, '2023-06-25 13:48:34', NULL, 0);
INSERT INTO `district_info` VALUES (420624, '南漳县', 4206, '2023-06-25 13:48:34', NULL, 0);
INSERT INTO `district_info` VALUES (420625, '谷城县', 4206, '2023-06-25 13:48:34', NULL, 0);
INSERT INTO `district_info` VALUES (420626, '保康县', 4206, '2023-06-25 13:48:34', NULL, 0);
INSERT INTO `district_info` VALUES (420682, '老河口市', 4206, '2023-06-25 13:48:34', NULL, 0);
INSERT INTO `district_info` VALUES (420683, '枣阳市', 4206, '2023-06-25 13:48:34', NULL, 0);
INSERT INTO `district_info` VALUES (420684, '宜城市', 4206, '2023-06-25 13:48:34', NULL, 0);
INSERT INTO `district_info` VALUES (420702, '梁子湖区', 4207, '2023-06-25 13:48:34', NULL, 0);
INSERT INTO `district_info` VALUES (420703, '华容区', 4207, '2023-06-25 13:48:34', NULL, 0);
INSERT INTO `district_info` VALUES (420704, '鄂城区', 4207, '2023-06-25 13:48:34', NULL, 0);
INSERT INTO `district_info` VALUES (420802, '东宝区', 4208, '2023-06-25 13:48:34', NULL, 0);
INSERT INTO `district_info` VALUES (420804, '掇刀区', 4208, '2023-06-25 13:48:34', NULL, 0);
INSERT INTO `district_info` VALUES (420822, '沙洋县', 4208, '2023-06-25 13:48:34', NULL, 0);
INSERT INTO `district_info` VALUES (420881, '钟祥市', 4208, '2023-06-25 13:48:34', NULL, 0);
INSERT INTO `district_info` VALUES (420882, '京山市', 4208, '2023-06-25 13:48:34', NULL, 0);
INSERT INTO `district_info` VALUES (420902, '孝南区', 4209, '2023-06-25 13:48:34', NULL, 0);
INSERT INTO `district_info` VALUES (420921, '孝昌县', 4209, '2023-06-25 13:48:34', NULL, 0);
INSERT INTO `district_info` VALUES (420922, '大悟县', 4209, '2023-06-25 13:48:34', NULL, 0);
INSERT INTO `district_info` VALUES (420923, '云梦县', 4209, '2023-06-25 13:48:34', NULL, 0);
INSERT INTO `district_info` VALUES (420981, '应城市', 4209, '2023-06-25 13:48:34', NULL, 0);
INSERT INTO `district_info` VALUES (420982, '安陆市', 4209, '2023-06-25 13:48:34', NULL, 0);
INSERT INTO `district_info` VALUES (420984, '汉川市', 4209, '2023-06-25 13:48:34', NULL, 0);
INSERT INTO `district_info` VALUES (421002, '沙市区', 4210, '2023-06-25 13:48:34', NULL, 0);
INSERT INTO `district_info` VALUES (421003, '荆州区', 4210, '2023-06-25 13:48:34', NULL, 0);
INSERT INTO `district_info` VALUES (421022, '公安县', 4210, '2023-06-25 13:48:34', NULL, 0);
INSERT INTO `district_info` VALUES (421024, '江陵县', 4210, '2023-06-25 13:48:34', NULL, 0);
INSERT INTO `district_info` VALUES (421071, '荆州经济技术开发区', 4210, '2023-06-25 13:48:34', NULL, 0);
INSERT INTO `district_info` VALUES (421081, '石首市', 4210, '2023-06-25 13:48:34', NULL, 0);
INSERT INTO `district_info` VALUES (421083, '洪湖市', 4210, '2023-06-25 13:48:34', NULL, 0);
INSERT INTO `district_info` VALUES (421087, '松滋市', 4210, '2023-06-25 13:48:34', NULL, 0);
INSERT INTO `district_info` VALUES (421088, '监利市', 4210, '2023-06-25 13:48:34', NULL, 0);
INSERT INTO `district_info` VALUES (421102, '黄州区', 4211, '2023-06-25 13:48:34', NULL, 0);
INSERT INTO `district_info` VALUES (421121, '团风县', 4211, '2023-06-25 13:48:34', NULL, 0);
INSERT INTO `district_info` VALUES (421122, '红安县', 4211, '2023-06-25 13:48:34', NULL, 0);
INSERT INTO `district_info` VALUES (421123, '罗田县', 4211, '2023-06-25 13:48:34', NULL, 0);
INSERT INTO `district_info` VALUES (421124, '英山县', 4211, '2023-06-25 13:48:34', NULL, 0);
INSERT INTO `district_info` VALUES (421125, '浠水县', 4211, '2023-06-25 13:48:34', NULL, 0);
INSERT INTO `district_info` VALUES (421126, '蕲春县', 4211, '2023-06-25 13:48:34', NULL, 0);
INSERT INTO `district_info` VALUES (421127, '黄梅县', 4211, '2023-06-25 13:48:34', NULL, 0);
INSERT INTO `district_info` VALUES (421171, '龙感湖管理区', 4211, '2023-06-25 13:48:34', NULL, 0);
INSERT INTO `district_info` VALUES (421181, '麻城市', 4211, '2023-06-25 13:48:34', NULL, 0);
INSERT INTO `district_info` VALUES (421182, '武穴市', 4211, '2023-06-25 13:48:34', NULL, 0);
INSERT INTO `district_info` VALUES (421202, '咸安区', 4212, '2023-06-25 13:48:34', NULL, 0);
INSERT INTO `district_info` VALUES (421221, '嘉鱼县', 4212, '2023-06-25 13:48:34', NULL, 0);
INSERT INTO `district_info` VALUES (421222, '通城县', 4212, '2023-06-25 13:48:34', NULL, 0);
INSERT INTO `district_info` VALUES (421223, '崇阳县', 4212, '2023-06-25 13:48:34', NULL, 0);
INSERT INTO `district_info` VALUES (421224, '通山县', 4212, '2023-06-25 13:48:34', NULL, 0);
INSERT INTO `district_info` VALUES (421281, '赤壁市', 4212, '2023-06-25 13:48:34', NULL, 0);
INSERT INTO `district_info` VALUES (421303, '曾都区', 4213, '2023-06-25 13:48:34', NULL, 0);
INSERT INTO `district_info` VALUES (421321, '随县', 4213, '2023-06-25 13:48:34', NULL, 0);
INSERT INTO `district_info` VALUES (421381, '广水市', 4213, '2023-06-25 13:48:34', NULL, 0);
INSERT INTO `district_info` VALUES (422801, '恩施市', 4228, '2023-06-25 13:48:34', NULL, 0);
INSERT INTO `district_info` VALUES (422802, '利川市', 4228, '2023-06-25 13:48:34', NULL, 0);
INSERT INTO `district_info` VALUES (422822, '建始县', 4228, '2023-06-25 13:48:34', NULL, 0);
INSERT INTO `district_info` VALUES (422823, '巴东县', 4228, '2023-06-25 13:48:34', NULL, 0);
INSERT INTO `district_info` VALUES (422825, '宣恩县', 4228, '2023-06-25 13:48:34', NULL, 0);
INSERT INTO `district_info` VALUES (422826, '咸丰县', 4228, '2023-06-25 13:48:34', NULL, 0);
INSERT INTO `district_info` VALUES (422827, '来凤县', 4228, '2023-06-25 13:48:34', NULL, 0);
INSERT INTO `district_info` VALUES (422828, '鹤峰县', 4228, '2023-06-25 13:48:34', NULL, 0);
INSERT INTO `district_info` VALUES (429004, '仙桃市', 4290, '2023-06-25 13:48:34', NULL, 0);
INSERT INTO `district_info` VALUES (429005, '潜江市', 4290, '2023-06-25 13:48:34', NULL, 0);
INSERT INTO `district_info` VALUES (429006, '天门市', 4290, '2023-06-25 13:48:34', NULL, 0);
INSERT INTO `district_info` VALUES (429021, '神农架林区', 4290, '2023-06-25 13:48:34', NULL, 0);
INSERT INTO `district_info` VALUES (430102, '芙蓉区', 4301, '2023-06-25 13:48:34', NULL, 0);
INSERT INTO `district_info` VALUES (430103, '天心区', 4301, '2023-06-25 13:48:34', NULL, 0);
INSERT INTO `district_info` VALUES (430104, '岳麓区', 4301, '2023-06-25 13:48:34', NULL, 0);
INSERT INTO `district_info` VALUES (430105, '开福区', 4301, '2023-06-25 13:48:34', NULL, 0);
INSERT INTO `district_info` VALUES (430111, '雨花区', 4301, '2023-06-25 13:48:34', NULL, 0);
INSERT INTO `district_info` VALUES (430112, '望城区', 4301, '2023-06-25 13:48:34', NULL, 0);
INSERT INTO `district_info` VALUES (430121, '长沙县', 4301, '2023-06-25 13:48:34', NULL, 0);
INSERT INTO `district_info` VALUES (430181, '浏阳市', 4301, '2023-06-25 13:48:34', NULL, 0);
INSERT INTO `district_info` VALUES (430182, '宁乡市', 4301, '2023-06-25 13:48:34', NULL, 0);
INSERT INTO `district_info` VALUES (430202, '荷塘区', 4302, '2023-06-25 13:48:34', NULL, 0);
INSERT INTO `district_info` VALUES (430203, '芦淞区', 4302, '2023-06-25 13:48:34', NULL, 0);
INSERT INTO `district_info` VALUES (430204, '石峰区', 4302, '2023-06-25 13:48:34', NULL, 0);
INSERT INTO `district_info` VALUES (430211, '天元区', 4302, '2023-06-25 13:48:34', NULL, 0);
INSERT INTO `district_info` VALUES (430212, '渌口区', 4302, '2023-06-25 13:48:34', NULL, 0);
INSERT INTO `district_info` VALUES (430223, '攸县', 4302, '2023-06-25 13:48:34', NULL, 0);
INSERT INTO `district_info` VALUES (430224, '茶陵县', 4302, '2023-06-25 13:48:34', NULL, 0);
INSERT INTO `district_info` VALUES (430225, '炎陵县', 4302, '2023-06-25 13:48:34', NULL, 0);
INSERT INTO `district_info` VALUES (430281, '醴陵市', 4302, '2023-06-25 13:48:34', NULL, 0);
INSERT INTO `district_info` VALUES (430302, '雨湖区', 4303, '2023-06-25 13:48:34', NULL, 0);
INSERT INTO `district_info` VALUES (430304, '岳塘区', 4303, '2023-06-25 13:48:34', NULL, 0);
INSERT INTO `district_info` VALUES (430321, '湘潭县', 4303, '2023-06-25 13:48:34', NULL, 0);
INSERT INTO `district_info` VALUES (430371, '湖南湘潭高新技术产业园区', 4303, '2023-06-25 13:48:34', NULL, 0);
INSERT INTO `district_info` VALUES (430372, '湘潭昭山示范区', 4303, '2023-06-25 13:48:34', NULL, 0);
INSERT INTO `district_info` VALUES (430373, '湘潭九华示范区', 4303, '2023-06-25 13:48:34', NULL, 0);
INSERT INTO `district_info` VALUES (430381, '湘乡市', 4303, '2023-06-25 13:48:34', NULL, 0);
INSERT INTO `district_info` VALUES (430382, '韶山市', 4303, '2023-06-25 13:48:34', NULL, 0);
INSERT INTO `district_info` VALUES (430405, '珠晖区', 4304, '2023-06-25 13:48:34', NULL, 0);
INSERT INTO `district_info` VALUES (430406, '雁峰区', 4304, '2023-06-25 13:48:34', NULL, 0);
INSERT INTO `district_info` VALUES (430407, '石鼓区', 4304, '2023-06-25 13:48:34', NULL, 0);
INSERT INTO `district_info` VALUES (430408, '蒸湘区', 4304, '2023-06-25 13:48:34', NULL, 0);
INSERT INTO `district_info` VALUES (430412, '南岳区', 4304, '2023-06-25 13:48:34', NULL, 0);
INSERT INTO `district_info` VALUES (430421, '衡阳县', 4304, '2023-06-25 13:48:34', NULL, 0);
INSERT INTO `district_info` VALUES (430422, '衡南县', 4304, '2023-06-25 13:48:34', NULL, 0);
INSERT INTO `district_info` VALUES (430423, '衡山县', 4304, '2023-06-25 13:48:34', NULL, 0);
INSERT INTO `district_info` VALUES (430424, '衡东县', 4304, '2023-06-25 13:48:34', NULL, 0);
INSERT INTO `district_info` VALUES (430426, '祁东县', 4304, '2023-06-25 13:48:34', NULL, 0);
INSERT INTO `district_info` VALUES (430471, '衡阳综合保税区', 4304, '2023-06-25 13:48:34', NULL, 0);
INSERT INTO `district_info` VALUES (430472, '湖南衡阳高新技术产业园区', 4304, '2023-06-25 13:48:34', NULL, 0);
INSERT INTO `district_info` VALUES (430473, '湖南衡阳松木经济开发区', 4304, '2023-06-25 13:48:34', NULL, 0);
INSERT INTO `district_info` VALUES (430481, '耒阳市', 4304, '2023-06-25 13:48:34', NULL, 0);
INSERT INTO `district_info` VALUES (430482, '常宁市', 4304, '2023-06-25 13:48:34', NULL, 0);
INSERT INTO `district_info` VALUES (430502, '双清区', 4305, '2023-06-25 13:48:34', NULL, 0);
INSERT INTO `district_info` VALUES (430503, '大祥区', 4305, '2023-06-25 13:48:34', NULL, 0);
INSERT INTO `district_info` VALUES (430511, '北塔区', 4305, '2023-06-25 13:48:34', NULL, 0);
INSERT INTO `district_info` VALUES (430522, '新邵县', 4305, '2023-06-25 13:48:34', NULL, 0);
INSERT INTO `district_info` VALUES (430523, '邵阳县', 4305, '2023-06-25 13:48:34', NULL, 0);
INSERT INTO `district_info` VALUES (430524, '隆回县', 4305, '2023-06-25 13:48:34', NULL, 0);
INSERT INTO `district_info` VALUES (430525, '洞口县', 4305, '2023-06-25 13:48:34', NULL, 0);
INSERT INTO `district_info` VALUES (430527, '绥宁县', 4305, '2023-06-25 13:48:34', NULL, 0);
INSERT INTO `district_info` VALUES (430528, '新宁县', 4305, '2023-06-25 13:48:34', NULL, 0);
INSERT INTO `district_info` VALUES (430529, '城步苗族自治县', 4305, '2023-06-25 13:48:34', NULL, 0);
INSERT INTO `district_info` VALUES (430581, '武冈市', 4305, '2023-06-25 13:48:34', NULL, 0);
INSERT INTO `district_info` VALUES (430582, '邵东市', 4305, '2023-06-25 13:48:34', NULL, 0);
INSERT INTO `district_info` VALUES (430602, '岳阳楼区', 4306, '2023-06-25 13:48:34', NULL, 0);
INSERT INTO `district_info` VALUES (430603, '云溪区', 4306, '2023-06-25 13:48:34', NULL, 0);
INSERT INTO `district_info` VALUES (430611, '君山区', 4306, '2023-06-25 13:48:34', NULL, 0);
INSERT INTO `district_info` VALUES (430621, '岳阳县', 4306, '2023-06-25 13:48:34', NULL, 0);
INSERT INTO `district_info` VALUES (430623, '华容县', 4306, '2023-06-25 13:48:34', NULL, 0);
INSERT INTO `district_info` VALUES (430624, '湘阴县', 4306, '2023-06-25 13:48:34', NULL, 0);
INSERT INTO `district_info` VALUES (430626, '平江县', 4306, '2023-06-25 13:48:34', NULL, 0);
INSERT INTO `district_info` VALUES (430671, '岳阳市屈原管理区', 4306, '2023-06-25 13:48:34', NULL, 0);
INSERT INTO `district_info` VALUES (430681, '汨罗市', 4306, '2023-06-25 13:48:34', NULL, 0);
INSERT INTO `district_info` VALUES (430682, '临湘市', 4306, '2023-06-25 13:48:34', NULL, 0);
INSERT INTO `district_info` VALUES (430702, '武陵区', 4307, '2023-06-25 13:48:34', NULL, 0);
INSERT INTO `district_info` VALUES (430703, '鼎城区', 4307, '2023-06-25 13:48:34', NULL, 0);
INSERT INTO `district_info` VALUES (430721, '安乡县', 4307, '2023-06-25 13:48:34', NULL, 0);
INSERT INTO `district_info` VALUES (430722, '汉寿县', 4307, '2023-06-25 13:48:34', NULL, 0);
INSERT INTO `district_info` VALUES (430723, '澧县', 4307, '2023-06-25 13:48:34', NULL, 0);
INSERT INTO `district_info` VALUES (430724, '临澧县', 4307, '2023-06-25 13:48:34', NULL, 0);
INSERT INTO `district_info` VALUES (430725, '桃源县', 4307, '2023-06-25 13:48:34', NULL, 0);
INSERT INTO `district_info` VALUES (430726, '石门县', 4307, '2023-06-25 13:48:34', NULL, 0);
INSERT INTO `district_info` VALUES (430771, '常德市西洞庭管理区', 4307, '2023-06-25 13:48:34', NULL, 0);
INSERT INTO `district_info` VALUES (430781, '津市市', 4307, '2023-06-25 13:48:34', NULL, 0);
INSERT INTO `district_info` VALUES (430802, '永定区', 4308, '2023-06-25 13:48:34', NULL, 0);
INSERT INTO `district_info` VALUES (430811, '武陵源区', 4308, '2023-06-25 13:48:34', NULL, 0);
INSERT INTO `district_info` VALUES (430821, '慈利县', 4308, '2023-06-25 13:48:34', NULL, 0);
INSERT INTO `district_info` VALUES (430822, '桑植县', 4308, '2023-06-25 13:48:34', NULL, 0);
INSERT INTO `district_info` VALUES (430902, '资阳区', 4309, '2023-06-25 13:48:34', NULL, 0);
INSERT INTO `district_info` VALUES (430903, '赫山区', 4309, '2023-06-25 13:48:34', NULL, 0);
INSERT INTO `district_info` VALUES (430921, '南县', 4309, '2023-06-25 13:48:34', NULL, 0);
INSERT INTO `district_info` VALUES (430922, '桃江县', 4309, '2023-06-25 13:48:34', NULL, 0);
INSERT INTO `district_info` VALUES (430923, '安化县', 4309, '2023-06-25 13:48:34', NULL, 0);
INSERT INTO `district_info` VALUES (430971, '益阳市大通湖管理区', 4309, '2023-06-25 13:48:34', NULL, 0);
INSERT INTO `district_info` VALUES (430972, '湖南益阳高新技术产业园区', 4309, '2023-06-25 13:48:34', NULL, 0);
INSERT INTO `district_info` VALUES (430981, '沅江市', 4309, '2023-06-25 13:48:34', NULL, 0);
INSERT INTO `district_info` VALUES (431002, '北湖区', 4310, '2023-06-25 13:48:34', NULL, 0);
INSERT INTO `district_info` VALUES (431003, '苏仙区', 4310, '2023-06-25 13:48:34', NULL, 0);
INSERT INTO `district_info` VALUES (431021, '桂阳县', 4310, '2023-06-25 13:48:34', NULL, 0);
INSERT INTO `district_info` VALUES (431022, '宜章县', 4310, '2023-06-25 13:48:34', NULL, 0);
INSERT INTO `district_info` VALUES (431023, '永兴县', 4310, '2023-06-25 13:48:34', NULL, 0);
INSERT INTO `district_info` VALUES (431024, '嘉禾县', 4310, '2023-06-25 13:48:34', NULL, 0);
INSERT INTO `district_info` VALUES (431025, '临武县', 4310, '2023-06-25 13:48:34', NULL, 0);
INSERT INTO `district_info` VALUES (431026, '汝城县', 4310, '2023-06-25 13:48:34', NULL, 0);
INSERT INTO `district_info` VALUES (431027, '桂东县', 4310, '2023-06-25 13:48:34', NULL, 0);
INSERT INTO `district_info` VALUES (431028, '安仁县', 4310, '2023-06-25 13:48:34', NULL, 0);
INSERT INTO `district_info` VALUES (431081, '资兴市', 4310, '2023-06-25 13:48:34', NULL, 0);
INSERT INTO `district_info` VALUES (431102, '零陵区', 4311, '2023-06-25 13:48:34', NULL, 0);
INSERT INTO `district_info` VALUES (431103, '冷水滩区', 4311, '2023-06-25 13:48:34', NULL, 0);
INSERT INTO `district_info` VALUES (431122, '东安县', 4311, '2023-06-25 13:48:34', NULL, 0);
INSERT INTO `district_info` VALUES (431123, '双牌县', 4311, '2023-06-25 13:48:34', NULL, 0);
INSERT INTO `district_info` VALUES (431124, '道县', 4311, '2023-06-25 13:48:34', NULL, 0);
INSERT INTO `district_info` VALUES (431125, '江永县', 4311, '2023-06-25 13:48:34', NULL, 0);
INSERT INTO `district_info` VALUES (431126, '宁远县', 4311, '2023-06-25 13:48:34', NULL, 0);
INSERT INTO `district_info` VALUES (431127, '蓝山县', 4311, '2023-06-25 13:48:34', NULL, 0);
INSERT INTO `district_info` VALUES (431128, '新田县', 4311, '2023-06-25 13:48:34', NULL, 0);
INSERT INTO `district_info` VALUES (431129, '江华瑶族自治县', 4311, '2023-06-25 13:48:34', NULL, 0);
INSERT INTO `district_info` VALUES (431171, '永州经济技术开发区', 4311, '2023-06-25 13:48:34', NULL, 0);
INSERT INTO `district_info` VALUES (431173, '永州市回龙圩管理区', 4311, '2023-06-25 13:48:34', NULL, 0);
INSERT INTO `district_info` VALUES (431181, '祁阳市', 4311, '2023-06-25 13:48:34', NULL, 0);
INSERT INTO `district_info` VALUES (431202, '鹤城区', 4312, '2023-06-25 13:48:34', NULL, 0);
INSERT INTO `district_info` VALUES (431221, '中方县', 4312, '2023-06-25 13:48:34', NULL, 0);
INSERT INTO `district_info` VALUES (431222, '沅陵县', 4312, '2023-06-25 13:48:34', NULL, 0);
INSERT INTO `district_info` VALUES (431223, '辰溪县', 4312, '2023-06-25 13:48:34', NULL, 0);
INSERT INTO `district_info` VALUES (431224, '溆浦县', 4312, '2023-06-25 13:48:34', NULL, 0);
INSERT INTO `district_info` VALUES (431225, '会同县', 4312, '2023-06-25 13:48:34', NULL, 0);
INSERT INTO `district_info` VALUES (431226, '麻阳苗族自治县', 4312, '2023-06-25 13:48:34', NULL, 0);
INSERT INTO `district_info` VALUES (431227, '新晃侗族自治县', 4312, '2023-06-25 13:48:34', NULL, 0);
INSERT INTO `district_info` VALUES (431228, '芷江侗族自治县', 4312, '2023-06-25 13:48:34', NULL, 0);
INSERT INTO `district_info` VALUES (431229, '靖州苗族侗族自治县', 4312, '2023-06-25 13:48:34', NULL, 0);
INSERT INTO `district_info` VALUES (431230, '通道侗族自治县', 4312, '2023-06-25 13:48:34', NULL, 0);
INSERT INTO `district_info` VALUES (431271, '怀化市洪江管理区', 4312, '2023-06-25 13:48:34', NULL, 0);
INSERT INTO `district_info` VALUES (431281, '洪江市', 4312, '2023-06-25 13:48:34', NULL, 0);
INSERT INTO `district_info` VALUES (431302, '娄星区', 4313, '2023-06-25 13:48:34', NULL, 0);
INSERT INTO `district_info` VALUES (431321, '双峰县', 4313, '2023-06-25 13:48:34', NULL, 0);
INSERT INTO `district_info` VALUES (431322, '新化县', 4313, '2023-06-25 13:48:34', NULL, 0);
INSERT INTO `district_info` VALUES (431381, '冷水江市', 4313, '2023-06-25 13:48:34', NULL, 0);
INSERT INTO `district_info` VALUES (431382, '涟源市', 4313, '2023-06-25 13:48:34', NULL, 0);
INSERT INTO `district_info` VALUES (433101, '吉首市', 4331, '2023-06-25 13:48:34', NULL, 0);
INSERT INTO `district_info` VALUES (433122, '泸溪县', 4331, '2023-06-25 13:48:34', NULL, 0);
INSERT INTO `district_info` VALUES (433123, '凤凰县', 4331, '2023-06-25 13:48:34', NULL, 0);
INSERT INTO `district_info` VALUES (433124, '花垣县', 4331, '2023-06-25 13:48:34', NULL, 0);
INSERT INTO `district_info` VALUES (433125, '保靖县', 4331, '2023-06-25 13:48:34', NULL, 0);
INSERT INTO `district_info` VALUES (433126, '古丈县', 4331, '2023-06-25 13:48:34', NULL, 0);
INSERT INTO `district_info` VALUES (433127, '永顺县', 4331, '2023-06-25 13:48:34', NULL, 0);
INSERT INTO `district_info` VALUES (433130, '龙山县', 4331, '2023-06-25 13:48:34', NULL, 0);
INSERT INTO `district_info` VALUES (440103, '荔湾区', 4401, '2023-06-25 13:48:34', NULL, 0);
INSERT INTO `district_info` VALUES (440104, '越秀区', 4401, '2023-06-25 13:48:34', NULL, 0);
INSERT INTO `district_info` VALUES (440105, '海珠区', 4401, '2023-06-25 13:48:34', NULL, 0);
INSERT INTO `district_info` VALUES (440106, '天河区', 4401, '2023-06-25 13:48:34', NULL, 0);
INSERT INTO `district_info` VALUES (440111, '白云区', 4401, '2023-06-25 13:48:34', NULL, 0);
INSERT INTO `district_info` VALUES (440112, '黄埔区', 4401, '2023-06-25 13:48:34', NULL, 0);
INSERT INTO `district_info` VALUES (440113, '番禺区', 4401, '2023-06-25 13:48:34', NULL, 0);
INSERT INTO `district_info` VALUES (440114, '花都区', 4401, '2023-06-25 13:48:34', NULL, 0);
INSERT INTO `district_info` VALUES (440115, '南沙区', 4401, '2023-06-25 13:48:34', NULL, 0);
INSERT INTO `district_info` VALUES (440117, '从化区', 4401, '2023-06-25 13:48:34', NULL, 0);
INSERT INTO `district_info` VALUES (440118, '增城区', 4401, '2023-06-25 13:48:34', NULL, 0);
INSERT INTO `district_info` VALUES (440203, '武江区', 4402, '2023-06-25 13:48:34', NULL, 0);
INSERT INTO `district_info` VALUES (440204, '浈江区', 4402, '2023-06-25 13:48:34', NULL, 0);
INSERT INTO `district_info` VALUES (440205, '曲江区', 4402, '2023-06-25 13:48:34', NULL, 0);
INSERT INTO `district_info` VALUES (440222, '始兴县', 4402, '2023-06-25 13:48:34', NULL, 0);
INSERT INTO `district_info` VALUES (440224, '仁化县', 4402, '2023-06-25 13:48:34', NULL, 0);
INSERT INTO `district_info` VALUES (440229, '翁源县', 4402, '2023-06-25 13:48:34', NULL, 0);
INSERT INTO `district_info` VALUES (440232, '乳源瑶族自治县', 4402, '2023-06-25 13:48:34', NULL, 0);
INSERT INTO `district_info` VALUES (440233, '新丰县', 4402, '2023-06-25 13:48:34', NULL, 0);
INSERT INTO `district_info` VALUES (440281, '乐昌市', 4402, '2023-06-25 13:48:34', NULL, 0);
INSERT INTO `district_info` VALUES (440282, '南雄市', 4402, '2023-06-25 13:48:34', NULL, 0);
INSERT INTO `district_info` VALUES (440303, '罗湖区', 4403, '2023-06-25 13:48:34', NULL, 0);
INSERT INTO `district_info` VALUES (440304, '福田区', 4403, '2023-06-25 13:48:34', NULL, 0);
INSERT INTO `district_info` VALUES (440305, '南山区', 4403, '2023-06-25 13:48:34', NULL, 0);
INSERT INTO `district_info` VALUES (440306, '宝安区', 4403, '2023-06-25 13:48:34', NULL, 0);
INSERT INTO `district_info` VALUES (440307, '龙岗区', 4403, '2023-06-25 13:48:34', NULL, 0);
INSERT INTO `district_info` VALUES (440308, '盐田区', 4403, '2023-06-25 13:48:34', NULL, 0);
INSERT INTO `district_info` VALUES (440309, '龙华区', 4403, '2023-06-25 13:48:34', NULL, 0);
INSERT INTO `district_info` VALUES (440310, '坪山区', 4403, '2023-06-25 13:48:34', NULL, 0);
INSERT INTO `district_info` VALUES (440311, '光明区', 4403, '2023-06-25 13:48:34', NULL, 0);
INSERT INTO `district_info` VALUES (440402, '香洲区', 4404, '2023-06-25 13:48:34', NULL, 0);
INSERT INTO `district_info` VALUES (440403, '斗门区', 4404, '2023-06-25 13:48:34', NULL, 0);
INSERT INTO `district_info` VALUES (440404, '金湾区', 4404, '2023-06-25 13:48:34', NULL, 0);
INSERT INTO `district_info` VALUES (440507, '龙湖区', 4405, '2023-06-25 13:48:34', NULL, 0);
INSERT INTO `district_info` VALUES (440511, '金平区', 4405, '2023-06-25 13:48:34', NULL, 0);
INSERT INTO `district_info` VALUES (440512, '濠江区', 4405, '2023-06-25 13:48:34', NULL, 0);
INSERT INTO `district_info` VALUES (440513, '潮阳区', 4405, '2023-06-25 13:48:34', NULL, 0);
INSERT INTO `district_info` VALUES (440514, '潮南区', 4405, '2023-06-25 13:48:34', NULL, 0);
INSERT INTO `district_info` VALUES (440515, '澄海区', 4405, '2023-06-25 13:48:34', NULL, 0);
INSERT INTO `district_info` VALUES (440523, '南澳县', 4405, '2023-06-25 13:48:34', NULL, 0);
INSERT INTO `district_info` VALUES (440604, '禅城区', 4406, '2023-06-25 13:48:34', NULL, 0);
INSERT INTO `district_info` VALUES (440605, '南海区', 4406, '2023-06-25 13:48:34', NULL, 0);
INSERT INTO `district_info` VALUES (440606, '顺德区', 4406, '2023-06-25 13:48:34', NULL, 0);
INSERT INTO `district_info` VALUES (440607, '三水区', 4406, '2023-06-25 13:48:34', NULL, 0);
INSERT INTO `district_info` VALUES (440608, '高明区', 4406, '2023-06-25 13:48:34', NULL, 0);
INSERT INTO `district_info` VALUES (440703, '蓬江区', 4407, '2023-06-25 13:48:34', NULL, 0);
INSERT INTO `district_info` VALUES (440704, '江海区', 4407, '2023-06-25 13:48:34', NULL, 0);
INSERT INTO `district_info` VALUES (440705, '新会区', 4407, '2023-06-25 13:48:34', NULL, 0);
INSERT INTO `district_info` VALUES (440781, '台山市', 4407, '2023-06-25 13:48:34', NULL, 0);
INSERT INTO `district_info` VALUES (440783, '开平市', 4407, '2023-06-25 13:48:34', NULL, 0);
INSERT INTO `district_info` VALUES (440784, '鹤山市', 4407, '2023-06-25 13:48:34', NULL, 0);
INSERT INTO `district_info` VALUES (440785, '恩平市', 4407, '2023-06-25 13:48:34', NULL, 0);
INSERT INTO `district_info` VALUES (440802, '赤坎区', 4408, '2023-06-25 13:48:34', NULL, 0);
INSERT INTO `district_info` VALUES (440803, '霞山区', 4408, '2023-06-25 13:48:34', NULL, 0);
INSERT INTO `district_info` VALUES (440804, '坡头区', 4408, '2023-06-25 13:48:34', NULL, 0);
INSERT INTO `district_info` VALUES (440811, '麻章区', 4408, '2023-06-25 13:48:34', NULL, 0);
INSERT INTO `district_info` VALUES (440823, '遂溪县', 4408, '2023-06-25 13:48:34', NULL, 0);
INSERT INTO `district_info` VALUES (440825, '徐闻县', 4408, '2023-06-25 13:48:34', NULL, 0);
INSERT INTO `district_info` VALUES (440881, '廉江市', 4408, '2023-06-25 13:48:34', NULL, 0);
INSERT INTO `district_info` VALUES (440882, '雷州市', 4408, '2023-06-25 13:48:34', NULL, 0);
INSERT INTO `district_info` VALUES (440883, '吴川市', 4408, '2023-06-25 13:48:34', NULL, 0);
INSERT INTO `district_info` VALUES (440902, '茂南区', 4409, '2023-06-25 13:48:34', NULL, 0);
INSERT INTO `district_info` VALUES (440904, '电白区', 4409, '2023-06-25 13:48:34', NULL, 0);
INSERT INTO `district_info` VALUES (440981, '高州市', 4409, '2023-06-25 13:48:34', NULL, 0);
INSERT INTO `district_info` VALUES (440982, '化州市', 4409, '2023-06-25 13:48:34', NULL, 0);
INSERT INTO `district_info` VALUES (440983, '信宜市', 4409, '2023-06-25 13:48:34', NULL, 0);
INSERT INTO `district_info` VALUES (441202, '端州区', 4412, '2023-06-25 13:48:34', NULL, 0);
INSERT INTO `district_info` VALUES (441203, '鼎湖区', 4412, '2023-06-25 13:48:34', NULL, 0);
INSERT INTO `district_info` VALUES (441204, '高要区', 4412, '2023-06-25 13:48:34', NULL, 0);
INSERT INTO `district_info` VALUES (441223, '广宁县', 4412, '2023-06-25 13:48:34', NULL, 0);
INSERT INTO `district_info` VALUES (441224, '怀集县', 4412, '2023-06-25 13:48:34', NULL, 0);
INSERT INTO `district_info` VALUES (441225, '封开县', 4412, '2023-06-25 13:48:34', NULL, 0);
INSERT INTO `district_info` VALUES (441226, '德庆县', 4412, '2023-06-25 13:48:34', NULL, 0);
INSERT INTO `district_info` VALUES (441284, '四会市', 4412, '2023-06-25 13:48:34', NULL, 0);
INSERT INTO `district_info` VALUES (441302, '惠城区', 4413, '2023-06-25 13:48:34', NULL, 0);
INSERT INTO `district_info` VALUES (441303, '惠阳区', 4413, '2023-06-25 13:48:34', NULL, 0);
INSERT INTO `district_info` VALUES (441322, '博罗县', 4413, '2023-06-25 13:48:34', NULL, 0);
INSERT INTO `district_info` VALUES (441323, '惠东县', 4413, '2023-06-25 13:48:34', NULL, 0);
INSERT INTO `district_info` VALUES (441324, '龙门县', 4413, '2023-06-25 13:48:34', NULL, 0);
INSERT INTO `district_info` VALUES (441402, '梅江区', 4414, '2023-06-25 13:48:34', NULL, 0);
INSERT INTO `district_info` VALUES (441403, '梅县区', 4414, '2023-06-25 13:48:34', NULL, 0);
INSERT INTO `district_info` VALUES (441422, '大埔县', 4414, '2023-06-25 13:48:34', NULL, 0);
INSERT INTO `district_info` VALUES (441423, '丰顺县', 4414, '2023-06-25 13:48:34', NULL, 0);
INSERT INTO `district_info` VALUES (441424, '五华县', 4414, '2023-06-25 13:48:34', NULL, 0);
INSERT INTO `district_info` VALUES (441426, '平远县', 4414, '2023-06-25 13:48:34', NULL, 0);
INSERT INTO `district_info` VALUES (441427, '蕉岭县', 4414, '2023-06-25 13:48:34', NULL, 0);
INSERT INTO `district_info` VALUES (441481, '兴宁市', 4414, '2023-06-25 13:48:34', NULL, 0);
INSERT INTO `district_info` VALUES (441502, '城区', 4415, '2023-06-25 13:48:34', NULL, 0);
INSERT INTO `district_info` VALUES (441521, '海丰县', 4415, '2023-06-25 13:48:34', NULL, 0);
INSERT INTO `district_info` VALUES (441523, '陆河县', 4415, '2023-06-25 13:48:34', NULL, 0);
INSERT INTO `district_info` VALUES (441581, '陆丰市', 4415, '2023-06-25 13:48:34', NULL, 0);
INSERT INTO `district_info` VALUES (441602, '源城区', 4416, '2023-06-25 13:48:34', NULL, 0);
INSERT INTO `district_info` VALUES (441621, '紫金县', 4416, '2023-06-25 13:48:34', NULL, 0);
INSERT INTO `district_info` VALUES (441622, '龙川县', 4416, '2023-06-25 13:48:34', NULL, 0);
INSERT INTO `district_info` VALUES (441623, '连平县', 4416, '2023-06-25 13:48:34', NULL, 0);
INSERT INTO `district_info` VALUES (441624, '和平县', 4416, '2023-06-25 13:48:34', NULL, 0);
INSERT INTO `district_info` VALUES (441625, '东源县', 4416, '2023-06-25 13:48:34', NULL, 0);
INSERT INTO `district_info` VALUES (441702, '江城区', 4417, '2023-06-25 13:48:34', NULL, 0);
INSERT INTO `district_info` VALUES (441704, '阳东区', 4417, '2023-06-25 13:48:34', NULL, 0);
INSERT INTO `district_info` VALUES (441721, '阳西县', 4417, '2023-06-25 13:48:34', NULL, 0);
INSERT INTO `district_info` VALUES (441781, '阳春市', 4417, '2023-06-25 13:48:34', NULL, 0);
INSERT INTO `district_info` VALUES (441802, '清城区', 4418, '2023-06-25 13:48:34', NULL, 0);
INSERT INTO `district_info` VALUES (441803, '清新区', 4418, '2023-06-25 13:48:34', NULL, 0);
INSERT INTO `district_info` VALUES (441821, '佛冈县', 4418, '2023-06-25 13:48:34', NULL, 0);
INSERT INTO `district_info` VALUES (441823, '阳山县', 4418, '2023-06-25 13:48:34', NULL, 0);
INSERT INTO `district_info` VALUES (441825, '连山壮族瑶族自治县', 4418, '2023-06-25 13:48:34', NULL, 0);
INSERT INTO `district_info` VALUES (441826, '连南瑶族自治县', 4418, '2023-06-25 13:48:34', NULL, 0);
INSERT INTO `district_info` VALUES (441881, '英德市', 4418, '2023-06-25 13:48:34', NULL, 0);
INSERT INTO `district_info` VALUES (441882, '连州市', 4418, '2023-06-25 13:48:34', NULL, 0);
INSERT INTO `district_info` VALUES (441900, '东莞市', 4419, '2023-06-25 13:48:34', NULL, 0);
INSERT INTO `district_info` VALUES (442000, '中山市', 4420, '2023-06-25 13:48:34', NULL, 0);
INSERT INTO `district_info` VALUES (445102, '湘桥区', 4451, '2023-06-25 13:48:34', NULL, 0);
INSERT INTO `district_info` VALUES (445103, '潮安区', 4451, '2023-06-25 13:48:34', NULL, 0);
INSERT INTO `district_info` VALUES (445122, '饶平县', 4451, '2023-06-25 13:48:34', NULL, 0);
INSERT INTO `district_info` VALUES (445202, '榕城区', 4452, '2023-06-25 13:48:34', NULL, 0);
INSERT INTO `district_info` VALUES (445203, '揭东区', 4452, '2023-06-25 13:48:34', NULL, 0);
INSERT INTO `district_info` VALUES (445222, '揭西县', 4452, '2023-06-25 13:48:34', NULL, 0);
INSERT INTO `district_info` VALUES (445224, '惠来县', 4452, '2023-06-25 13:48:34', NULL, 0);
INSERT INTO `district_info` VALUES (445281, '普宁市', 4452, '2023-06-25 13:48:34', NULL, 0);
INSERT INTO `district_info` VALUES (445302, '云城区', 4453, '2023-06-25 13:48:34', NULL, 0);
INSERT INTO `district_info` VALUES (445303, '云安区', 4453, '2023-06-25 13:48:35', NULL, 0);
INSERT INTO `district_info` VALUES (445321, '新兴县', 4453, '2023-06-25 13:48:35', NULL, 0);
INSERT INTO `district_info` VALUES (445322, '郁南县', 4453, '2023-06-25 13:48:35', NULL, 0);
INSERT INTO `district_info` VALUES (445381, '罗定市', 4453, '2023-06-25 13:48:35', NULL, 0);
INSERT INTO `district_info` VALUES (450102, '兴宁区', 4501, '2023-06-25 13:48:35', NULL, 0);
INSERT INTO `district_info` VALUES (450103, '青秀区', 4501, '2023-06-25 13:48:35', NULL, 0);
INSERT INTO `district_info` VALUES (450105, '江南区', 4501, '2023-06-25 13:48:35', NULL, 0);
INSERT INTO `district_info` VALUES (450107, '西乡塘区', 4501, '2023-06-25 13:48:35', NULL, 0);
INSERT INTO `district_info` VALUES (450108, '良庆区', 4501, '2023-06-25 13:48:35', NULL, 0);
INSERT INTO `district_info` VALUES (450109, '邕宁区', 4501, '2023-06-25 13:48:35', NULL, 0);
INSERT INTO `district_info` VALUES (450110, '武鸣区', 4501, '2023-06-25 13:48:35', NULL, 0);
INSERT INTO `district_info` VALUES (450123, '隆安县', 4501, '2023-06-25 13:48:35', NULL, 0);
INSERT INTO `district_info` VALUES (450124, '马山县', 4501, '2023-06-25 13:48:35', NULL, 0);
INSERT INTO `district_info` VALUES (450125, '上林县', 4501, '2023-06-25 13:48:35', NULL, 0);
INSERT INTO `district_info` VALUES (450126, '宾阳县', 4501, '2023-06-25 13:48:35', NULL, 0);
INSERT INTO `district_info` VALUES (450181, '横州市', 4501, '2023-06-25 13:48:35', NULL, 0);
INSERT INTO `district_info` VALUES (450202, '城中区', 4502, '2023-06-25 13:48:35', NULL, 0);
INSERT INTO `district_info` VALUES (450203, '鱼峰区', 4502, '2023-06-25 13:48:35', NULL, 0);
INSERT INTO `district_info` VALUES (450204, '柳南区', 4502, '2023-06-25 13:48:35', NULL, 0);
INSERT INTO `district_info` VALUES (450205, '柳北区', 4502, '2023-06-25 13:48:35', NULL, 0);
INSERT INTO `district_info` VALUES (450206, '柳江区', 4502, '2023-06-25 13:48:35', NULL, 0);
INSERT INTO `district_info` VALUES (450222, '柳城县', 4502, '2023-06-25 13:48:35', NULL, 0);
INSERT INTO `district_info` VALUES (450223, '鹿寨县', 4502, '2023-06-25 13:48:35', NULL, 0);
INSERT INTO `district_info` VALUES (450224, '融安县', 4502, '2023-06-25 13:48:35', NULL, 0);
INSERT INTO `district_info` VALUES (450225, '融水苗族自治县', 4502, '2023-06-25 13:48:35', NULL, 0);
INSERT INTO `district_info` VALUES (450226, '三江侗族自治县', 4502, '2023-06-25 13:48:35', NULL, 0);
INSERT INTO `district_info` VALUES (450302, '秀峰区', 4503, '2023-06-25 13:48:35', NULL, 0);
INSERT INTO `district_info` VALUES (450303, '叠彩区', 4503, '2023-06-25 13:48:35', NULL, 0);
INSERT INTO `district_info` VALUES (450304, '象山区', 4503, '2023-06-25 13:48:35', NULL, 0);
INSERT INTO `district_info` VALUES (450305, '七星区', 4503, '2023-06-25 13:48:35', NULL, 0);
INSERT INTO `district_info` VALUES (450311, '雁山区', 4503, '2023-06-25 13:48:35', NULL, 0);
INSERT INTO `district_info` VALUES (450312, '临桂区', 4503, '2023-06-25 13:48:35', NULL, 0);
INSERT INTO `district_info` VALUES (450321, '阳朔县', 4503, '2023-06-25 13:48:35', NULL, 0);
INSERT INTO `district_info` VALUES (450323, '灵川县', 4503, '2023-06-25 13:48:35', NULL, 0);
INSERT INTO `district_info` VALUES (450324, '全州县', 4503, '2023-06-25 13:48:35', NULL, 0);
INSERT INTO `district_info` VALUES (450325, '兴安县', 4503, '2023-06-25 13:48:35', NULL, 0);
INSERT INTO `district_info` VALUES (450326, '永福县', 4503, '2023-06-25 13:48:35', NULL, 0);
INSERT INTO `district_info` VALUES (450327, '灌阳县', 4503, '2023-06-25 13:48:35', NULL, 0);
INSERT INTO `district_info` VALUES (450328, '龙胜各族自治县', 4503, '2023-06-25 13:48:35', NULL, 0);
INSERT INTO `district_info` VALUES (450329, '资源县', 4503, '2023-06-25 13:48:35', NULL, 0);
INSERT INTO `district_info` VALUES (450330, '平乐县', 4503, '2023-06-25 13:48:35', NULL, 0);
INSERT INTO `district_info` VALUES (450332, '恭城瑶族自治县', 4503, '2023-06-25 13:48:35', NULL, 0);
INSERT INTO `district_info` VALUES (450381, '荔浦市', 4503, '2023-06-25 13:48:35', NULL, 0);
INSERT INTO `district_info` VALUES (450403, '万秀区', 4504, '2023-06-25 13:48:35', NULL, 0);
INSERT INTO `district_info` VALUES (450405, '长洲区', 4504, '2023-06-25 13:48:35', NULL, 0);
INSERT INTO `district_info` VALUES (450406, '龙圩区', 4504, '2023-06-25 13:48:35', NULL, 0);
INSERT INTO `district_info` VALUES (450421, '苍梧县', 4504, '2023-06-25 13:48:35', NULL, 0);
INSERT INTO `district_info` VALUES (450422, '藤县', 4504, '2023-06-25 13:48:35', NULL, 0);
INSERT INTO `district_info` VALUES (450423, '蒙山县', 4504, '2023-06-25 13:48:35', NULL, 0);
INSERT INTO `district_info` VALUES (450481, '岑溪市', 4504, '2023-06-25 13:48:35', NULL, 0);
INSERT INTO `district_info` VALUES (450502, '海城区', 4505, '2023-06-25 13:48:35', NULL, 0);
INSERT INTO `district_info` VALUES (450503, '银海区', 4505, '2023-06-25 13:48:35', NULL, 0);
INSERT INTO `district_info` VALUES (450512, '铁山港区', 4505, '2023-06-25 13:48:35', NULL, 0);
INSERT INTO `district_info` VALUES (450521, '合浦县', 4505, '2023-06-25 13:48:35', NULL, 0);
INSERT INTO `district_info` VALUES (450602, '港口区', 4506, '2023-06-25 13:48:35', NULL, 0);
INSERT INTO `district_info` VALUES (450603, '防城区', 4506, '2023-06-25 13:48:35', NULL, 0);
INSERT INTO `district_info` VALUES (450621, '上思县', 4506, '2023-06-25 13:48:35', NULL, 0);
INSERT INTO `district_info` VALUES (450681, '东兴市', 4506, '2023-06-25 13:48:35', NULL, 0);
INSERT INTO `district_info` VALUES (450702, '钦南区', 4507, '2023-06-25 13:48:35', NULL, 0);
INSERT INTO `district_info` VALUES (450703, '钦北区', 4507, '2023-06-25 13:48:35', NULL, 0);
INSERT INTO `district_info` VALUES (450721, '灵山县', 4507, '2023-06-25 13:48:35', NULL, 0);
INSERT INTO `district_info` VALUES (450722, '浦北县', 4507, '2023-06-25 13:48:35', NULL, 0);
INSERT INTO `district_info` VALUES (450802, '港北区', 4508, '2023-06-25 13:48:35', NULL, 0);
INSERT INTO `district_info` VALUES (450803, '港南区', 4508, '2023-06-25 13:48:35', NULL, 0);
INSERT INTO `district_info` VALUES (450804, '覃塘区', 4508, '2023-06-25 13:48:35', NULL, 0);
INSERT INTO `district_info` VALUES (450821, '平南县', 4508, '2023-06-25 13:48:35', NULL, 0);
INSERT INTO `district_info` VALUES (450881, '桂平市', 4508, '2023-06-25 13:48:35', NULL, 0);
INSERT INTO `district_info` VALUES (450902, '玉州区', 4509, '2023-06-25 13:48:35', NULL, 0);
INSERT INTO `district_info` VALUES (450903, '福绵区', 4509, '2023-06-25 13:48:35', NULL, 0);
INSERT INTO `district_info` VALUES (450921, '容县', 4509, '2023-06-25 13:48:35', NULL, 0);
INSERT INTO `district_info` VALUES (450922, '陆川县', 4509, '2023-06-25 13:48:35', NULL, 0);
INSERT INTO `district_info` VALUES (450923, '博白县', 4509, '2023-06-25 13:48:35', NULL, 0);
INSERT INTO `district_info` VALUES (450924, '兴业县', 4509, '2023-06-25 13:48:35', NULL, 0);
INSERT INTO `district_info` VALUES (450981, '北流市', 4509, '2023-06-25 13:48:35', NULL, 0);
INSERT INTO `district_info` VALUES (451002, '右江区', 4510, '2023-06-25 13:48:35', NULL, 0);
INSERT INTO `district_info` VALUES (451003, '田阳区', 4510, '2023-06-25 13:48:35', NULL, 0);
INSERT INTO `district_info` VALUES (451022, '田东县', 4510, '2023-06-25 13:48:35', NULL, 0);
INSERT INTO `district_info` VALUES (451024, '德保县', 4510, '2023-06-25 13:48:35', NULL, 0);
INSERT INTO `district_info` VALUES (451026, '那坡县', 4510, '2023-06-25 13:48:35', NULL, 0);
INSERT INTO `district_info` VALUES (451027, '凌云县', 4510, '2023-06-25 13:48:35', NULL, 0);
INSERT INTO `district_info` VALUES (451028, '乐业县', 4510, '2023-06-25 13:48:35', NULL, 0);
INSERT INTO `district_info` VALUES (451029, '田林县', 4510, '2023-06-25 13:48:35', NULL, 0);
INSERT INTO `district_info` VALUES (451030, '西林县', 4510, '2023-06-25 13:48:35', NULL, 0);
INSERT INTO `district_info` VALUES (451031, '隆林各族自治县', 4510, '2023-06-25 13:48:35', NULL, 0);
INSERT INTO `district_info` VALUES (451081, '靖西市', 4510, '2023-06-25 13:48:35', NULL, 0);
INSERT INTO `district_info` VALUES (451082, '平果市', 4510, '2023-06-25 13:48:35', NULL, 0);
INSERT INTO `district_info` VALUES (451102, '八步区', 4511, '2023-06-25 13:48:35', NULL, 0);
INSERT INTO `district_info` VALUES (451103, '平桂区', 4511, '2023-06-25 13:48:35', NULL, 0);
INSERT INTO `district_info` VALUES (451121, '昭平县', 4511, '2023-06-25 13:48:35', NULL, 0);
INSERT INTO `district_info` VALUES (451122, '钟山县', 4511, '2023-06-25 13:48:35', NULL, 0);
INSERT INTO `district_info` VALUES (451123, '富川瑶族自治县', 4511, '2023-06-25 13:48:35', NULL, 0);
INSERT INTO `district_info` VALUES (451202, '金城江区', 4512, '2023-06-25 13:48:35', NULL, 0);
INSERT INTO `district_info` VALUES (451203, '宜州区', 4512, '2023-06-25 13:48:35', NULL, 0);
INSERT INTO `district_info` VALUES (451221, '南丹县', 4512, '2023-06-25 13:48:35', NULL, 0);
INSERT INTO `district_info` VALUES (451222, '天峨县', 4512, '2023-06-25 13:48:35', NULL, 0);
INSERT INTO `district_info` VALUES (451223, '凤山县', 4512, '2023-06-25 13:48:35', NULL, 0);
INSERT INTO `district_info` VALUES (451224, '东兰县', 4512, '2023-06-25 13:48:35', NULL, 0);
INSERT INTO `district_info` VALUES (451225, '罗城仫佬族自治县', 4512, '2023-06-25 13:48:35', NULL, 0);
INSERT INTO `district_info` VALUES (451226, '环江毛南族自治县', 4512, '2023-06-25 13:48:35', NULL, 0);
INSERT INTO `district_info` VALUES (451227, '巴马瑶族自治县', 4512, '2023-06-25 13:48:35', NULL, 0);
INSERT INTO `district_info` VALUES (451228, '都安瑶族自治县', 4512, '2023-06-25 13:48:35', NULL, 0);
INSERT INTO `district_info` VALUES (451229, '大化瑶族自治县', 4512, '2023-06-25 13:48:35', NULL, 0);
INSERT INTO `district_info` VALUES (451302, '兴宾区', 4513, '2023-06-25 13:48:35', NULL, 0);
INSERT INTO `district_info` VALUES (451321, '忻城县', 4513, '2023-06-25 13:48:35', NULL, 0);
INSERT INTO `district_info` VALUES (451322, '象州县', 4513, '2023-06-25 13:48:35', NULL, 0);
INSERT INTO `district_info` VALUES (451323, '武宣县', 4513, '2023-06-25 13:48:35', NULL, 0);
INSERT INTO `district_info` VALUES (451324, '金秀瑶族自治县', 4513, '2023-06-25 13:48:35', NULL, 0);
INSERT INTO `district_info` VALUES (451381, '合山市', 4513, '2023-06-25 13:48:35', NULL, 0);
INSERT INTO `district_info` VALUES (451402, '江州区', 4514, '2023-06-25 13:48:35', NULL, 0);
INSERT INTO `district_info` VALUES (451421, '扶绥县', 4514, '2023-06-25 13:48:35', NULL, 0);
INSERT INTO `district_info` VALUES (451422, '宁明县', 4514, '2023-06-25 13:48:35', NULL, 0);
INSERT INTO `district_info` VALUES (451423, '龙州县', 4514, '2023-06-25 13:48:35', NULL, 0);
INSERT INTO `district_info` VALUES (451424, '大新县', 4514, '2023-06-25 13:48:35', NULL, 0);
INSERT INTO `district_info` VALUES (451425, '天等县', 4514, '2023-06-25 13:48:35', NULL, 0);
INSERT INTO `district_info` VALUES (451481, '凭祥市', 4514, '2023-06-25 13:48:35', NULL, 0);
INSERT INTO `district_info` VALUES (460105, '秀英区', 4601, '2023-06-25 13:48:35', NULL, 0);
INSERT INTO `district_info` VALUES (460106, '龙华区', 4601, '2023-06-25 13:48:35', NULL, 0);
INSERT INTO `district_info` VALUES (460107, '琼山区', 4601, '2023-06-25 13:48:35', NULL, 0);
INSERT INTO `district_info` VALUES (460108, '美兰区', 4601, '2023-06-25 13:48:35', NULL, 0);
INSERT INTO `district_info` VALUES (460202, '海棠区', 4602, '2023-06-25 13:48:35', NULL, 0);
INSERT INTO `district_info` VALUES (460203, '吉阳区', 4602, '2023-06-25 13:48:35', NULL, 0);
INSERT INTO `district_info` VALUES (460204, '天涯区', 4602, '2023-06-25 13:48:35', NULL, 0);
INSERT INTO `district_info` VALUES (460205, '崖州区', 4602, '2023-06-25 13:48:35', NULL, 0);
INSERT INTO `district_info` VALUES (460321, '西沙群岛', 4603, '2023-06-25 13:48:35', NULL, 0);
INSERT INTO `district_info` VALUES (460322, '南沙群岛', 4603, '2023-06-25 13:48:35', NULL, 0);
INSERT INTO `district_info` VALUES (460323, '中沙群岛的岛礁及其海域', 4603, '2023-06-25 13:48:35', NULL, 0);
INSERT INTO `district_info` VALUES (460400, '儋州市', 4604, '2023-06-25 13:48:35', NULL, 0);
INSERT INTO `district_info` VALUES (469001, '五指山市', 4690, '2023-06-25 13:48:35', NULL, 0);
INSERT INTO `district_info` VALUES (469002, '琼海市', 4690, '2023-06-25 13:48:35', NULL, 0);
INSERT INTO `district_info` VALUES (469005, '文昌市', 4690, '2023-06-25 13:48:35', NULL, 0);
INSERT INTO `district_info` VALUES (469006, '万宁市', 4690, '2023-06-25 13:48:35', NULL, 0);
INSERT INTO `district_info` VALUES (469007, '东方市', 4690, '2023-06-25 13:48:35', NULL, 0);
INSERT INTO `district_info` VALUES (469021, '定安县', 4690, '2023-06-25 13:48:35', NULL, 0);
INSERT INTO `district_info` VALUES (469022, '屯昌县', 4690, '2023-06-25 13:48:35', NULL, 0);
INSERT INTO `district_info` VALUES (469023, '澄迈县', 4690, '2023-06-25 13:48:35', NULL, 0);
INSERT INTO `district_info` VALUES (469024, '临高县', 4690, '2023-06-25 13:48:35', NULL, 0);
INSERT INTO `district_info` VALUES (469025, '白沙黎族自治县', 4690, '2023-06-25 13:48:35', NULL, 0);
INSERT INTO `district_info` VALUES (469026, '昌江黎族自治县', 4690, '2023-06-25 13:48:35', NULL, 0);
INSERT INTO `district_info` VALUES (469027, '乐东黎族自治县', 4690, '2023-06-25 13:48:35', NULL, 0);
INSERT INTO `district_info` VALUES (469028, '陵水黎族自治县', 4690, '2023-06-25 13:48:35', NULL, 0);
INSERT INTO `district_info` VALUES (469029, '保亭黎族苗族自治县', 4690, '2023-06-25 13:48:35', NULL, 0);
INSERT INTO `district_info` VALUES (469030, '琼中黎族苗族自治县', 4690, '2023-06-25 13:48:35', NULL, 0);
INSERT INTO `district_info` VALUES (500101, '万州区', 5001, '2023-06-25 13:48:35', NULL, 0);
INSERT INTO `district_info` VALUES (500102, '涪陵区', 5001, '2023-06-25 13:48:35', NULL, 0);
INSERT INTO `district_info` VALUES (500103, '渝中区', 5001, '2023-06-25 13:48:35', NULL, 0);
INSERT INTO `district_info` VALUES (500104, '大渡口区', 5001, '2023-06-25 13:48:35', NULL, 0);
INSERT INTO `district_info` VALUES (500105, '江北区', 5001, '2023-06-25 13:48:35', NULL, 0);
INSERT INTO `district_info` VALUES (500106, '沙坪坝区', 5001, '2023-06-25 13:48:35', NULL, 0);
INSERT INTO `district_info` VALUES (500107, '九龙坡区', 5001, '2023-06-25 13:48:35', NULL, 0);
INSERT INTO `district_info` VALUES (500108, '南岸区', 5001, '2023-06-25 13:48:35', NULL, 0);
INSERT INTO `district_info` VALUES (500109, '北碚区', 5001, '2023-06-25 13:48:35', NULL, 0);
INSERT INTO `district_info` VALUES (500110, '綦江区', 5001, '2023-06-25 13:48:35', NULL, 0);
INSERT INTO `district_info` VALUES (500111, '大足区', 5001, '2023-06-25 13:48:35', NULL, 0);
INSERT INTO `district_info` VALUES (500112, '渝北区', 5001, '2023-06-25 13:48:35', NULL, 0);
INSERT INTO `district_info` VALUES (500113, '巴南区', 5001, '2023-06-25 13:48:35', NULL, 0);
INSERT INTO `district_info` VALUES (500114, '黔江区', 5001, '2023-06-25 13:48:35', NULL, 0);
INSERT INTO `district_info` VALUES (500115, '长寿区', 5001, '2023-06-25 13:48:35', NULL, 0);
INSERT INTO `district_info` VALUES (500116, '江津区', 5001, '2023-06-25 13:48:35', NULL, 0);
INSERT INTO `district_info` VALUES (500117, '合川区', 5001, '2023-06-25 13:48:35', NULL, 0);
INSERT INTO `district_info` VALUES (500118, '永川区', 5001, '2023-06-25 13:48:35', NULL, 0);
INSERT INTO `district_info` VALUES (500119, '南川区', 5001, '2023-06-25 13:48:35', NULL, 0);
INSERT INTO `district_info` VALUES (500120, '璧山区', 5001, '2023-06-25 13:48:35', NULL, 0);
INSERT INTO `district_info` VALUES (500151, '铜梁区', 5001, '2023-06-25 13:48:35', NULL, 0);
INSERT INTO `district_info` VALUES (500152, '潼南区', 5001, '2023-06-25 13:48:35', NULL, 0);
INSERT INTO `district_info` VALUES (500153, '荣昌区', 5001, '2023-06-25 13:48:35', NULL, 0);
INSERT INTO `district_info` VALUES (500154, '开州区', 5001, '2023-06-25 13:48:35', NULL, 0);
INSERT INTO `district_info` VALUES (500155, '梁平区', 5001, '2023-06-25 13:48:35', NULL, 0);
INSERT INTO `district_info` VALUES (500156, '武隆区', 5001, '2023-06-25 13:48:35', NULL, 0);
INSERT INTO `district_info` VALUES (500229, '城口县', 5002, '2023-06-25 13:48:35', NULL, 0);
INSERT INTO `district_info` VALUES (500230, '丰都县', 5002, '2023-06-25 13:48:35', NULL, 0);
INSERT INTO `district_info` VALUES (500231, '垫江县', 5002, '2023-06-25 13:48:35', NULL, 0);
INSERT INTO `district_info` VALUES (500233, '忠县', 5002, '2023-06-25 13:48:35', NULL, 0);
INSERT INTO `district_info` VALUES (500235, '云阳县', 5002, '2023-06-25 13:48:35', NULL, 0);
INSERT INTO `district_info` VALUES (500236, '奉节县', 5002, '2023-06-25 13:48:35', NULL, 0);
INSERT INTO `district_info` VALUES (500237, '巫山县', 5002, '2023-06-25 13:48:35', NULL, 0);
INSERT INTO `district_info` VALUES (500238, '巫溪县', 5002, '2023-06-25 13:48:35', NULL, 0);
INSERT INTO `district_info` VALUES (500240, '石柱土家族自治县', 5002, '2023-06-25 13:48:35', NULL, 0);
INSERT INTO `district_info` VALUES (500241, '秀山土家族苗族自治县', 5002, '2023-06-25 13:48:35', NULL, 0);
INSERT INTO `district_info` VALUES (500242, '酉阳土家族苗族自治县', 5002, '2023-06-25 13:48:35', NULL, 0);
INSERT INTO `district_info` VALUES (500243, '彭水苗族土家族自治县', 5002, '2023-06-25 13:48:35', NULL, 0);
INSERT INTO `district_info` VALUES (510104, '锦江区', 5101, '2023-06-25 13:48:35', NULL, 0);
INSERT INTO `district_info` VALUES (510105, '青羊区', 5101, '2023-06-25 13:48:35', NULL, 0);
INSERT INTO `district_info` VALUES (510106, '金牛区', 5101, '2023-06-25 13:48:35', NULL, 0);
INSERT INTO `district_info` VALUES (510107, '武侯区', 5101, '2023-06-25 13:48:35', NULL, 0);
INSERT INTO `district_info` VALUES (510108, '成华区', 5101, '2023-06-25 13:48:35', NULL, 0);
INSERT INTO `district_info` VALUES (510112, '龙泉驿区', 5101, '2023-06-25 13:48:35', NULL, 0);
INSERT INTO `district_info` VALUES (510113, '青白江区', 5101, '2023-06-25 13:48:35', NULL, 0);
INSERT INTO `district_info` VALUES (510114, '新都区', 5101, '2023-06-25 13:48:35', NULL, 0);
INSERT INTO `district_info` VALUES (510115, '温江区', 5101, '2023-06-25 13:48:35', NULL, 0);
INSERT INTO `district_info` VALUES (510116, '双流区', 5101, '2023-06-25 13:48:35', NULL, 0);
INSERT INTO `district_info` VALUES (510117, '郫都区', 5101, '2023-06-25 13:48:35', NULL, 0);
INSERT INTO `district_info` VALUES (510118, '新津区', 5101, '2023-06-25 13:48:35', NULL, 0);
INSERT INTO `district_info` VALUES (510121, '金堂县', 5101, '2023-06-25 13:48:35', NULL, 0);
INSERT INTO `district_info` VALUES (510129, '大邑县', 5101, '2023-06-25 13:48:35', NULL, 0);
INSERT INTO `district_info` VALUES (510131, '蒲江县', 5101, '2023-06-25 13:48:35', NULL, 0);
INSERT INTO `district_info` VALUES (510181, '都江堰市', 5101, '2023-06-25 13:48:35', NULL, 0);
INSERT INTO `district_info` VALUES (510182, '彭州市', 5101, '2023-06-25 13:48:35', NULL, 0);
INSERT INTO `district_info` VALUES (510183, '邛崃市', 5101, '2023-06-25 13:48:35', NULL, 0);
INSERT INTO `district_info` VALUES (510184, '崇州市', 5101, '2023-06-25 13:48:35', NULL, 0);
INSERT INTO `district_info` VALUES (510185, '简阳市', 5101, '2023-06-25 13:48:35', NULL, 0);
INSERT INTO `district_info` VALUES (510302, '自流井区', 5103, '2023-06-25 13:48:35', NULL, 0);
INSERT INTO `district_info` VALUES (510303, '贡井区', 5103, '2023-06-25 13:48:35', NULL, 0);
INSERT INTO `district_info` VALUES (510304, '大安区', 5103, '2023-06-25 13:48:35', NULL, 0);
INSERT INTO `district_info` VALUES (510311, '沿滩区', 5103, '2023-06-25 13:48:35', NULL, 0);
INSERT INTO `district_info` VALUES (510321, '荣县', 5103, '2023-06-25 13:48:35', NULL, 0);
INSERT INTO `district_info` VALUES (510322, '富顺县', 5103, '2023-06-25 13:48:35', NULL, 0);
INSERT INTO `district_info` VALUES (510402, '东区', 5104, '2023-06-25 13:48:35', NULL, 0);
INSERT INTO `district_info` VALUES (510403, '西区', 5104, '2023-06-25 13:48:35', NULL, 0);
INSERT INTO `district_info` VALUES (510411, '仁和区', 5104, '2023-06-25 13:48:35', NULL, 0);
INSERT INTO `district_info` VALUES (510421, '米易县', 5104, '2023-06-25 13:48:35', NULL, 0);
INSERT INTO `district_info` VALUES (510422, '盐边县', 5104, '2023-06-25 13:48:35', NULL, 0);
INSERT INTO `district_info` VALUES (510502, '江阳区', 5105, '2023-06-25 13:48:35', NULL, 0);
INSERT INTO `district_info` VALUES (510503, '纳溪区', 5105, '2023-06-25 13:48:35', NULL, 0);
INSERT INTO `district_info` VALUES (510504, '龙马潭区', 5105, '2023-06-25 13:48:35', NULL, 0);
INSERT INTO `district_info` VALUES (510521, '泸县', 5105, '2023-06-25 13:48:35', NULL, 0);
INSERT INTO `district_info` VALUES (510522, '合江县', 5105, '2023-06-25 13:48:35', NULL, 0);
INSERT INTO `district_info` VALUES (510524, '叙永县', 5105, '2023-06-25 13:48:35', NULL, 0);
INSERT INTO `district_info` VALUES (510525, '古蔺县', 5105, '2023-06-25 13:48:35', NULL, 0);
INSERT INTO `district_info` VALUES (510603, '旌阳区', 5106, '2023-06-25 13:48:35', NULL, 0);
INSERT INTO `district_info` VALUES (510604, '罗江区', 5106, '2023-06-25 13:48:35', NULL, 0);
INSERT INTO `district_info` VALUES (510623, '中江县', 5106, '2023-06-25 13:48:35', NULL, 0);
INSERT INTO `district_info` VALUES (510681, '广汉市', 5106, '2023-06-25 13:48:35', NULL, 0);
INSERT INTO `district_info` VALUES (510682, '什邡市', 5106, '2023-06-25 13:48:35', NULL, 0);
INSERT INTO `district_info` VALUES (510683, '绵竹市', 5106, '2023-06-25 13:48:35', NULL, 0);
INSERT INTO `district_info` VALUES (510703, '涪城区', 5107, '2023-06-25 13:48:35', NULL, 0);
INSERT INTO `district_info` VALUES (510704, '游仙区', 5107, '2023-06-25 13:48:35', NULL, 0);
INSERT INTO `district_info` VALUES (510705, '安州区', 5107, '2023-06-25 13:48:35', NULL, 0);
INSERT INTO `district_info` VALUES (510722, '三台县', 5107, '2023-06-25 13:48:35', NULL, 0);
INSERT INTO `district_info` VALUES (510723, '盐亭县', 5107, '2023-06-25 13:48:35', NULL, 0);
INSERT INTO `district_info` VALUES (510725, '梓潼县', 5107, '2023-06-25 13:48:35', NULL, 0);
INSERT INTO `district_info` VALUES (510726, '北川羌族自治县', 5107, '2023-06-25 13:48:35', NULL, 0);
INSERT INTO `district_info` VALUES (510727, '平武县', 5107, '2023-06-25 13:48:35', NULL, 0);
INSERT INTO `district_info` VALUES (510781, '江油市', 5107, '2023-06-25 13:48:35', NULL, 0);
INSERT INTO `district_info` VALUES (510802, '利州区', 5108, '2023-06-25 13:48:35', NULL, 0);
INSERT INTO `district_info` VALUES (510811, '昭化区', 5108, '2023-06-25 13:48:35', NULL, 0);
INSERT INTO `district_info` VALUES (510812, '朝天区', 5108, '2023-06-25 13:48:35', NULL, 0);
INSERT INTO `district_info` VALUES (510821, '旺苍县', 5108, '2023-06-25 13:48:35', NULL, 0);
INSERT INTO `district_info` VALUES (510822, '青川县', 5108, '2023-06-25 13:48:35', NULL, 0);
INSERT INTO `district_info` VALUES (510823, '剑阁县', 5108, '2023-06-25 13:48:35', NULL, 0);
INSERT INTO `district_info` VALUES (510824, '苍溪县', 5108, '2023-06-25 13:48:35', NULL, 0);
INSERT INTO `district_info` VALUES (510903, '船山区', 5109, '2023-06-25 13:48:35', NULL, 0);
INSERT INTO `district_info` VALUES (510904, '安居区', 5109, '2023-06-25 13:48:35', NULL, 0);
INSERT INTO `district_info` VALUES (510921, '蓬溪县', 5109, '2023-06-25 13:48:35', NULL, 0);
INSERT INTO `district_info` VALUES (510923, '大英县', 5109, '2023-06-25 13:48:35', NULL, 0);
INSERT INTO `district_info` VALUES (510981, '射洪市', 5109, '2023-06-25 13:48:35', NULL, 0);
INSERT INTO `district_info` VALUES (511002, '市中区', 5110, '2023-06-25 13:48:35', NULL, 0);
INSERT INTO `district_info` VALUES (511011, '东兴区', 5110, '2023-06-25 13:48:35', NULL, 0);
INSERT INTO `district_info` VALUES (511024, '威远县', 5110, '2023-06-25 13:48:35', NULL, 0);
INSERT INTO `district_info` VALUES (511025, '资中县', 5110, '2023-06-25 13:48:35', NULL, 0);
INSERT INTO `district_info` VALUES (511083, '隆昌市', 5110, '2023-06-25 13:48:35', NULL, 0);
INSERT INTO `district_info` VALUES (511102, '市中区', 5111, '2023-06-25 13:48:35', NULL, 0);
INSERT INTO `district_info` VALUES (511111, '沙湾区', 5111, '2023-06-25 13:48:35', NULL, 0);
INSERT INTO `district_info` VALUES (511112, '五通桥区', 5111, '2023-06-25 13:48:35', NULL, 0);
INSERT INTO `district_info` VALUES (511113, '金口河区', 5111, '2023-06-25 13:48:35', NULL, 0);
INSERT INTO `district_info` VALUES (511123, '犍为县', 5111, '2023-06-25 13:48:35', NULL, 0);
INSERT INTO `district_info` VALUES (511124, '井研县', 5111, '2023-06-25 13:48:35', NULL, 0);
INSERT INTO `district_info` VALUES (511126, '夹江县', 5111, '2023-06-25 13:48:35', NULL, 0);
INSERT INTO `district_info` VALUES (511129, '沐川县', 5111, '2023-06-25 13:48:35', NULL, 0);
INSERT INTO `district_info` VALUES (511132, '峨边彝族自治县', 5111, '2023-06-25 13:48:35', NULL, 0);
INSERT INTO `district_info` VALUES (511133, '马边彝族自治县', 5111, '2023-06-25 13:48:35', NULL, 0);
INSERT INTO `district_info` VALUES (511181, '峨眉山市', 5111, '2023-06-25 13:48:35', NULL, 0);
INSERT INTO `district_info` VALUES (511302, '顺庆区', 5113, '2023-06-25 13:48:35', NULL, 0);
INSERT INTO `district_info` VALUES (511303, '高坪区', 5113, '2023-06-25 13:48:35', NULL, 0);
INSERT INTO `district_info` VALUES (511304, '嘉陵区', 5113, '2023-06-25 13:48:35', NULL, 0);
INSERT INTO `district_info` VALUES (511321, '南部县', 5113, '2023-06-25 13:48:35', NULL, 0);
INSERT INTO `district_info` VALUES (511322, '营山县', 5113, '2023-06-25 13:48:35', NULL, 0);
INSERT INTO `district_info` VALUES (511323, '蓬安县', 5113, '2023-06-25 13:48:35', NULL, 0);
INSERT INTO `district_info` VALUES (511324, '仪陇县', 5113, '2023-06-25 13:48:35', NULL, 0);
INSERT INTO `district_info` VALUES (511325, '西充县', 5113, '2023-06-25 13:48:35', NULL, 0);
INSERT INTO `district_info` VALUES (511381, '阆中市', 5113, '2023-06-25 13:48:35', NULL, 0);
INSERT INTO `district_info` VALUES (511402, '东坡区', 5114, '2023-06-25 13:48:35', NULL, 0);
INSERT INTO `district_info` VALUES (511403, '彭山区', 5114, '2023-06-25 13:48:35', NULL, 0);
INSERT INTO `district_info` VALUES (511421, '仁寿县', 5114, '2023-06-25 13:48:35', NULL, 0);
INSERT INTO `district_info` VALUES (511423, '洪雅县', 5114, '2023-06-25 13:48:35', NULL, 0);
INSERT INTO `district_info` VALUES (511424, '丹棱县', 5114, '2023-06-25 13:48:35', NULL, 0);
INSERT INTO `district_info` VALUES (511425, '青神县', 5114, '2023-06-25 13:48:35', NULL, 0);
INSERT INTO `district_info` VALUES (511502, '翠屏区', 5115, '2023-06-25 13:48:35', NULL, 0);
INSERT INTO `district_info` VALUES (511503, '南溪区', 5115, '2023-06-25 13:48:35', NULL, 0);
INSERT INTO `district_info` VALUES (511504, '叙州区', 5115, '2023-06-25 13:48:35', NULL, 0);
INSERT INTO `district_info` VALUES (511523, '江安县', 5115, '2023-06-25 13:48:35', NULL, 0);
INSERT INTO `district_info` VALUES (511524, '长宁县', 5115, '2023-06-25 13:48:35', NULL, 0);
INSERT INTO `district_info` VALUES (511525, '高县', 5115, '2023-06-25 13:48:35', NULL, 0);
INSERT INTO `district_info` VALUES (511526, '珙县', 5115, '2023-06-25 13:48:35', NULL, 0);
INSERT INTO `district_info` VALUES (511527, '筠连县', 5115, '2023-06-25 13:48:35', NULL, 0);
INSERT INTO `district_info` VALUES (511528, '兴文县', 5115, '2023-06-25 13:48:35', NULL, 0);
INSERT INTO `district_info` VALUES (511529, '屏山县', 5115, '2023-06-25 13:48:35', NULL, 0);
INSERT INTO `district_info` VALUES (511602, '广安区', 5116, '2023-06-25 13:48:35', NULL, 0);
INSERT INTO `district_info` VALUES (511603, '前锋区', 5116, '2023-06-25 13:48:35', NULL, 0);
INSERT INTO `district_info` VALUES (511621, '岳池县', 5116, '2023-06-25 13:48:35', NULL, 0);
INSERT INTO `district_info` VALUES (511622, '武胜县', 5116, '2023-06-25 13:48:35', NULL, 0);
INSERT INTO `district_info` VALUES (511623, '邻水县', 5116, '2023-06-25 13:48:35', NULL, 0);
INSERT INTO `district_info` VALUES (511681, '华蓥市', 5116, '2023-06-25 13:48:35', NULL, 0);
INSERT INTO `district_info` VALUES (511702, '通川区', 5117, '2023-06-25 13:48:35', NULL, 0);
INSERT INTO `district_info` VALUES (511703, '达川区', 5117, '2023-06-25 13:48:35', NULL, 0);
INSERT INTO `district_info` VALUES (511722, '宣汉县', 5117, '2023-06-25 13:48:35', NULL, 0);
INSERT INTO `district_info` VALUES (511723, '开江县', 5117, '2023-06-25 13:48:35', NULL, 0);
INSERT INTO `district_info` VALUES (511724, '大竹县', 5117, '2023-06-25 13:48:35', NULL, 0);
INSERT INTO `district_info` VALUES (511725, '渠县', 5117, '2023-06-25 13:48:35', NULL, 0);
INSERT INTO `district_info` VALUES (511781, '万源市', 5117, '2023-06-25 13:48:35', NULL, 0);
INSERT INTO `district_info` VALUES (511802, '雨城区', 5118, '2023-06-25 13:48:35', NULL, 0);
INSERT INTO `district_info` VALUES (511803, '名山区', 5118, '2023-06-25 13:48:35', NULL, 0);
INSERT INTO `district_info` VALUES (511822, '荥经县', 5118, '2023-06-25 13:48:35', NULL, 0);
INSERT INTO `district_info` VALUES (511823, '汉源县', 5118, '2023-06-25 13:48:35', NULL, 0);
INSERT INTO `district_info` VALUES (511824, '石棉县', 5118, '2023-06-25 13:48:35', NULL, 0);
INSERT INTO `district_info` VALUES (511825, '天全县', 5118, '2023-06-25 13:48:35', NULL, 0);
INSERT INTO `district_info` VALUES (511826, '芦山县', 5118, '2023-06-25 13:48:35', NULL, 0);
INSERT INTO `district_info` VALUES (511827, '宝兴县', 5118, '2023-06-25 13:48:35', NULL, 0);
INSERT INTO `district_info` VALUES (511902, '巴州区', 5119, '2023-06-25 13:48:35', NULL, 0);
INSERT INTO `district_info` VALUES (511903, '恩阳区', 5119, '2023-06-25 13:48:35', NULL, 0);
INSERT INTO `district_info` VALUES (511921, '通江县', 5119, '2023-06-25 13:48:35', NULL, 0);
INSERT INTO `district_info` VALUES (511922, '南江县', 5119, '2023-06-25 13:48:35', NULL, 0);
INSERT INTO `district_info` VALUES (511923, '平昌县', 5119, '2023-06-25 13:48:35', NULL, 0);
INSERT INTO `district_info` VALUES (512002, '雁江区', 5120, '2023-06-25 13:48:35', NULL, 0);
INSERT INTO `district_info` VALUES (512021, '安岳县', 5120, '2023-06-25 13:48:35', NULL, 0);
INSERT INTO `district_info` VALUES (512022, '乐至县', 5120, '2023-06-25 13:48:35', NULL, 0);
INSERT INTO `district_info` VALUES (513201, '马尔康市', 5132, '2023-06-25 13:48:35', NULL, 0);
INSERT INTO `district_info` VALUES (513221, '汶川县', 5132, '2023-06-25 13:48:35', NULL, 0);
INSERT INTO `district_info` VALUES (513222, '理县', 5132, '2023-06-25 13:48:35', NULL, 0);
INSERT INTO `district_info` VALUES (513223, '茂县', 5132, '2023-06-25 13:48:35', NULL, 0);
INSERT INTO `district_info` VALUES (513224, '松潘县', 5132, '2023-06-25 13:48:35', NULL, 0);
INSERT INTO `district_info` VALUES (513225, '九寨沟县', 5132, '2023-06-25 13:48:35', NULL, 0);
INSERT INTO `district_info` VALUES (513226, '金川县', 5132, '2023-06-25 13:48:35', NULL, 0);
INSERT INTO `district_info` VALUES (513227, '小金县', 5132, '2023-06-25 13:48:35', NULL, 0);
INSERT INTO `district_info` VALUES (513228, '黑水县', 5132, '2023-06-25 13:48:35', NULL, 0);
INSERT INTO `district_info` VALUES (513230, '壤塘县', 5132, '2023-06-25 13:48:35', NULL, 0);
INSERT INTO `district_info` VALUES (513231, '阿坝县', 5132, '2023-06-25 13:48:35', NULL, 0);
INSERT INTO `district_info` VALUES (513232, '若尔盖县', 5132, '2023-06-25 13:48:35', NULL, 0);
INSERT INTO `district_info` VALUES (513233, '红原县', 5132, '2023-06-25 13:48:35', NULL, 0);
INSERT INTO `district_info` VALUES (513301, '康定市', 5133, '2023-06-25 13:48:35', NULL, 0);
INSERT INTO `district_info` VALUES (513322, '泸定县', 5133, '2023-06-25 13:48:35', NULL, 0);
INSERT INTO `district_info` VALUES (513323, '丹巴县', 5133, '2023-06-25 13:48:35', NULL, 0);
INSERT INTO `district_info` VALUES (513324, '九龙县', 5133, '2023-06-25 13:48:35', NULL, 0);
INSERT INTO `district_info` VALUES (513325, '雅江县', 5133, '2023-06-25 13:48:35', NULL, 0);
INSERT INTO `district_info` VALUES (513326, '道孚县', 5133, '2023-06-25 13:48:35', NULL, 0);
INSERT INTO `district_info` VALUES (513327, '炉霍县', 5133, '2023-06-25 13:48:35', NULL, 0);
INSERT INTO `district_info` VALUES (513328, '甘孜县', 5133, '2023-06-25 13:48:35', NULL, 0);
INSERT INTO `district_info` VALUES (513329, '新龙县', 5133, '2023-06-25 13:48:35', NULL, 0);
INSERT INTO `district_info` VALUES (513330, '德格县', 5133, '2023-06-25 13:48:35', NULL, 0);
INSERT INTO `district_info` VALUES (513331, '白玉县', 5133, '2023-06-25 13:48:35', NULL, 0);
INSERT INTO `district_info` VALUES (513332, '石渠县', 5133, '2023-06-25 13:48:35', NULL, 0);
INSERT INTO `district_info` VALUES (513333, '色达县', 5133, '2023-06-25 13:48:35', NULL, 0);
INSERT INTO `district_info` VALUES (513334, '理塘县', 5133, '2023-06-25 13:48:35', NULL, 0);
INSERT INTO `district_info` VALUES (513335, '巴塘县', 5133, '2023-06-25 13:48:35', NULL, 0);
INSERT INTO `district_info` VALUES (513336, '乡城县', 5133, '2023-06-25 13:48:35', NULL, 0);
INSERT INTO `district_info` VALUES (513337, '稻城县', 5133, '2023-06-25 13:48:35', NULL, 0);
INSERT INTO `district_info` VALUES (513338, '得荣县', 5133, '2023-06-25 13:48:35', NULL, 0);
INSERT INTO `district_info` VALUES (513401, '西昌市', 5134, '2023-06-25 13:48:35', NULL, 0);
INSERT INTO `district_info` VALUES (513402, '会理市', 5134, '2023-06-25 13:48:35', NULL, 0);
INSERT INTO `district_info` VALUES (513422, '木里藏族自治县', 5134, '2023-06-25 13:48:35', NULL, 0);
INSERT INTO `district_info` VALUES (513423, '盐源县', 5134, '2023-06-25 13:48:35', NULL, 0);
INSERT INTO `district_info` VALUES (513424, '德昌县', 5134, '2023-06-25 13:48:35', NULL, 0);
INSERT INTO `district_info` VALUES (513426, '会东县', 5134, '2023-06-25 13:48:35', NULL, 0);
INSERT INTO `district_info` VALUES (513427, '宁南县', 5134, '2023-06-25 13:48:35', NULL, 0);
INSERT INTO `district_info` VALUES (513428, '普格县', 5134, '2023-06-25 13:48:35', NULL, 0);
INSERT INTO `district_info` VALUES (513429, '布拖县', 5134, '2023-06-25 13:48:35', NULL, 0);
INSERT INTO `district_info` VALUES (513430, '金阳县', 5134, '2023-06-25 13:48:35', NULL, 0);
INSERT INTO `district_info` VALUES (513431, '昭觉县', 5134, '2023-06-25 13:48:35', NULL, 0);
INSERT INTO `district_info` VALUES (513432, '喜德县', 5134, '2023-06-25 13:48:35', NULL, 0);
INSERT INTO `district_info` VALUES (513433, '冕宁县', 5134, '2023-06-25 13:48:35', NULL, 0);
INSERT INTO `district_info` VALUES (513434, '越西县', 5134, '2023-06-25 13:48:35', NULL, 0);
INSERT INTO `district_info` VALUES (513435, '甘洛县', 5134, '2023-06-25 13:48:35', NULL, 0);
INSERT INTO `district_info` VALUES (513436, '美姑县', 5134, '2023-06-25 13:48:35', NULL, 0);
INSERT INTO `district_info` VALUES (513437, '雷波县', 5134, '2023-06-25 13:48:35', NULL, 0);
INSERT INTO `district_info` VALUES (520102, '南明区', 5201, '2023-06-25 13:48:35', NULL, 0);
INSERT INTO `district_info` VALUES (520103, '云岩区', 5201, '2023-06-25 13:48:35', NULL, 0);
INSERT INTO `district_info` VALUES (520111, '花溪区', 5201, '2023-06-25 13:48:35', NULL, 0);
INSERT INTO `district_info` VALUES (520112, '乌当区', 5201, '2023-06-25 13:48:35', NULL, 0);
INSERT INTO `district_info` VALUES (520113, '白云区', 5201, '2023-06-25 13:48:35', NULL, 0);
INSERT INTO `district_info` VALUES (520115, '观山湖区', 5201, '2023-06-25 13:48:35', NULL, 0);
INSERT INTO `district_info` VALUES (520121, '开阳县', 5201, '2023-06-25 13:48:35', NULL, 0);
INSERT INTO `district_info` VALUES (520122, '息烽县', 5201, '2023-06-25 13:48:35', NULL, 0);
INSERT INTO `district_info` VALUES (520123, '修文县', 5201, '2023-06-25 13:48:35', NULL, 0);
INSERT INTO `district_info` VALUES (520181, '清镇市', 5201, '2023-06-25 13:48:35', NULL, 0);
INSERT INTO `district_info` VALUES (520201, '钟山区', 5202, '2023-06-25 13:48:35', NULL, 0);
INSERT INTO `district_info` VALUES (520203, '六枝特区', 5202, '2023-06-25 13:48:35', NULL, 0);
INSERT INTO `district_info` VALUES (520204, '水城区', 5202, '2023-06-25 13:48:35', NULL, 0);
INSERT INTO `district_info` VALUES (520281, '盘州市', 5202, '2023-06-25 13:48:35', NULL, 0);
INSERT INTO `district_info` VALUES (520302, '红花岗区', 5203, '2023-06-25 13:48:35', NULL, 0);
INSERT INTO `district_info` VALUES (520303, '汇川区', 5203, '2023-06-25 13:48:35', NULL, 0);
INSERT INTO `district_info` VALUES (520304, '播州区', 5203, '2023-06-25 13:48:35', NULL, 0);
INSERT INTO `district_info` VALUES (520322, '桐梓县', 5203, '2023-06-25 13:48:35', NULL, 0);
INSERT INTO `district_info` VALUES (520323, '绥阳县', 5203, '2023-06-25 13:48:35', NULL, 0);
INSERT INTO `district_info` VALUES (520324, '正安县', 5203, '2023-06-25 13:48:35', NULL, 0);
INSERT INTO `district_info` VALUES (520325, '道真仡佬族苗族自治县', 5203, '2023-06-25 13:48:35', NULL, 0);
INSERT INTO `district_info` VALUES (520326, '务川仡佬族苗族自治县', 5203, '2023-06-25 13:48:35', NULL, 0);
INSERT INTO `district_info` VALUES (520327, '凤冈县', 5203, '2023-06-25 13:48:35', NULL, 0);
INSERT INTO `district_info` VALUES (520328, '湄潭县', 5203, '2023-06-25 13:48:35', NULL, 0);
INSERT INTO `district_info` VALUES (520329, '余庆县', 5203, '2023-06-25 13:48:35', NULL, 0);
INSERT INTO `district_info` VALUES (520330, '习水县', 5203, '2023-06-25 13:48:35', NULL, 0);
INSERT INTO `district_info` VALUES (520381, '赤水市', 5203, '2023-06-25 13:48:35', NULL, 0);
INSERT INTO `district_info` VALUES (520382, '仁怀市', 5203, '2023-06-25 13:48:35', NULL, 0);
INSERT INTO `district_info` VALUES (520402, '西秀区', 5204, '2023-06-25 13:48:35', NULL, 0);
INSERT INTO `district_info` VALUES (520403, '平坝区', 5204, '2023-06-25 13:48:35', NULL, 0);
INSERT INTO `district_info` VALUES (520422, '普定县', 5204, '2023-06-25 13:48:35', NULL, 0);
INSERT INTO `district_info` VALUES (520423, '镇宁布依族苗族自治县', 5204, '2023-06-25 13:48:35', NULL, 0);
INSERT INTO `district_info` VALUES (520424, '关岭布依族苗族自治县', 5204, '2023-06-25 13:48:35', NULL, 0);
INSERT INTO `district_info` VALUES (520425, '紫云苗族布依族自治县', 5204, '2023-06-25 13:48:35', NULL, 0);
INSERT INTO `district_info` VALUES (520502, '七星关区', 5205, '2023-06-25 13:48:35', NULL, 0);
INSERT INTO `district_info` VALUES (520521, '大方县', 5205, '2023-06-25 13:48:35', NULL, 0);
INSERT INTO `district_info` VALUES (520523, '金沙县', 5205, '2023-06-25 13:48:35', NULL, 0);
INSERT INTO `district_info` VALUES (520524, '织金县', 5205, '2023-06-25 13:48:35', NULL, 0);
INSERT INTO `district_info` VALUES (520525, '纳雍县', 5205, '2023-06-25 13:48:35', NULL, 0);
INSERT INTO `district_info` VALUES (520526, '威宁彝族回族苗族自治县', 5205, '2023-06-25 13:48:35', NULL, 0);
INSERT INTO `district_info` VALUES (520527, '赫章县', 5205, '2023-06-25 13:48:35', NULL, 0);
INSERT INTO `district_info` VALUES (520581, '黔西市', 5205, '2023-06-25 13:48:35', NULL, 0);
INSERT INTO `district_info` VALUES (520602, '碧江区', 5206, '2023-06-25 13:48:35', NULL, 0);
INSERT INTO `district_info` VALUES (520603, '万山区', 5206, '2023-06-25 13:48:35', NULL, 0);
INSERT INTO `district_info` VALUES (520621, '江口县', 5206, '2023-06-25 13:48:35', NULL, 0);
INSERT INTO `district_info` VALUES (520622, '玉屏侗族自治县', 5206, '2023-06-25 13:48:35', NULL, 0);
INSERT INTO `district_info` VALUES (520623, '石阡县', 5206, '2023-06-25 13:48:35', NULL, 0);
INSERT INTO `district_info` VALUES (520624, '思南县', 5206, '2023-06-25 13:48:35', NULL, 0);
INSERT INTO `district_info` VALUES (520625, '印江土家族苗族自治县', 5206, '2023-06-25 13:48:35', NULL, 0);
INSERT INTO `district_info` VALUES (520626, '德江县', 5206, '2023-06-25 13:48:35', NULL, 0);
INSERT INTO `district_info` VALUES (520627, '沿河土家族自治县', 5206, '2023-06-25 13:48:35', NULL, 0);
INSERT INTO `district_info` VALUES (520628, '松桃苗族自治县', 5206, '2023-06-25 13:48:35', NULL, 0);
INSERT INTO `district_info` VALUES (522301, '兴义市', 5223, '2023-06-25 13:48:35', NULL, 0);
INSERT INTO `district_info` VALUES (522302, '兴仁市', 5223, '2023-06-25 13:48:35', NULL, 0);
INSERT INTO `district_info` VALUES (522323, '普安县', 5223, '2023-06-25 13:48:35', NULL, 0);
INSERT INTO `district_info` VALUES (522324, '晴隆县', 5223, '2023-06-25 13:48:35', NULL, 0);
INSERT INTO `district_info` VALUES (522325, '贞丰县', 5223, '2023-06-25 13:48:35', NULL, 0);
INSERT INTO `district_info` VALUES (522326, '望谟县', 5223, '2023-06-25 13:48:35', NULL, 0);
INSERT INTO `district_info` VALUES (522327, '册亨县', 5223, '2023-06-25 13:48:35', NULL, 0);
INSERT INTO `district_info` VALUES (522328, '安龙县', 5223, '2023-06-25 13:48:35', NULL, 0);
INSERT INTO `district_info` VALUES (522601, '凯里市', 5226, '2023-06-25 13:48:35', NULL, 0);
INSERT INTO `district_info` VALUES (522622, '黄平县', 5226, '2023-06-25 13:48:35', NULL, 0);
INSERT INTO `district_info` VALUES (522623, '施秉县', 5226, '2023-06-25 13:48:35', NULL, 0);
INSERT INTO `district_info` VALUES (522624, '三穗县', 5226, '2023-06-25 13:48:35', NULL, 0);
INSERT INTO `district_info` VALUES (522625, '镇远县', 5226, '2023-06-25 13:48:35', NULL, 0);
INSERT INTO `district_info` VALUES (522626, '岑巩县', 5226, '2023-06-25 13:48:35', NULL, 0);
INSERT INTO `district_info` VALUES (522627, '天柱县', 5226, '2023-06-25 13:48:35', NULL, 0);
INSERT INTO `district_info` VALUES (522628, '锦屏县', 5226, '2023-06-25 13:48:35', NULL, 0);
INSERT INTO `district_info` VALUES (522629, '剑河县', 5226, '2023-06-25 13:48:35', NULL, 0);
INSERT INTO `district_info` VALUES (522630, '台江县', 5226, '2023-06-25 13:48:35', NULL, 0);
INSERT INTO `district_info` VALUES (522631, '黎平县', 5226, '2023-06-25 13:48:35', NULL, 0);
INSERT INTO `district_info` VALUES (522632, '榕江县', 5226, '2023-06-25 13:48:35', NULL, 0);
INSERT INTO `district_info` VALUES (522633, '从江县', 5226, '2023-06-25 13:48:35', NULL, 0);
INSERT INTO `district_info` VALUES (522634, '雷山县', 5226, '2023-06-25 13:48:35', NULL, 0);
INSERT INTO `district_info` VALUES (522635, '麻江县', 5226, '2023-06-25 13:48:35', NULL, 0);
INSERT INTO `district_info` VALUES (522636, '丹寨县', 5226, '2023-06-25 13:48:35', NULL, 0);
INSERT INTO `district_info` VALUES (522701, '都匀市', 5227, '2023-06-25 13:48:35', NULL, 0);
INSERT INTO `district_info` VALUES (522702, '福泉市', 5227, '2023-06-25 13:48:35', NULL, 0);
INSERT INTO `district_info` VALUES (522722, '荔波县', 5227, '2023-06-25 13:48:35', NULL, 0);
INSERT INTO `district_info` VALUES (522723, '贵定县', 5227, '2023-06-25 13:48:35', NULL, 0);
INSERT INTO `district_info` VALUES (522725, '瓮安县', 5227, '2023-06-25 13:48:35', NULL, 0);
INSERT INTO `district_info` VALUES (522726, '独山县', 5227, '2023-06-25 13:48:35', NULL, 0);
INSERT INTO `district_info` VALUES (522727, '平塘县', 5227, '2023-06-25 13:48:35', NULL, 0);
INSERT INTO `district_info` VALUES (522728, '罗甸县', 5227, '2023-06-25 13:48:35', NULL, 0);
INSERT INTO `district_info` VALUES (522729, '长顺县', 5227, '2023-06-25 13:48:35', NULL, 0);
INSERT INTO `district_info` VALUES (522730, '龙里县', 5227, '2023-06-25 13:48:35', NULL, 0);
INSERT INTO `district_info` VALUES (522731, '惠水县', 5227, '2023-06-25 13:48:35', NULL, 0);
INSERT INTO `district_info` VALUES (522732, '三都水族自治县', 5227, '2023-06-25 13:48:35', NULL, 0);
INSERT INTO `district_info` VALUES (530102, '五华区', 5301, '2023-06-25 13:48:35', NULL, 0);
INSERT INTO `district_info` VALUES (530103, '盘龙区', 5301, '2023-06-25 13:48:35', NULL, 0);
INSERT INTO `district_info` VALUES (530111, '官渡区', 5301, '2023-06-25 13:48:35', NULL, 0);
INSERT INTO `district_info` VALUES (530112, '西山区', 5301, '2023-06-25 13:48:35', NULL, 0);
INSERT INTO `district_info` VALUES (530113, '东川区', 5301, '2023-06-25 13:48:35', NULL, 0);
INSERT INTO `district_info` VALUES (530114, '呈贡区', 5301, '2023-06-25 13:48:35', NULL, 0);
INSERT INTO `district_info` VALUES (530115, '晋宁区', 5301, '2023-06-25 13:48:35', NULL, 0);
INSERT INTO `district_info` VALUES (530124, '富民县', 5301, '2023-06-25 13:48:35', NULL, 0);
INSERT INTO `district_info` VALUES (530125, '宜良县', 5301, '2023-06-25 13:48:35', NULL, 0);
INSERT INTO `district_info` VALUES (530126, '石林彝族自治县', 5301, '2023-06-25 13:48:35', NULL, 0);
INSERT INTO `district_info` VALUES (530127, '嵩明县', 5301, '2023-06-25 13:48:35', NULL, 0);
INSERT INTO `district_info` VALUES (530128, '禄劝彝族苗族自治县', 5301, '2023-06-25 13:48:35', NULL, 0);
INSERT INTO `district_info` VALUES (530129, '寻甸回族彝族自治县', 5301, '2023-06-25 13:48:35', NULL, 0);
INSERT INTO `district_info` VALUES (530181, '安宁市', 5301, '2023-06-25 13:48:35', NULL, 0);
INSERT INTO `district_info` VALUES (530302, '麒麟区', 5303, '2023-06-25 13:48:35', NULL, 0);
INSERT INTO `district_info` VALUES (530303, '沾益区', 5303, '2023-06-25 13:48:35', NULL, 0);
INSERT INTO `district_info` VALUES (530304, '马龙区', 5303, '2023-06-25 13:48:35', NULL, 0);
INSERT INTO `district_info` VALUES (530322, '陆良县', 5303, '2023-06-25 13:48:35', NULL, 0);
INSERT INTO `district_info` VALUES (530323, '师宗县', 5303, '2023-06-25 13:48:35', NULL, 0);
INSERT INTO `district_info` VALUES (530324, '罗平县', 5303, '2023-06-25 13:48:35', NULL, 0);
INSERT INTO `district_info` VALUES (530325, '富源县', 5303, '2023-06-25 13:48:35', NULL, 0);
INSERT INTO `district_info` VALUES (530326, '会泽县', 5303, '2023-06-25 13:48:35', NULL, 0);
INSERT INTO `district_info` VALUES (530381, '宣威市', 5303, '2023-06-25 13:48:35', NULL, 0);
INSERT INTO `district_info` VALUES (530402, '红塔区', 5304, '2023-06-25 13:48:35', NULL, 0);
INSERT INTO `district_info` VALUES (530403, '江川区', 5304, '2023-06-25 13:48:35', NULL, 0);
INSERT INTO `district_info` VALUES (530423, '通海县', 5304, '2023-06-25 13:48:35', NULL, 0);
INSERT INTO `district_info` VALUES (530424, '华宁县', 5304, '2023-06-25 13:48:35', NULL, 0);
INSERT INTO `district_info` VALUES (530425, '易门县', 5304, '2023-06-25 13:48:35', NULL, 0);
INSERT INTO `district_info` VALUES (530426, '峨山彝族自治县', 5304, '2023-06-25 13:48:35', NULL, 0);
INSERT INTO `district_info` VALUES (530427, '新平彝族傣族自治县', 5304, '2023-06-25 13:48:35', NULL, 0);
INSERT INTO `district_info` VALUES (530428, '元江哈尼族彝族傣族自治县', 5304, '2023-06-25 13:48:35', NULL, 0);
INSERT INTO `district_info` VALUES (530481, '澄江市', 5304, '2023-06-25 13:48:35', NULL, 0);
INSERT INTO `district_info` VALUES (530502, '隆阳区', 5305, '2023-06-25 13:48:35', NULL, 0);
INSERT INTO `district_info` VALUES (530521, '施甸县', 5305, '2023-06-25 13:48:35', NULL, 0);
INSERT INTO `district_info` VALUES (530523, '龙陵县', 5305, '2023-06-25 13:48:35', NULL, 0);
INSERT INTO `district_info` VALUES (530524, '昌宁县', 5305, '2023-06-25 13:48:35', NULL, 0);
INSERT INTO `district_info` VALUES (530581, '腾冲市', 5305, '2023-06-25 13:48:35', NULL, 0);
INSERT INTO `district_info` VALUES (530602, '昭阳区', 5306, '2023-06-25 13:48:35', NULL, 0);
INSERT INTO `district_info` VALUES (530621, '鲁甸县', 5306, '2023-06-25 13:48:35', NULL, 0);
INSERT INTO `district_info` VALUES (530622, '巧家县', 5306, '2023-06-25 13:48:35', NULL, 0);
INSERT INTO `district_info` VALUES (530623, '盐津县', 5306, '2023-06-25 13:48:35', NULL, 0);
INSERT INTO `district_info` VALUES (530624, '大关县', 5306, '2023-06-25 13:48:35', NULL, 0);
INSERT INTO `district_info` VALUES (530625, '永善县', 5306, '2023-06-25 13:48:35', NULL, 0);
INSERT INTO `district_info` VALUES (530626, '绥江县', 5306, '2023-06-25 13:48:35', NULL, 0);
INSERT INTO `district_info` VALUES (530627, '镇雄县', 5306, '2023-06-25 13:48:35', NULL, 0);
INSERT INTO `district_info` VALUES (530628, '彝良县', 5306, '2023-06-25 13:48:35', NULL, 0);
INSERT INTO `district_info` VALUES (530629, '威信县', 5306, '2023-06-25 13:48:35', NULL, 0);
INSERT INTO `district_info` VALUES (530681, '水富市', 5306, '2023-06-25 13:48:35', NULL, 0);
INSERT INTO `district_info` VALUES (530702, '古城区', 5307, '2023-06-25 13:48:35', NULL, 0);
INSERT INTO `district_info` VALUES (530721, '玉龙纳西族自治县', 5307, '2023-06-25 13:48:35', NULL, 0);
INSERT INTO `district_info` VALUES (530722, '永胜县', 5307, '2023-06-25 13:48:35', NULL, 0);
INSERT INTO `district_info` VALUES (530723, '华坪县', 5307, '2023-06-25 13:48:35', NULL, 0);
INSERT INTO `district_info` VALUES (530724, '宁蒗彝族自治县', 5307, '2023-06-25 13:48:35', NULL, 0);
INSERT INTO `district_info` VALUES (530802, '思茅区', 5308, '2023-06-25 13:48:35', NULL, 0);
INSERT INTO `district_info` VALUES (530821, '宁洱哈尼族彝族自治县', 5308, '2023-06-25 13:48:35', NULL, 0);
INSERT INTO `district_info` VALUES (530822, '墨江哈尼族自治县', 5308, '2023-06-25 13:48:35', NULL, 0);
INSERT INTO `district_info` VALUES (530823, '景东彝族自治县', 5308, '2023-06-25 13:48:35', NULL, 0);
INSERT INTO `district_info` VALUES (530824, '景谷傣族彝族自治县', 5308, '2023-06-25 13:48:35', NULL, 0);
INSERT INTO `district_info` VALUES (530825, '镇沅彝族哈尼族拉祜族自治县', 5308, '2023-06-25 13:48:35', NULL, 0);
INSERT INTO `district_info` VALUES (530826, '江城哈尼族彝族自治县', 5308, '2023-06-25 13:48:35', NULL, 0);
INSERT INTO `district_info` VALUES (530827, '孟连傣族拉祜族佤族自治县', 5308, '2023-06-25 13:48:35', NULL, 0);
INSERT INTO `district_info` VALUES (530828, '澜沧拉祜族自治县', 5308, '2023-06-25 13:48:35', NULL, 0);
INSERT INTO `district_info` VALUES (530829, '西盟佤族自治县', 5308, '2023-06-25 13:48:35', NULL, 0);
INSERT INTO `district_info` VALUES (530902, '临翔区', 5309, '2023-06-25 13:48:35', NULL, 0);
INSERT INTO `district_info` VALUES (530921, '凤庆县', 5309, '2023-06-25 13:48:35', NULL, 0);
INSERT INTO `district_info` VALUES (530922, '云县', 5309, '2023-06-25 13:48:35', NULL, 0);
INSERT INTO `district_info` VALUES (530923, '永德县', 5309, '2023-06-25 13:48:35', NULL, 0);
INSERT INTO `district_info` VALUES (530924, '镇康县', 5309, '2023-06-25 13:48:35', NULL, 0);
INSERT INTO `district_info` VALUES (530925, '双江拉祜族佤族布朗族傣族自治县', 5309, '2023-06-25 13:48:35', NULL, 0);
INSERT INTO `district_info` VALUES (530926, '耿马傣族佤族自治县', 5309, '2023-06-25 13:48:35', NULL, 0);
INSERT INTO `district_info` VALUES (530927, '沧源佤族自治县', 5309, '2023-06-25 13:48:35', NULL, 0);
INSERT INTO `district_info` VALUES (532301, '楚雄市', 5323, '2023-06-25 13:48:35', NULL, 0);
INSERT INTO `district_info` VALUES (532302, '禄丰市', 5323, '2023-06-25 13:48:35', NULL, 0);
INSERT INTO `district_info` VALUES (532322, '双柏县', 5323, '2023-06-25 13:48:35', NULL, 0);
INSERT INTO `district_info` VALUES (532323, '牟定县', 5323, '2023-06-25 13:48:35', NULL, 0);
INSERT INTO `district_info` VALUES (532324, '南华县', 5323, '2023-06-25 13:48:35', NULL, 0);
INSERT INTO `district_info` VALUES (532325, '姚安县', 5323, '2023-06-25 13:48:35', NULL, 0);
INSERT INTO `district_info` VALUES (532326, '大姚县', 5323, '2023-06-25 13:48:35', NULL, 0);
INSERT INTO `district_info` VALUES (532327, '永仁县', 5323, '2023-06-25 13:48:35', NULL, 0);
INSERT INTO `district_info` VALUES (532328, '元谋县', 5323, '2023-06-25 13:48:35', NULL, 0);
INSERT INTO `district_info` VALUES (532329, '武定县', 5323, '2023-06-25 13:48:35', NULL, 0);
INSERT INTO `district_info` VALUES (532501, '个旧市', 5325, '2023-06-25 13:48:35', NULL, 0);
INSERT INTO `district_info` VALUES (532502, '开远市', 5325, '2023-06-25 13:48:35', NULL, 0);
INSERT INTO `district_info` VALUES (532503, '蒙自市', 5325, '2023-06-25 13:48:35', NULL, 0);
INSERT INTO `district_info` VALUES (532504, '弥勒市', 5325, '2023-06-25 13:48:35', NULL, 0);
INSERT INTO `district_info` VALUES (532523, '屏边苗族自治县', 5325, '2023-06-25 13:48:35', NULL, 0);
INSERT INTO `district_info` VALUES (532524, '建水县', 5325, '2023-06-25 13:48:35', NULL, 0);
INSERT INTO `district_info` VALUES (532525, '石屏县', 5325, '2023-06-25 13:48:35', NULL, 0);
INSERT INTO `district_info` VALUES (532527, '泸西县', 5325, '2023-06-25 13:48:35', NULL, 0);
INSERT INTO `district_info` VALUES (532528, '元阳县', 5325, '2023-06-25 13:48:35', NULL, 0);
INSERT INTO `district_info` VALUES (532529, '红河县', 5325, '2023-06-25 13:48:35', NULL, 0);
INSERT INTO `district_info` VALUES (532530, '金平苗族瑶族傣族自治县', 5325, '2023-06-25 13:48:35', NULL, 0);
INSERT INTO `district_info` VALUES (532531, '绿春县', 5325, '2023-06-25 13:48:35', NULL, 0);
INSERT INTO `district_info` VALUES (532532, '河口瑶族自治县', 5325, '2023-06-25 13:48:35', NULL, 0);
INSERT INTO `district_info` VALUES (532601, '文山市', 5326, '2023-06-25 13:48:35', NULL, 0);
INSERT INTO `district_info` VALUES (532622, '砚山县', 5326, '2023-06-25 13:48:35', NULL, 0);
INSERT INTO `district_info` VALUES (532623, '西畴县', 5326, '2023-06-25 13:48:35', NULL, 0);
INSERT INTO `district_info` VALUES (532624, '麻栗坡县', 5326, '2023-06-25 13:48:35', NULL, 0);
INSERT INTO `district_info` VALUES (532625, '马关县', 5326, '2023-06-25 13:48:35', NULL, 0);
INSERT INTO `district_info` VALUES (532626, '丘北县', 5326, '2023-06-25 13:48:35', NULL, 0);
INSERT INTO `district_info` VALUES (532627, '广南县', 5326, '2023-06-25 13:48:35', NULL, 0);
INSERT INTO `district_info` VALUES (532628, '富宁县', 5326, '2023-06-25 13:48:35', NULL, 0);
INSERT INTO `district_info` VALUES (532801, '景洪市', 5328, '2023-06-25 13:48:35', NULL, 0);
INSERT INTO `district_info` VALUES (532822, '勐海县', 5328, '2023-06-25 13:48:35', NULL, 0);
INSERT INTO `district_info` VALUES (532823, '勐腊县', 5328, '2023-06-25 13:48:35', NULL, 0);
INSERT INTO `district_info` VALUES (532901, '大理市', 5329, '2023-06-25 13:48:35', NULL, 0);
INSERT INTO `district_info` VALUES (532922, '漾濞彝族自治县', 5329, '2023-06-25 13:48:35', NULL, 0);
INSERT INTO `district_info` VALUES (532923, '祥云县', 5329, '2023-06-25 13:48:35', NULL, 0);
INSERT INTO `district_info` VALUES (532924, '宾川县', 5329, '2023-06-25 13:48:35', NULL, 0);
INSERT INTO `district_info` VALUES (532925, '弥渡县', 5329, '2023-06-25 13:48:35', NULL, 0);
INSERT INTO `district_info` VALUES (532926, '南涧彝族自治县', 5329, '2023-06-25 13:48:35', NULL, 0);
INSERT INTO `district_info` VALUES (532927, '巍山彝族回族自治县', 5329, '2023-06-25 13:48:35', NULL, 0);
INSERT INTO `district_info` VALUES (532928, '永平县', 5329, '2023-06-25 13:48:35', NULL, 0);
INSERT INTO `district_info` VALUES (532929, '云龙县', 5329, '2023-06-25 13:48:35', NULL, 0);
INSERT INTO `district_info` VALUES (532930, '洱源县', 5329, '2023-06-25 13:48:35', NULL, 0);
INSERT INTO `district_info` VALUES (532931, '剑川县', 5329, '2023-06-25 13:48:35', NULL, 0);
INSERT INTO `district_info` VALUES (532932, '鹤庆县', 5329, '2023-06-25 13:48:35', NULL, 0);
INSERT INTO `district_info` VALUES (533102, '瑞丽市', 5331, '2023-06-25 13:48:35', NULL, 0);
INSERT INTO `district_info` VALUES (533103, '芒市', 5331, '2023-06-25 13:48:35', NULL, 0);
INSERT INTO `district_info` VALUES (533122, '梁河县', 5331, '2023-06-25 13:48:35', NULL, 0);
INSERT INTO `district_info` VALUES (533123, '盈江县', 5331, '2023-06-25 13:48:35', NULL, 0);
INSERT INTO `district_info` VALUES (533124, '陇川县', 5331, '2023-06-25 13:48:35', NULL, 0);
INSERT INTO `district_info` VALUES (533301, '泸水市', 5333, '2023-06-25 13:48:35', NULL, 0);
INSERT INTO `district_info` VALUES (533323, '福贡县', 5333, '2023-06-25 13:48:35', NULL, 0);
INSERT INTO `district_info` VALUES (533324, '贡山独龙族怒族自治县', 5333, '2023-06-25 13:48:35', NULL, 0);
INSERT INTO `district_info` VALUES (533325, '兰坪白族普米族自治县', 5333, '2023-06-25 13:48:35', NULL, 0);
INSERT INTO `district_info` VALUES (533401, '香格里拉市', 5334, '2023-06-25 13:48:35', NULL, 0);
INSERT INTO `district_info` VALUES (533422, '德钦县', 5334, '2023-06-25 13:48:35', NULL, 0);
INSERT INTO `district_info` VALUES (533423, '维西傈僳族自治县', 5334, '2023-06-25 13:48:35', NULL, 0);
INSERT INTO `district_info` VALUES (540102, '城关区', 5401, '2023-06-25 13:48:35', NULL, 0);
INSERT INTO `district_info` VALUES (540103, '堆龙德庆区', 5401, '2023-06-25 13:48:35', NULL, 0);
INSERT INTO `district_info` VALUES (540104, '达孜区', 5401, '2023-06-25 13:48:35', NULL, 0);
INSERT INTO `district_info` VALUES (540121, '林周县', 5401, '2023-06-25 13:48:35', NULL, 0);
INSERT INTO `district_info` VALUES (540122, '当雄县', 5401, '2023-06-25 13:48:35', NULL, 0);
INSERT INTO `district_info` VALUES (540123, '尼木县', 5401, '2023-06-25 13:48:35', NULL, 0);
INSERT INTO `district_info` VALUES (540124, '曲水县', 5401, '2023-06-25 13:48:35', NULL, 0);
INSERT INTO `district_info` VALUES (540127, '墨竹工卡县', 5401, '2023-06-25 13:48:35', NULL, 0);
INSERT INTO `district_info` VALUES (540171, '格尔木藏青工业园区', 5401, '2023-06-25 13:48:35', NULL, 0);
INSERT INTO `district_info` VALUES (540172, '拉萨经济技术开发区', 5401, '2023-06-25 13:48:35', NULL, 0);
INSERT INTO `district_info` VALUES (540173, '西藏文化旅游创意园区', 5401, '2023-06-25 13:48:35', NULL, 0);
INSERT INTO `district_info` VALUES (540174, '达孜工业园区', 5401, '2023-06-25 13:48:35', NULL, 0);
INSERT INTO `district_info` VALUES (540202, '桑珠孜区', 5402, '2023-06-25 13:48:35', NULL, 0);
INSERT INTO `district_info` VALUES (540221, '南木林县', 5402, '2023-06-25 13:48:35', NULL, 0);
INSERT INTO `district_info` VALUES (540222, '江孜县', 5402, '2023-06-25 13:48:35', NULL, 0);
INSERT INTO `district_info` VALUES (540223, '定日县', 5402, '2023-06-25 13:48:35', NULL, 0);
INSERT INTO `district_info` VALUES (540224, '萨迦县', 5402, '2023-06-25 13:48:35', NULL, 0);
INSERT INTO `district_info` VALUES (540225, '拉孜县', 5402, '2023-06-25 13:48:35', NULL, 0);
INSERT INTO `district_info` VALUES (540226, '昂仁县', 5402, '2023-06-25 13:48:35', NULL, 0);
INSERT INTO `district_info` VALUES (540227, '谢通门县', 5402, '2023-06-25 13:48:35', NULL, 0);
INSERT INTO `district_info` VALUES (540228, '白朗县', 5402, '2023-06-25 13:48:35', NULL, 0);
INSERT INTO `district_info` VALUES (540229, '仁布县', 5402, '2023-06-25 13:48:35', NULL, 0);
INSERT INTO `district_info` VALUES (540230, '康马县', 5402, '2023-06-25 13:48:35', NULL, 0);
INSERT INTO `district_info` VALUES (540231, '定结县', 5402, '2023-06-25 13:48:35', NULL, 0);
INSERT INTO `district_info` VALUES (540232, '仲巴县', 5402, '2023-06-25 13:48:35', NULL, 0);
INSERT INTO `district_info` VALUES (540233, '亚东县', 5402, '2023-06-25 13:48:35', NULL, 0);
INSERT INTO `district_info` VALUES (540234, '吉隆县', 5402, '2023-06-25 13:48:35', NULL, 0);
INSERT INTO `district_info` VALUES (540235, '聂拉木县', 5402, '2023-06-25 13:48:35', NULL, 0);
INSERT INTO `district_info` VALUES (540236, '萨嘎县', 5402, '2023-06-25 13:48:35', NULL, 0);
INSERT INTO `district_info` VALUES (540237, '岗巴县', 5402, '2023-06-25 13:48:35', NULL, 0);
INSERT INTO `district_info` VALUES (540302, '卡若区', 5403, '2023-06-25 13:48:35', NULL, 0);
INSERT INTO `district_info` VALUES (540321, '江达县', 5403, '2023-06-25 13:48:35', NULL, 0);
INSERT INTO `district_info` VALUES (540322, '贡觉县', 5403, '2023-06-25 13:48:35', NULL, 0);
INSERT INTO `district_info` VALUES (540323, '类乌齐县', 5403, '2023-06-25 13:48:35', NULL, 0);
INSERT INTO `district_info` VALUES (540324, '丁青县', 5403, '2023-06-25 13:48:35', NULL, 0);
INSERT INTO `district_info` VALUES (540325, '察雅县', 5403, '2023-06-25 13:48:35', NULL, 0);
INSERT INTO `district_info` VALUES (540326, '八宿县', 5403, '2023-06-25 13:48:35', NULL, 0);
INSERT INTO `district_info` VALUES (540327, '左贡县', 5403, '2023-06-25 13:48:35', NULL, 0);
INSERT INTO `district_info` VALUES (540328, '芒康县', 5403, '2023-06-25 13:48:35', NULL, 0);
INSERT INTO `district_info` VALUES (540329, '洛隆县', 5403, '2023-06-25 13:48:35', NULL, 0);
INSERT INTO `district_info` VALUES (540330, '边坝县', 5403, '2023-06-25 13:48:35', NULL, 0);
INSERT INTO `district_info` VALUES (540402, '巴宜区', 5404, '2023-06-25 13:48:35', NULL, 0);
INSERT INTO `district_info` VALUES (540421, '工布江达县', 5404, '2023-06-25 13:48:35', NULL, 0);
INSERT INTO `district_info` VALUES (540422, '米林县', 5404, '2023-06-25 13:48:35', NULL, 0);
INSERT INTO `district_info` VALUES (540423, '墨脱县', 5404, '2023-06-25 13:48:35', NULL, 0);
INSERT INTO `district_info` VALUES (540424, '波密县', 5404, '2023-06-25 13:48:35', NULL, 0);
INSERT INTO `district_info` VALUES (540425, '察隅县', 5404, '2023-06-25 13:48:35', NULL, 0);
INSERT INTO `district_info` VALUES (540426, '朗县', 5404, '2023-06-25 13:48:35', NULL, 0);
INSERT INTO `district_info` VALUES (540502, '乃东区', 5405, '2023-06-25 13:48:35', NULL, 0);
INSERT INTO `district_info` VALUES (540521, '扎囊县', 5405, '2023-06-25 13:48:35', NULL, 0);
INSERT INTO `district_info` VALUES (540522, '贡嘎县', 5405, '2023-06-25 13:48:35', NULL, 0);
INSERT INTO `district_info` VALUES (540523, '桑日县', 5405, '2023-06-25 13:48:35', NULL, 0);
INSERT INTO `district_info` VALUES (540524, '琼结县', 5405, '2023-06-25 13:48:35', NULL, 0);
INSERT INTO `district_info` VALUES (540525, '曲松县', 5405, '2023-06-25 13:48:35', NULL, 0);
INSERT INTO `district_info` VALUES (540526, '措美县', 5405, '2023-06-25 13:48:35', NULL, 0);
INSERT INTO `district_info` VALUES (540527, '洛扎县', 5405, '2023-06-25 13:48:35', NULL, 0);
INSERT INTO `district_info` VALUES (540528, '加查县', 5405, '2023-06-25 13:48:35', NULL, 0);
INSERT INTO `district_info` VALUES (540529, '隆子县', 5405, '2023-06-25 13:48:35', NULL, 0);
INSERT INTO `district_info` VALUES (540530, '错那县', 5405, '2023-06-25 13:48:35', NULL, 0);
INSERT INTO `district_info` VALUES (540531, '浪卡子县', 5405, '2023-06-25 13:48:35', NULL, 0);
INSERT INTO `district_info` VALUES (540602, '色尼区', 5406, '2023-06-25 13:48:35', NULL, 0);
INSERT INTO `district_info` VALUES (540621, '嘉黎县', 5406, '2023-06-25 13:48:35', NULL, 0);
INSERT INTO `district_info` VALUES (540622, '比如县', 5406, '2023-06-25 13:48:35', NULL, 0);
INSERT INTO `district_info` VALUES (540623, '聂荣县', 5406, '2023-06-25 13:48:35', NULL, 0);
INSERT INTO `district_info` VALUES (540624, '安多县', 5406, '2023-06-25 13:48:35', NULL, 0);
INSERT INTO `district_info` VALUES (540625, '申扎县', 5406, '2023-06-25 13:48:35', NULL, 0);
INSERT INTO `district_info` VALUES (540626, '索县', 5406, '2023-06-25 13:48:35', NULL, 0);
INSERT INTO `district_info` VALUES (540627, '班戈县', 5406, '2023-06-25 13:48:35', NULL, 0);
INSERT INTO `district_info` VALUES (540628, '巴青县', 5406, '2023-06-25 13:48:35', NULL, 0);
INSERT INTO `district_info` VALUES (540629, '尼玛县', 5406, '2023-06-25 13:48:35', NULL, 0);
INSERT INTO `district_info` VALUES (540630, '双湖县', 5406, '2023-06-25 13:48:35', NULL, 0);
INSERT INTO `district_info` VALUES (542521, '普兰县', 5425, '2023-06-25 13:48:35', NULL, 0);
INSERT INTO `district_info` VALUES (542522, '札达县', 5425, '2023-06-25 13:48:35', NULL, 0);
INSERT INTO `district_info` VALUES (542523, '噶尔县', 5425, '2023-06-25 13:48:35', NULL, 0);
INSERT INTO `district_info` VALUES (542524, '日土县', 5425, '2023-06-25 13:48:35', NULL, 0);
INSERT INTO `district_info` VALUES (542525, '革吉县', 5425, '2023-06-25 13:48:35', NULL, 0);
INSERT INTO `district_info` VALUES (542526, '改则县', 5425, '2023-06-25 13:48:35', NULL, 0);
INSERT INTO `district_info` VALUES (542527, '措勤县', 5425, '2023-06-25 13:48:35', NULL, 0);
INSERT INTO `district_info` VALUES (610102, '新城区', 6101, '2023-06-25 13:48:35', NULL, 0);
INSERT INTO `district_info` VALUES (610103, '碑林区', 6101, '2023-06-25 13:48:35', NULL, 0);
INSERT INTO `district_info` VALUES (610104, '莲湖区', 6101, '2023-06-25 13:48:35', NULL, 0);
INSERT INTO `district_info` VALUES (610111, '灞桥区', 6101, '2023-06-25 13:48:35', NULL, 0);
INSERT INTO `district_info` VALUES (610112, '未央区', 6101, '2023-06-25 13:48:35', NULL, 0);
INSERT INTO `district_info` VALUES (610113, '雁塔区', 6101, '2023-06-25 13:48:35', NULL, 0);
INSERT INTO `district_info` VALUES (610114, '阎良区', 6101, '2023-06-25 13:48:35', NULL, 0);
INSERT INTO `district_info` VALUES (610115, '临潼区', 6101, '2023-06-25 13:48:35', NULL, 0);
INSERT INTO `district_info` VALUES (610116, '长安区', 6101, '2023-06-25 13:48:35', NULL, 0);
INSERT INTO `district_info` VALUES (610117, '高陵区', 6101, '2023-06-25 13:48:35', NULL, 0);
INSERT INTO `district_info` VALUES (610118, '鄠邑区', 6101, '2023-06-25 13:48:35', NULL, 0);
INSERT INTO `district_info` VALUES (610122, '蓝田县', 6101, '2023-06-25 13:48:35', NULL, 0);
INSERT INTO `district_info` VALUES (610124, '周至县', 6101, '2023-06-25 13:48:35', NULL, 0);
INSERT INTO `district_info` VALUES (610202, '王益区', 6102, '2023-06-25 13:48:35', NULL, 0);
INSERT INTO `district_info` VALUES (610203, '印台区', 6102, '2023-06-25 13:48:35', NULL, 0);
INSERT INTO `district_info` VALUES (610204, '耀州区', 6102, '2023-06-25 13:48:35', NULL, 0);
INSERT INTO `district_info` VALUES (610222, '宜君县', 6102, '2023-06-25 13:48:35', NULL, 0);
INSERT INTO `district_info` VALUES (610302, '渭滨区', 6103, '2023-06-25 13:48:35', NULL, 0);
INSERT INTO `district_info` VALUES (610303, '金台区', 6103, '2023-06-25 13:48:35', NULL, 0);
INSERT INTO `district_info` VALUES (610304, '陈仓区', 6103, '2023-06-25 13:48:35', NULL, 0);
INSERT INTO `district_info` VALUES (610305, '凤翔区', 6103, '2023-06-25 13:48:35', NULL, 0);
INSERT INTO `district_info` VALUES (610323, '岐山县', 6103, '2023-06-25 13:48:35', NULL, 0);
INSERT INTO `district_info` VALUES (610324, '扶风县', 6103, '2023-06-25 13:48:35', NULL, 0);
INSERT INTO `district_info` VALUES (610326, '眉县', 6103, '2023-06-25 13:48:35', NULL, 0);
INSERT INTO `district_info` VALUES (610327, '陇县', 6103, '2023-06-25 13:48:35', NULL, 0);
INSERT INTO `district_info` VALUES (610328, '千阳县', 6103, '2023-06-25 13:48:35', NULL, 0);
INSERT INTO `district_info` VALUES (610329, '麟游县', 6103, '2023-06-25 13:48:35', NULL, 0);
INSERT INTO `district_info` VALUES (610330, '凤县', 6103, '2023-06-25 13:48:35', NULL, 0);
INSERT INTO `district_info` VALUES (610331, '太白县', 6103, '2023-06-25 13:48:35', NULL, 0);
INSERT INTO `district_info` VALUES (610402, '秦都区', 6104, '2023-06-25 13:48:35', NULL, 0);
INSERT INTO `district_info` VALUES (610403, '杨陵区', 6104, '2023-06-25 13:48:35', NULL, 0);
INSERT INTO `district_info` VALUES (610404, '渭城区', 6104, '2023-06-25 13:48:35', NULL, 0);
INSERT INTO `district_info` VALUES (610422, '三原县', 6104, '2023-06-25 13:48:35', NULL, 0);
INSERT INTO `district_info` VALUES (610423, '泾阳县', 6104, '2023-06-25 13:48:35', NULL, 0);
INSERT INTO `district_info` VALUES (610424, '乾县', 6104, '2023-06-25 13:48:35', NULL, 0);
INSERT INTO `district_info` VALUES (610425, '礼泉县', 6104, '2023-06-25 13:48:35', NULL, 0);
INSERT INTO `district_info` VALUES (610426, '永寿县', 6104, '2023-06-25 13:48:35', NULL, 0);
INSERT INTO `district_info` VALUES (610428, '长武县', 6104, '2023-06-25 13:48:35', NULL, 0);
INSERT INTO `district_info` VALUES (610429, '旬邑县', 6104, '2023-06-25 13:48:35', NULL, 0);
INSERT INTO `district_info` VALUES (610430, '淳化县', 6104, '2023-06-25 13:48:35', NULL, 0);
INSERT INTO `district_info` VALUES (610431, '武功县', 6104, '2023-06-25 13:48:35', NULL, 0);
INSERT INTO `district_info` VALUES (610481, '兴平市', 6104, '2023-06-25 13:48:35', NULL, 0);
INSERT INTO `district_info` VALUES (610482, '彬州市', 6104, '2023-06-25 13:48:35', NULL, 0);
INSERT INTO `district_info` VALUES (610502, '临渭区', 6105, '2023-06-25 13:48:35', NULL, 0);
INSERT INTO `district_info` VALUES (610503, '华州区', 6105, '2023-06-25 13:48:35', NULL, 0);
INSERT INTO `district_info` VALUES (610522, '潼关县', 6105, '2023-06-25 13:48:35', NULL, 0);
INSERT INTO `district_info` VALUES (610523, '大荔县', 6105, '2023-06-25 13:48:35', NULL, 0);
INSERT INTO `district_info` VALUES (610524, '合阳县', 6105, '2023-06-25 13:48:35', NULL, 0);
INSERT INTO `district_info` VALUES (610525, '澄城县', 6105, '2023-06-25 13:48:35', NULL, 0);
INSERT INTO `district_info` VALUES (610526, '蒲城县', 6105, '2023-06-25 13:48:35', NULL, 0);
INSERT INTO `district_info` VALUES (610527, '白水县', 6105, '2023-06-25 13:48:35', NULL, 0);
INSERT INTO `district_info` VALUES (610528, '富平县', 6105, '2023-06-25 13:48:35', NULL, 0);
INSERT INTO `district_info` VALUES (610581, '韩城市', 6105, '2023-06-25 13:48:35', NULL, 0);
INSERT INTO `district_info` VALUES (610582, '华阴市', 6105, '2023-06-25 13:48:35', NULL, 0);
INSERT INTO `district_info` VALUES (610602, '宝塔区', 6106, '2023-06-25 13:48:35', NULL, 0);
INSERT INTO `district_info` VALUES (610603, '安塞区', 6106, '2023-06-25 13:48:35', NULL, 0);
INSERT INTO `district_info` VALUES (610621, '延长县', 6106, '2023-06-25 13:48:35', NULL, 0);
INSERT INTO `district_info` VALUES (610622, '延川县', 6106, '2023-06-25 13:48:35', NULL, 0);
INSERT INTO `district_info` VALUES (610625, '志丹县', 6106, '2023-06-25 13:48:35', NULL, 0);
INSERT INTO `district_info` VALUES (610626, '吴起县', 6106, '2023-06-25 13:48:35', NULL, 0);
INSERT INTO `district_info` VALUES (610627, '甘泉县', 6106, '2023-06-25 13:48:35', NULL, 0);
INSERT INTO `district_info` VALUES (610628, '富县', 6106, '2023-06-25 13:48:35', NULL, 0);
INSERT INTO `district_info` VALUES (610629, '洛川县', 6106, '2023-06-25 13:48:35', NULL, 0);
INSERT INTO `district_info` VALUES (610630, '宜川县', 6106, '2023-06-25 13:48:35', NULL, 0);
INSERT INTO `district_info` VALUES (610631, '黄龙县', 6106, '2023-06-25 13:48:35', NULL, 0);
INSERT INTO `district_info` VALUES (610632, '黄陵县', 6106, '2023-06-25 13:48:35', NULL, 0);
INSERT INTO `district_info` VALUES (610681, '子长市', 6106, '2023-06-25 13:48:35', NULL, 0);
INSERT INTO `district_info` VALUES (610702, '汉台区', 6107, '2023-06-25 13:48:35', NULL, 0);
INSERT INTO `district_info` VALUES (610703, '南郑区', 6107, '2023-06-25 13:48:35', NULL, 0);
INSERT INTO `district_info` VALUES (610722, '城固县', 6107, '2023-06-25 13:48:35', NULL, 0);
INSERT INTO `district_info` VALUES (610723, '洋县', 6107, '2023-06-25 13:48:35', NULL, 0);
INSERT INTO `district_info` VALUES (610724, '西乡县', 6107, '2023-06-25 13:48:35', NULL, 0);
INSERT INTO `district_info` VALUES (610725, '勉县', 6107, '2023-06-25 13:48:35', NULL, 0);
INSERT INTO `district_info` VALUES (610726, '宁强县', 6107, '2023-06-25 13:48:35', NULL, 0);
INSERT INTO `district_info` VALUES (610727, '略阳县', 6107, '2023-06-25 13:48:35', NULL, 0);
INSERT INTO `district_info` VALUES (610728, '镇巴县', 6107, '2023-06-25 13:48:35', NULL, 0);
INSERT INTO `district_info` VALUES (610729, '留坝县', 6107, '2023-06-25 13:48:35', NULL, 0);
INSERT INTO `district_info` VALUES (610730, '佛坪县', 6107, '2023-06-25 13:48:35', NULL, 0);
INSERT INTO `district_info` VALUES (610802, '榆阳区', 6108, '2023-06-25 13:48:35', NULL, 0);
INSERT INTO `district_info` VALUES (610803, '横山区', 6108, '2023-06-25 13:48:35', NULL, 0);
INSERT INTO `district_info` VALUES (610822, '府谷县', 6108, '2023-06-25 13:48:35', NULL, 0);
INSERT INTO `district_info` VALUES (610824, '靖边县', 6108, '2023-06-25 13:48:35', NULL, 0);
INSERT INTO `district_info` VALUES (610825, '定边县', 6108, '2023-06-25 13:48:35', NULL, 0);
INSERT INTO `district_info` VALUES (610826, '绥德县', 6108, '2023-06-25 13:48:35', NULL, 0);
INSERT INTO `district_info` VALUES (610827, '米脂县', 6108, '2023-06-25 13:48:35', NULL, 0);
INSERT INTO `district_info` VALUES (610828, '佳县', 6108, '2023-06-25 13:48:35', NULL, 0);
INSERT INTO `district_info` VALUES (610829, '吴堡县', 6108, '2023-06-25 13:48:35', NULL, 0);
INSERT INTO `district_info` VALUES (610830, '清涧县', 6108, '2023-06-25 13:48:35', NULL, 0);
INSERT INTO `district_info` VALUES (610831, '子洲县', 6108, '2023-06-25 13:48:35', NULL, 0);
INSERT INTO `district_info` VALUES (610881, '神木市', 6108, '2023-06-25 13:48:35', NULL, 0);
INSERT INTO `district_info` VALUES (610902, '汉滨区', 6109, '2023-06-25 13:48:35', NULL, 0);
INSERT INTO `district_info` VALUES (610921, '汉阴县', 6109, '2023-06-25 13:48:35', NULL, 0);
INSERT INTO `district_info` VALUES (610922, '石泉县', 6109, '2023-06-25 13:48:35', NULL, 0);
INSERT INTO `district_info` VALUES (610923, '宁陕县', 6109, '2023-06-25 13:48:35', NULL, 0);
INSERT INTO `district_info` VALUES (610924, '紫阳县', 6109, '2023-06-25 13:48:35', NULL, 0);
INSERT INTO `district_info` VALUES (610925, '岚皋县', 6109, '2023-06-25 13:48:35', NULL, 0);
INSERT INTO `district_info` VALUES (610926, '平利县', 6109, '2023-06-25 13:48:35', NULL, 0);
INSERT INTO `district_info` VALUES (610927, '镇坪县', 6109, '2023-06-25 13:48:35', NULL, 0);
INSERT INTO `district_info` VALUES (610929, '白河县', 6109, '2023-06-25 13:48:35', NULL, 0);
INSERT INTO `district_info` VALUES (610981, '旬阳市', 6109, '2023-06-25 13:48:35', NULL, 0);
INSERT INTO `district_info` VALUES (611002, '商州区', 6110, '2023-06-25 13:48:35', NULL, 0);
INSERT INTO `district_info` VALUES (611021, '洛南县', 6110, '2023-06-25 13:48:35', NULL, 0);
INSERT INTO `district_info` VALUES (611022, '丹凤县', 6110, '2023-06-25 13:48:35', NULL, 0);
INSERT INTO `district_info` VALUES (611023, '商南县', 6110, '2023-06-25 13:48:35', NULL, 0);
INSERT INTO `district_info` VALUES (611024, '山阳县', 6110, '2023-06-25 13:48:35', NULL, 0);
INSERT INTO `district_info` VALUES (611025, '镇安县', 6110, '2023-06-25 13:48:35', NULL, 0);
INSERT INTO `district_info` VALUES (611026, '柞水县', 6110, '2023-06-25 13:48:35', NULL, 0);
INSERT INTO `district_info` VALUES (620102, '城关区', 6201, '2023-06-25 13:48:35', NULL, 0);
INSERT INTO `district_info` VALUES (620103, '七里河区', 6201, '2023-06-25 13:48:35', NULL, 0);
INSERT INTO `district_info` VALUES (620104, '西固区', 6201, '2023-06-25 13:48:35', NULL, 0);
INSERT INTO `district_info` VALUES (620105, '安宁区', 6201, '2023-06-25 13:48:35', NULL, 0);
INSERT INTO `district_info` VALUES (620111, '红古区', 6201, '2023-06-25 13:48:35', NULL, 0);
INSERT INTO `district_info` VALUES (620121, '永登县', 6201, '2023-06-25 13:48:35', NULL, 0);
INSERT INTO `district_info` VALUES (620122, '皋兰县', 6201, '2023-06-25 13:48:35', NULL, 0);
INSERT INTO `district_info` VALUES (620123, '榆中县', 6201, '2023-06-25 13:48:35', NULL, 0);
INSERT INTO `district_info` VALUES (620171, '兰州新区', 6201, '2023-06-25 13:48:35', NULL, 0);
INSERT INTO `district_info` VALUES (620201, '嘉峪关市', 6202, '2023-06-25 13:48:35', NULL, 0);
INSERT INTO `district_info` VALUES (620302, '金川区', 6203, '2023-06-25 13:48:35', NULL, 0);
INSERT INTO `district_info` VALUES (620321, '永昌县', 6203, '2023-06-25 13:48:35', NULL, 0);
INSERT INTO `district_info` VALUES (620402, '白银区', 6204, '2023-06-25 13:48:35', NULL, 0);
INSERT INTO `district_info` VALUES (620403, '平川区', 6204, '2023-06-25 13:48:35', NULL, 0);
INSERT INTO `district_info` VALUES (620421, '靖远县', 6204, '2023-06-25 13:48:35', NULL, 0);
INSERT INTO `district_info` VALUES (620422, '会宁县', 6204, '2023-06-25 13:48:35', NULL, 0);
INSERT INTO `district_info` VALUES (620423, '景泰县', 6204, '2023-06-25 13:48:35', NULL, 0);
INSERT INTO `district_info` VALUES (620502, '秦州区', 6205, '2023-06-25 13:48:35', NULL, 0);
INSERT INTO `district_info` VALUES (620503, '麦积区', 6205, '2023-06-25 13:48:35', NULL, 0);
INSERT INTO `district_info` VALUES (620521, '清水县', 6205, '2023-06-25 13:48:35', NULL, 0);
INSERT INTO `district_info` VALUES (620522, '秦安县', 6205, '2023-06-25 13:48:35', NULL, 0);
INSERT INTO `district_info` VALUES (620523, '甘谷县', 6205, '2023-06-25 13:48:35', NULL, 0);
INSERT INTO `district_info` VALUES (620524, '武山县', 6205, '2023-06-25 13:48:35', NULL, 0);
INSERT INTO `district_info` VALUES (620525, '张家川回族自治县', 6205, '2023-06-25 13:48:35', NULL, 0);
INSERT INTO `district_info` VALUES (620602, '凉州区', 6206, '2023-06-25 13:48:35', NULL, 0);
INSERT INTO `district_info` VALUES (620621, '民勤县', 6206, '2023-06-25 13:48:35', NULL, 0);
INSERT INTO `district_info` VALUES (620622, '古浪县', 6206, '2023-06-25 13:48:35', NULL, 0);
INSERT INTO `district_info` VALUES (620623, '天祝藏族自治县', 6206, '2023-06-25 13:48:35', NULL, 0);
INSERT INTO `district_info` VALUES (620702, '甘州区', 6207, '2023-06-25 13:48:35', NULL, 0);
INSERT INTO `district_info` VALUES (620721, '肃南裕固族自治县', 6207, '2023-06-25 13:48:35', NULL, 0);
INSERT INTO `district_info` VALUES (620722, '民乐县', 6207, '2023-06-25 13:48:35', NULL, 0);
INSERT INTO `district_info` VALUES (620723, '临泽县', 6207, '2023-06-25 13:48:35', NULL, 0);
INSERT INTO `district_info` VALUES (620724, '高台县', 6207, '2023-06-25 13:48:35', NULL, 0);
INSERT INTO `district_info` VALUES (620725, '山丹县', 6207, '2023-06-25 13:48:35', NULL, 0);
INSERT INTO `district_info` VALUES (620802, '崆峒区', 6208, '2023-06-25 13:48:35', NULL, 0);
INSERT INTO `district_info` VALUES (620821, '泾川县', 6208, '2023-06-25 13:48:35', NULL, 0);
INSERT INTO `district_info` VALUES (620822, '灵台县', 6208, '2023-06-25 13:48:35', NULL, 0);
INSERT INTO `district_info` VALUES (620823, '崇信县', 6208, '2023-06-25 13:48:35', NULL, 0);
INSERT INTO `district_info` VALUES (620825, '庄浪县', 6208, '2023-06-25 13:48:35', NULL, 0);
INSERT INTO `district_info` VALUES (620826, '静宁县', 6208, '2023-06-25 13:48:35', NULL, 0);
INSERT INTO `district_info` VALUES (620881, '华亭市', 6208, '2023-06-25 13:48:35', NULL, 0);
INSERT INTO `district_info` VALUES (620902, '肃州区', 6209, '2023-06-25 13:48:35', NULL, 0);
INSERT INTO `district_info` VALUES (620921, '金塔县', 6209, '2023-06-25 13:48:35', NULL, 0);
INSERT INTO `district_info` VALUES (620922, '瓜州县', 6209, '2023-06-25 13:48:35', NULL, 0);
INSERT INTO `district_info` VALUES (620923, '肃北蒙古族自治县', 6209, '2023-06-25 13:48:35', NULL, 0);
INSERT INTO `district_info` VALUES (620924, '阿克塞哈萨克族自治县', 6209, '2023-06-25 13:48:35', NULL, 0);
INSERT INTO `district_info` VALUES (620981, '玉门市', 6209, '2023-06-25 13:48:35', NULL, 0);
INSERT INTO `district_info` VALUES (620982, '敦煌市', 6209, '2023-06-25 13:48:35', NULL, 0);
INSERT INTO `district_info` VALUES (621002, '西峰区', 6210, '2023-06-25 13:48:35', NULL, 0);
INSERT INTO `district_info` VALUES (621021, '庆城县', 6210, '2023-06-25 13:48:35', NULL, 0);
INSERT INTO `district_info` VALUES (621022, '环县', 6210, '2023-06-25 13:48:35', NULL, 0);
INSERT INTO `district_info` VALUES (621023, '华池县', 6210, '2023-06-25 13:48:35', NULL, 0);
INSERT INTO `district_info` VALUES (621024, '合水县', 6210, '2023-06-25 13:48:35', NULL, 0);
INSERT INTO `district_info` VALUES (621025, '正宁县', 6210, '2023-06-25 13:48:35', NULL, 0);
INSERT INTO `district_info` VALUES (621026, '宁县', 6210, '2023-06-25 13:48:35', NULL, 0);
INSERT INTO `district_info` VALUES (621027, '镇原县', 6210, '2023-06-25 13:48:35', NULL, 0);
INSERT INTO `district_info` VALUES (621102, '安定区', 6211, '2023-06-25 13:48:35', NULL, 0);
INSERT INTO `district_info` VALUES (621121, '通渭县', 6211, '2023-06-25 13:48:35', NULL, 0);
INSERT INTO `district_info` VALUES (621122, '陇西县', 6211, '2023-06-25 13:48:35', NULL, 0);
INSERT INTO `district_info` VALUES (621123, '渭源县', 6211, '2023-06-25 13:48:35', NULL, 0);
INSERT INTO `district_info` VALUES (621124, '临洮县', 6211, '2023-06-25 13:48:35', NULL, 0);
INSERT INTO `district_info` VALUES (621125, '漳县', 6211, '2023-06-25 13:48:35', NULL, 0);
INSERT INTO `district_info` VALUES (621126, '岷县', 6211, '2023-06-25 13:48:35', NULL, 0);
INSERT INTO `district_info` VALUES (621202, '武都区', 6212, '2023-06-25 13:48:35', NULL, 0);
INSERT INTO `district_info` VALUES (621221, '成县', 6212, '2023-06-25 13:48:35', NULL, 0);
INSERT INTO `district_info` VALUES (621222, '文县', 6212, '2023-06-25 13:48:35', NULL, 0);
INSERT INTO `district_info` VALUES (621223, '宕昌县', 6212, '2023-06-25 13:48:35', NULL, 0);
INSERT INTO `district_info` VALUES (621224, '康县', 6212, '2023-06-25 13:48:35', NULL, 0);
INSERT INTO `district_info` VALUES (621225, '西和县', 6212, '2023-06-25 13:48:35', NULL, 0);
INSERT INTO `district_info` VALUES (621226, '礼县', 6212, '2023-06-25 13:48:35', NULL, 0);
INSERT INTO `district_info` VALUES (621227, '徽县', 6212, '2023-06-25 13:48:35', NULL, 0);
INSERT INTO `district_info` VALUES (621228, '两当县', 6212, '2023-06-25 13:48:35', NULL, 0);
INSERT INTO `district_info` VALUES (622901, '临夏市', 6229, '2023-06-25 13:48:35', NULL, 0);
INSERT INTO `district_info` VALUES (622921, '临夏县', 6229, '2023-06-25 13:48:35', NULL, 0);
INSERT INTO `district_info` VALUES (622922, '康乐县', 6229, '2023-06-25 13:48:35', NULL, 0);
INSERT INTO `district_info` VALUES (622923, '永靖县', 6229, '2023-06-25 13:48:35', NULL, 0);
INSERT INTO `district_info` VALUES (622924, '广河县', 6229, '2023-06-25 13:48:35', NULL, 0);
INSERT INTO `district_info` VALUES (622925, '和政县', 6229, '2023-06-25 13:48:35', NULL, 0);
INSERT INTO `district_info` VALUES (622926, '东乡族自治县', 6229, '2023-06-25 13:48:35', NULL, 0);
INSERT INTO `district_info` VALUES (622927, '积石山保安族东乡族撒拉族自治县', 6229, '2023-06-25 13:48:35', NULL, 0);
INSERT INTO `district_info` VALUES (623001, '合作市', 6230, '2023-06-25 13:48:35', NULL, 0);
INSERT INTO `district_info` VALUES (623021, '临潭县', 6230, '2023-06-25 13:48:35', NULL, 0);
INSERT INTO `district_info` VALUES (623022, '卓尼县', 6230, '2023-06-25 13:48:35', NULL, 0);
INSERT INTO `district_info` VALUES (623023, '舟曲县', 6230, '2023-06-25 13:48:35', NULL, 0);
INSERT INTO `district_info` VALUES (623024, '迭部县', 6230, '2023-06-25 13:48:35', NULL, 0);
INSERT INTO `district_info` VALUES (623025, '玛曲县', 6230, '2023-06-25 13:48:35', NULL, 0);
INSERT INTO `district_info` VALUES (623026, '碌曲县', 6230, '2023-06-25 13:48:35', NULL, 0);
INSERT INTO `district_info` VALUES (623027, '夏河县', 6230, '2023-06-25 13:48:35', NULL, 0);
INSERT INTO `district_info` VALUES (630102, '城东区', 6301, '2023-06-25 13:48:35', NULL, 0);
INSERT INTO `district_info` VALUES (630103, '城中区', 6301, '2023-06-25 13:48:35', NULL, 0);
INSERT INTO `district_info` VALUES (630104, '城西区', 6301, '2023-06-25 13:48:35', NULL, 0);
INSERT INTO `district_info` VALUES (630105, '城北区', 6301, '2023-06-25 13:48:35', NULL, 0);
INSERT INTO `district_info` VALUES (630106, '湟中区', 6301, '2023-06-25 13:48:35', NULL, 0);
INSERT INTO `district_info` VALUES (630121, '大通回族土族自治县', 6301, '2023-06-25 13:48:35', NULL, 0);
INSERT INTO `district_info` VALUES (630123, '湟源县', 6301, '2023-06-25 13:48:35', NULL, 0);
INSERT INTO `district_info` VALUES (630202, '乐都区', 6302, '2023-06-25 13:48:35', NULL, 0);
INSERT INTO `district_info` VALUES (630203, '平安区', 6302, '2023-06-25 13:48:35', NULL, 0);
INSERT INTO `district_info` VALUES (630222, '民和回族土族自治县', 6302, '2023-06-25 13:48:35', NULL, 0);
INSERT INTO `district_info` VALUES (630223, '互助土族自治县', 6302, '2023-06-25 13:48:35', NULL, 0);
INSERT INTO `district_info` VALUES (630224, '化隆回族自治县', 6302, '2023-06-25 13:48:35', NULL, 0);
INSERT INTO `district_info` VALUES (630225, '循化撒拉族自治县', 6302, '2023-06-25 13:48:35', NULL, 0);
INSERT INTO `district_info` VALUES (632221, '门源回族自治县', 6322, '2023-06-25 13:48:35', NULL, 0);
INSERT INTO `district_info` VALUES (632222, '祁连县', 6322, '2023-06-25 13:48:35', NULL, 0);
INSERT INTO `district_info` VALUES (632223, '海晏县', 6322, '2023-06-25 13:48:35', NULL, 0);
INSERT INTO `district_info` VALUES (632224, '刚察县', 6322, '2023-06-25 13:48:35', NULL, 0);
INSERT INTO `district_info` VALUES (632301, '同仁市', 6323, '2023-06-25 13:48:35', NULL, 0);
INSERT INTO `district_info` VALUES (632322, '尖扎县', 6323, '2023-06-25 13:48:35', NULL, 0);
INSERT INTO `district_info` VALUES (632323, '泽库县', 6323, '2023-06-25 13:48:35', NULL, 0);
INSERT INTO `district_info` VALUES (632324, '河南蒙古族自治县', 6323, '2023-06-25 13:48:35', NULL, 0);
INSERT INTO `district_info` VALUES (632521, '共和县', 6325, '2023-06-25 13:48:35', NULL, 0);
INSERT INTO `district_info` VALUES (632522, '同德县', 6325, '2023-06-25 13:48:35', NULL, 0);
INSERT INTO `district_info` VALUES (632523, '贵德县', 6325, '2023-06-25 13:48:35', NULL, 0);
INSERT INTO `district_info` VALUES (632524, '兴海县', 6325, '2023-06-25 13:48:35', NULL, 0);
INSERT INTO `district_info` VALUES (632525, '贵南县', 6325, '2023-06-25 13:48:35', NULL, 0);
INSERT INTO `district_info` VALUES (632621, '玛沁县', 6326, '2023-06-25 13:48:35', NULL, 0);
INSERT INTO `district_info` VALUES (632622, '班玛县', 6326, '2023-06-25 13:48:35', NULL, 0);
INSERT INTO `district_info` VALUES (632623, '甘德县', 6326, '2023-06-25 13:48:35', NULL, 0);
INSERT INTO `district_info` VALUES (632624, '达日县', 6326, '2023-06-25 13:48:35', NULL, 0);
INSERT INTO `district_info` VALUES (632625, '久治县', 6326, '2023-06-25 13:48:35', NULL, 0);
INSERT INTO `district_info` VALUES (632626, '玛多县', 6326, '2023-06-25 13:48:35', NULL, 0);
INSERT INTO `district_info` VALUES (632701, '玉树市', 6327, '2023-06-25 13:48:35', NULL, 0);
INSERT INTO `district_info` VALUES (632722, '杂多县', 6327, '2023-06-25 13:48:35', NULL, 0);
INSERT INTO `district_info` VALUES (632723, '称多县', 6327, '2023-06-25 13:48:35', NULL, 0);
INSERT INTO `district_info` VALUES (632724, '治多县', 6327, '2023-06-25 13:48:35', NULL, 0);
INSERT INTO `district_info` VALUES (632725, '囊谦县', 6327, '2023-06-25 13:48:35', NULL, 0);
INSERT INTO `district_info` VALUES (632726, '曲麻莱县', 6327, '2023-06-25 13:48:35', NULL, 0);
INSERT INTO `district_info` VALUES (632801, '格尔木市', 6328, '2023-06-25 13:48:35', NULL, 0);
INSERT INTO `district_info` VALUES (632802, '德令哈市', 6328, '2023-06-25 13:48:35', NULL, 0);
INSERT INTO `district_info` VALUES (632803, '茫崖市', 6328, '2023-06-25 13:48:35', NULL, 0);
INSERT INTO `district_info` VALUES (632821, '乌兰县', 6328, '2023-06-25 13:48:35', NULL, 0);
INSERT INTO `district_info` VALUES (632822, '都兰县', 6328, '2023-06-25 13:48:35', NULL, 0);
INSERT INTO `district_info` VALUES (632823, '天峻县', 6328, '2023-06-25 13:48:35', NULL, 0);
INSERT INTO `district_info` VALUES (632857, '大柴旦行政委员会', 6328, '2023-06-25 13:48:35', NULL, 0);
INSERT INTO `district_info` VALUES (640104, '兴庆区', 6401, '2023-06-25 13:48:35', NULL, 0);
INSERT INTO `district_info` VALUES (640105, '西夏区', 6401, '2023-06-25 13:48:35', NULL, 0);
INSERT INTO `district_info` VALUES (640106, '金凤区', 6401, '2023-06-25 13:48:35', NULL, 0);
INSERT INTO `district_info` VALUES (640121, '永宁县', 6401, '2023-06-25 13:48:35', NULL, 0);
INSERT INTO `district_info` VALUES (640122, '贺兰县', 6401, '2023-06-25 13:48:35', NULL, 0);
INSERT INTO `district_info` VALUES (640181, '灵武市', 6401, '2023-06-25 13:48:35', NULL, 0);
INSERT INTO `district_info` VALUES (640202, '大武口区', 6402, '2023-06-25 13:48:35', NULL, 0);
INSERT INTO `district_info` VALUES (640205, '惠农区', 6402, '2023-06-25 13:48:35', NULL, 0);
INSERT INTO `district_info` VALUES (640221, '平罗县', 6402, '2023-06-25 13:48:35', NULL, 0);
INSERT INTO `district_info` VALUES (640302, '利通区', 6403, '2023-06-25 13:48:35', NULL, 0);
INSERT INTO `district_info` VALUES (640303, '红寺堡区', 6403, '2023-06-25 13:48:35', NULL, 0);
INSERT INTO `district_info` VALUES (640323, '盐池县', 6403, '2023-06-25 13:48:35', NULL, 0);
INSERT INTO `district_info` VALUES (640324, '同心县', 6403, '2023-06-25 13:48:35', NULL, 0);
INSERT INTO `district_info` VALUES (640381, '青铜峡市', 6403, '2023-06-25 13:48:35', NULL, 0);
INSERT INTO `district_info` VALUES (640402, '原州区', 6404, '2023-06-25 13:48:35', NULL, 0);
INSERT INTO `district_info` VALUES (640422, '西吉县', 6404, '2023-06-25 13:48:35', NULL, 0);
INSERT INTO `district_info` VALUES (640423, '隆德县', 6404, '2023-06-25 13:48:35', NULL, 0);
INSERT INTO `district_info` VALUES (640424, '泾源县', 6404, '2023-06-25 13:48:35', NULL, 0);
INSERT INTO `district_info` VALUES (640425, '彭阳县', 6404, '2023-06-25 13:48:35', NULL, 0);
INSERT INTO `district_info` VALUES (640502, '沙坡头区', 6405, '2023-06-25 13:48:35', NULL, 0);
INSERT INTO `district_info` VALUES (640521, '中宁县', 6405, '2023-06-25 13:48:35', NULL, 0);
INSERT INTO `district_info` VALUES (640522, '海原县', 6405, '2023-06-25 13:48:35', NULL, 0);
INSERT INTO `district_info` VALUES (650102, '天山区', 6501, '2023-06-25 13:48:35', NULL, 0);
INSERT INTO `district_info` VALUES (650103, '沙依巴克区', 6501, '2023-06-25 13:48:35', NULL, 0);
INSERT INTO `district_info` VALUES (650104, '新市区', 6501, '2023-06-25 13:48:35', NULL, 0);
INSERT INTO `district_info` VALUES (650105, '水磨沟区', 6501, '2023-06-25 13:48:35', NULL, 0);
INSERT INTO `district_info` VALUES (650106, '头屯河区', 6501, '2023-06-25 13:48:35', NULL, 0);
INSERT INTO `district_info` VALUES (650107, '达坂城区', 6501, '2023-06-25 13:48:35', NULL, 0);
INSERT INTO `district_info` VALUES (650109, '米东区', 6501, '2023-06-25 13:48:35', NULL, 0);
INSERT INTO `district_info` VALUES (650121, '乌鲁木齐县', 6501, '2023-06-25 13:48:35', NULL, 0);
INSERT INTO `district_info` VALUES (650202, '独山子区', 6502, '2023-06-25 13:48:35', NULL, 0);
INSERT INTO `district_info` VALUES (650203, '克拉玛依区', 6502, '2023-06-25 13:48:35', NULL, 0);
INSERT INTO `district_info` VALUES (650204, '白碱滩区', 6502, '2023-06-25 13:48:35', NULL, 0);
INSERT INTO `district_info` VALUES (650205, '乌尔禾区', 6502, '2023-06-25 13:48:35', NULL, 0);
INSERT INTO `district_info` VALUES (650402, '高昌区', 6504, '2023-06-25 13:48:35', NULL, 0);
INSERT INTO `district_info` VALUES (650421, '鄯善县', 6504, '2023-06-25 13:48:35', NULL, 0);
INSERT INTO `district_info` VALUES (650422, '托克逊县', 6504, '2023-06-25 13:48:35', NULL, 0);
INSERT INTO `district_info` VALUES (650502, '伊州区', 6505, '2023-06-25 13:48:35', NULL, 0);
INSERT INTO `district_info` VALUES (650521, '巴里坤哈萨克自治县', 6505, '2023-06-25 13:48:35', NULL, 0);
INSERT INTO `district_info` VALUES (650522, '伊吾县', 6505, '2023-06-25 13:48:35', NULL, 0);
INSERT INTO `district_info` VALUES (652301, '昌吉市', 6523, '2023-06-25 13:48:35', NULL, 0);
INSERT INTO `district_info` VALUES (652302, '阜康市', 6523, '2023-06-25 13:48:35', NULL, 0);
INSERT INTO `district_info` VALUES (652323, '呼图壁县', 6523, '2023-06-25 13:48:35', NULL, 0);
INSERT INTO `district_info` VALUES (652324, '玛纳斯县', 6523, '2023-06-25 13:48:35', NULL, 0);
INSERT INTO `district_info` VALUES (652325, '奇台县', 6523, '2023-06-25 13:48:35', NULL, 0);
INSERT INTO `district_info` VALUES (652327, '吉木萨尔县', 6523, '2023-06-25 13:48:35', NULL, 0);
INSERT INTO `district_info` VALUES (652328, '木垒哈萨克自治县', 6523, '2023-06-25 13:48:35', NULL, 0);
INSERT INTO `district_info` VALUES (652701, '博乐市', 6527, '2023-06-25 13:48:35', NULL, 0);
INSERT INTO `district_info` VALUES (652702, '阿拉山口市', 6527, '2023-06-25 13:48:35', NULL, 0);
INSERT INTO `district_info` VALUES (652722, '精河县', 6527, '2023-06-25 13:48:35', NULL, 0);
INSERT INTO `district_info` VALUES (652723, '温泉县', 6527, '2023-06-25 13:48:35', NULL, 0);
INSERT INTO `district_info` VALUES (652801, '库尔勒市', 6528, '2023-06-25 13:48:35', NULL, 0);
INSERT INTO `district_info` VALUES (652822, '轮台县', 6528, '2023-06-25 13:48:35', NULL, 0);
INSERT INTO `district_info` VALUES (652823, '尉犁县', 6528, '2023-06-25 13:48:35', NULL, 0);
INSERT INTO `district_info` VALUES (652824, '若羌县', 6528, '2023-06-25 13:48:35', NULL, 0);
INSERT INTO `district_info` VALUES (652825, '且末县', 6528, '2023-06-25 13:48:35', NULL, 0);
INSERT INTO `district_info` VALUES (652826, '焉耆回族自治县', 6528, '2023-06-25 13:48:35', NULL, 0);
INSERT INTO `district_info` VALUES (652827, '和静县', 6528, '2023-06-25 13:48:35', NULL, 0);
INSERT INTO `district_info` VALUES (652828, '和硕县', 6528, '2023-06-25 13:48:35', NULL, 0);
INSERT INTO `district_info` VALUES (652829, '博湖县', 6528, '2023-06-25 13:48:35', NULL, 0);
INSERT INTO `district_info` VALUES (652871, '库尔勒经济技术开发区', 6528, '2023-06-25 13:48:35', NULL, 0);
INSERT INTO `district_info` VALUES (652901, '阿克苏市', 6529, '2023-06-25 13:48:35', NULL, 0);
INSERT INTO `district_info` VALUES (652902, '库车市', 6529, '2023-06-25 13:48:35', NULL, 0);
INSERT INTO `district_info` VALUES (652922, '温宿县', 6529, '2023-06-25 13:48:35', NULL, 0);
INSERT INTO `district_info` VALUES (652924, '沙雅县', 6529, '2023-06-25 13:48:35', NULL, 0);
INSERT INTO `district_info` VALUES (652925, '新和县', 6529, '2023-06-25 13:48:35', NULL, 0);
INSERT INTO `district_info` VALUES (652926, '拜城县', 6529, '2023-06-25 13:48:35', NULL, 0);
INSERT INTO `district_info` VALUES (652927, '乌什县', 6529, '2023-06-25 13:48:35', NULL, 0);
INSERT INTO `district_info` VALUES (652928, '阿瓦提县', 6529, '2023-06-25 13:48:35', NULL, 0);
INSERT INTO `district_info` VALUES (652929, '柯坪县', 6529, '2023-06-25 13:48:35', NULL, 0);
INSERT INTO `district_info` VALUES (653001, '阿图什市', 6530, '2023-06-25 13:48:35', NULL, 0);
INSERT INTO `district_info` VALUES (653022, '阿克陶县', 6530, '2023-06-25 13:48:35', NULL, 0);
INSERT INTO `district_info` VALUES (653023, '阿合奇县', 6530, '2023-06-25 13:48:35', NULL, 0);
INSERT INTO `district_info` VALUES (653024, '乌恰县', 6530, '2023-06-25 13:48:35', NULL, 0);
INSERT INTO `district_info` VALUES (653101, '喀什市', 6531, '2023-06-25 13:48:35', NULL, 0);
INSERT INTO `district_info` VALUES (653121, '疏附县', 6531, '2023-06-25 13:48:35', NULL, 0);
INSERT INTO `district_info` VALUES (653122, '疏勒县', 6531, '2023-06-25 13:48:35', NULL, 0);
INSERT INTO `district_info` VALUES (653123, '英吉沙县', 6531, '2023-06-25 13:48:35', NULL, 0);
INSERT INTO `district_info` VALUES (653124, '泽普县', 6531, '2023-06-25 13:48:35', NULL, 0);
INSERT INTO `district_info` VALUES (653125, '莎车县', 6531, '2023-06-25 13:48:35', NULL, 0);
INSERT INTO `district_info` VALUES (653126, '叶城县', 6531, '2023-06-25 13:48:35', NULL, 0);
INSERT INTO `district_info` VALUES (653127, '麦盖提县', 6531, '2023-06-25 13:48:35', NULL, 0);
INSERT INTO `district_info` VALUES (653128, '岳普湖县', 6531, '2023-06-25 13:48:35', NULL, 0);
INSERT INTO `district_info` VALUES (653129, '伽师县', 6531, '2023-06-25 13:48:35', NULL, 0);
INSERT INTO `district_info` VALUES (653130, '巴楚县', 6531, '2023-06-25 13:48:35', NULL, 0);
INSERT INTO `district_info` VALUES (653131, '塔什库尔干塔吉克自治县', 6531, '2023-06-25 13:48:35', NULL, 0);
INSERT INTO `district_info` VALUES (653201, '和田市', 6532, '2023-06-25 13:48:35', NULL, 0);
INSERT INTO `district_info` VALUES (653221, '和田县', 6532, '2023-06-25 13:48:35', NULL, 0);
INSERT INTO `district_info` VALUES (653222, '墨玉县', 6532, '2023-06-25 13:48:35', NULL, 0);
INSERT INTO `district_info` VALUES (653223, '皮山县', 6532, '2023-06-25 13:48:35', NULL, 0);
INSERT INTO `district_info` VALUES (653224, '洛浦县', 6532, '2023-06-25 13:48:35', NULL, 0);
INSERT INTO `district_info` VALUES (653225, '策勒县', 6532, '2023-06-25 13:48:35', NULL, 0);
INSERT INTO `district_info` VALUES (653226, '于田县', 6532, '2023-06-25 13:48:35', NULL, 0);
INSERT INTO `district_info` VALUES (653227, '民丰县', 6532, '2023-06-25 13:48:35', NULL, 0);
INSERT INTO `district_info` VALUES (654002, '伊宁市', 6540, '2023-06-25 13:48:35', NULL, 0);
INSERT INTO `district_info` VALUES (654003, '奎屯市', 6540, '2023-06-25 13:48:35', NULL, 0);
INSERT INTO `district_info` VALUES (654004, '霍尔果斯市', 6540, '2023-06-25 13:48:35', NULL, 0);
INSERT INTO `district_info` VALUES (654021, '伊宁县', 6540, '2023-06-25 13:48:35', NULL, 0);
INSERT INTO `district_info` VALUES (654022, '察布查尔锡伯自治县', 6540, '2023-06-25 13:48:35', NULL, 0);
INSERT INTO `district_info` VALUES (654023, '霍城县', 6540, '2023-06-25 13:48:35', NULL, 0);
INSERT INTO `district_info` VALUES (654024, '巩留县', 6540, '2023-06-25 13:48:35', NULL, 0);
INSERT INTO `district_info` VALUES (654025, '新源县', 6540, '2023-06-25 13:48:35', NULL, 0);
INSERT INTO `district_info` VALUES (654026, '昭苏县', 6540, '2023-06-25 13:48:35', NULL, 0);
INSERT INTO `district_info` VALUES (654027, '特克斯县', 6540, '2023-06-25 13:48:35', NULL, 0);
INSERT INTO `district_info` VALUES (654028, '尼勒克县', 6540, '2023-06-25 13:48:35', NULL, 0);
INSERT INTO `district_info` VALUES (654201, '塔城市', 6542, '2023-06-25 13:48:35', NULL, 0);
INSERT INTO `district_info` VALUES (654202, '乌苏市', 6542, '2023-06-25 13:48:35', NULL, 0);
INSERT INTO `district_info` VALUES (654203, '沙湾市', 6542, '2023-06-25 13:48:35', NULL, 0);
INSERT INTO `district_info` VALUES (654221, '额敏县', 6542, '2023-06-25 13:48:35', NULL, 0);
INSERT INTO `district_info` VALUES (654224, '托里县', 6542, '2023-06-25 13:48:35', NULL, 0);
INSERT INTO `district_info` VALUES (654225, '裕民县', 6542, '2023-06-25 13:48:35', NULL, 0);
INSERT INTO `district_info` VALUES (654226, '和布克赛尔蒙古自治县', 6542, '2023-06-25 13:48:35', NULL, 0);
INSERT INTO `district_info` VALUES (654301, '阿勒泰市', 6543, '2023-06-25 13:48:35', NULL, 0);
INSERT INTO `district_info` VALUES (654321, '布尔津县', 6543, '2023-06-25 13:48:35', NULL, 0);
INSERT INTO `district_info` VALUES (654322, '富蕴县', 6543, '2023-06-25 13:48:35', NULL, 0);
INSERT INTO `district_info` VALUES (654323, '福海县', 6543, '2023-06-25 13:48:35', NULL, 0);
INSERT INTO `district_info` VALUES (654324, '哈巴河县', 6543, '2023-06-25 13:48:35', NULL, 0);
INSERT INTO `district_info` VALUES (654325, '青河县', 6543, '2023-06-25 13:48:35', NULL, 0);
INSERT INTO `district_info` VALUES (654326, '吉木乃县', 6543, '2023-06-25 13:48:35', NULL, 0);
INSERT INTO `district_info` VALUES (659001, '石河子市', 6590, '2023-06-25 13:48:35', NULL, 0);
INSERT INTO `district_info` VALUES (659002, '阿拉尔市', 6590, '2023-06-25 13:48:35', NULL, 0);
INSERT INTO `district_info` VALUES (659003, '图木舒克市', 6590, '2023-06-25 13:48:35', NULL, 0);
INSERT INTO `district_info` VALUES (659004, '五家渠市', 6590, '2023-06-25 13:48:35', NULL, 0);
INSERT INTO `district_info` VALUES (659005, '北屯市', 6590, '2023-06-25 13:48:35', NULL, 0);
INSERT INTO `district_info` VALUES (659006, '铁门关市', 6590, '2023-06-25 13:48:35', NULL, 0);
INSERT INTO `district_info` VALUES (659007, '双河市', 6590, '2023-06-25 13:48:35', NULL, 0);
INSERT INTO `district_info` VALUES (659008, '可克达拉市', 6590, '2023-06-25 13:48:35', NULL, 0);
INSERT INTO `district_info` VALUES (659009, '昆玉市', 6590, '2023-06-25 13:48:35', NULL, 0);
INSERT INTO `district_info` VALUES (659010, '胡杨河市', 6590, '2023-06-25 13:48:35', NULL, 0);
INSERT INTO `district_info` VALUES (659011, '新星市', 6590, '2023-06-25 13:48:35', NULL, 0);

-- ----------------------------
-- Table structure for facility_info
-- ----------------------------
DROP TABLE IF EXISTS `facility_info`;
CREATE TABLE `facility_info`  (
  `id` bigint(20) NOT NULL AUTO_INCREMENT COMMENT '自增逐渐',
  `type` tinyint(4) NULL DEFAULT NULL COMMENT '类型（1:公寓图片,2:房间图片）',
  `name` varchar(16) CHARACTER SET utf8mb4 COLLATE utf8mb4_general_ci NULL DEFAULT NULL COMMENT '名称',
  `icon` varchar(64) CHARACTER SET utf8mb4 COLLATE utf8mb4_general_ci NULL DEFAULT NULL,
  `create_time` timestamp NULL DEFAULT NULL COMMENT '创建时间',
  `update_time` timestamp NULL DEFAULT NULL COMMENT '更新时间',
  `is_deleted` tinyint(4) NULL DEFAULT 0 COMMENT '是否删除',
  PRIMARY KEY (`id`) USING BTREE
) ENGINE = InnoDB AUTO_INCREMENT = 59 CHARACTER SET = utf8mb4 COLLATE = utf8mb4_general_ci COMMENT = '配套信息表' ROW_FORMAT = Dynamic;

-- ----------------------------
-- Records of facility_info
-- ----------------------------
INSERT INTO `facility_info` VALUES (24, 1, '健身房', '健身房', '2023-06-17 06:21:24', '2023-07-15 09:01:38', 0);
INSERT INTO `facility_info` VALUES (25, 1, '停车位', '停车场', '2023-06-17 06:21:42', '2023-07-18 11:22:21', 0);
INSERT INTO `facility_info` VALUES (26, 1, '电梯', '电梯', '2023-06-17 06:21:47', '2023-07-18 11:22:33', 0);
INSERT INTO `facility_info` VALUES (27, 1, '咖啡室', NULL, '2023-06-17 06:21:56', '2023-06-21 10:01:01', 1);
INSERT INTO `facility_info` VALUES (28, 2, '空调', '空调', '2023-06-17 06:22:06', '2023-07-18 11:22:44', 0);
INSERT INTO `facility_info` VALUES (29, 2, '洗衣机', '洗衣机', '2023-06-17 06:22:11', '2023-07-18 11:22:51', 0);
INSERT INTO `facility_info` VALUES (30, 2, '冰箱', '冰箱', '2023-06-17 06:22:15', '2023-07-18 11:23:01', 0);
INSERT INTO `facility_info` VALUES (38, 2, '床', NULL, '2023-06-19 06:11:22', '2023-06-19 14:15:03', 1);
INSERT INTO `facility_info` VALUES (39, 1, '213', '24H安保', '2023-07-18 14:12:24', '2023-07-18 14:12:29', 1);
INSERT INTO `facility_info` VALUES (40, 1, '台球', '桌球区', '2023-07-22 11:52:46', NULL, 0);
INSERT INTO `facility_info` VALUES (41, 1, '安保', '24H安保', '2023-08-01 09:01:31', NULL, 0);
INSERT INTO `facility_info` VALUES (42, 1, '团建', '社区活动', '2023-08-10 18:39:41', '2026-03-08 16:28:18', 1);
INSERT INTO `facility_info` VALUES (43, 1, '书吧', '书吧', '2023-08-10 18:40:18', NULL, 0);
INSERT INTO `facility_info` VALUES (44, 1, '休息室', '休息室', '2023-08-10 18:40:30', NULL, 0);
INSERT INTO `facility_info` VALUES (45, 1, '便利店', '便利店', '2023-08-10 18:40:41', NULL, 0);
INSERT INTO `facility_info` VALUES (46, 1, '休闲区', '休闲区', '2023-08-10 18:40:51', NULL, 0);
INSERT INTO `facility_info` VALUES (47, 1, '监控', '安全监控', '2023-08-10 18:41:05', NULL, 0);
INSERT INTO `facility_info` VALUES (48, 2, '书桌', '书桌', '2023-08-10 18:41:27', NULL, 0);
INSERT INTO `facility_info` VALUES (49, 2, 'WIFI', '宽带', '2023-08-10 18:42:24', NULL, 0);
INSERT INTO `facility_info` VALUES (50, 2, '床', '床', '2023-08-10 18:42:37', NULL, 0);
INSERT INTO `facility_info` VALUES (51, 2, '沙发', '沙发', '2023-08-10 18:42:47', NULL, 0);
INSERT INTO `facility_info` VALUES (52, 2, '微波炉', '微波炉', '2023-08-10 18:43:02', NULL, 0);
INSERT INTO `facility_info` VALUES (53, 2, '油烟机', '抽油烟机', '2023-08-10 18:43:23', NULL, 0);
INSERT INTO `facility_info` VALUES (54, 2, '热水器', '热水器', '2023-08-10 18:43:49', NULL, 0);
INSERT INTO `facility_info` VALUES (55, 2, '衣柜', '衣柜', '2023-08-10 18:44:07', NULL, 0);
INSERT INTO `facility_info` VALUES (56, 2, '电视机', '电视机', '2023-08-10 18:44:23', NULL, 0);
INSERT INTO `facility_info` VALUES (57, 1, '智能锁', '智能门锁', '2023-08-10 18:44:49', NULL, 0);
INSERT INTO `facility_info` VALUES (58, 1, '团建', '社区活动', '2026-03-08 16:28:57', NULL, 0);

-- ----------------------------
-- Table structure for fee_key
-- ----------------------------
DROP TABLE IF EXISTS `fee_key`;
CREATE TABLE `fee_key`  (
  `id` bigint(20) NOT NULL AUTO_INCREMENT,
  `name` varchar(16) CHARACTER SET utf8mb4 COLLATE utf8mb4_general_ci NULL DEFAULT NULL COMMENT '付款项key',
  `create_time` timestamp NULL DEFAULT NULL COMMENT '创建时间',
  `update_time` timestamp NULL DEFAULT NULL COMMENT '更新时间',
  `is_deleted` tinyint(4) NULL DEFAULT 0 COMMENT '是否删除',
  PRIMARY KEY (`id`) USING BTREE
) ENGINE = InnoDB AUTO_INCREMENT = 9 CHARACTER SET = utf8mb4 COLLATE = utf8mb4_general_ci COMMENT = '杂项费用名称表' ROW_FORMAT = Dynamic;

-- ----------------------------
-- Records of fee_key
-- ----------------------------
INSERT INTO `fee_key` VALUES (1, '停车费', '2023-06-19 03:03:55', NULL, 0);
INSERT INTO `fee_key` VALUES (2, '网费', '2023-06-19 03:06:49', NULL, 0);
INSERT INTO `fee_key` VALUES (3, '能源费', '2023-06-21 10:03:36', '2023-06-21 10:07:59', 1);
INSERT INTO `fee_key` VALUES (4, '能源费', '2023-06-21 10:05:19', '2023-06-21 10:08:37', 1);
INSERT INTO `fee_key` VALUES (5, '取暖费', '2023-07-18 15:55:13', '2023-07-18 16:32:17', 1);
INSERT INTO `fee_key` VALUES (6, '电费', '2023-08-10 18:45:12', '2023-08-10 18:49:16', 0);
INSERT INTO `fee_key` VALUES (7, '水费', '2023-08-10 18:50:00', '2023-08-10 18:50:17', 0);
INSERT INTO `fee_key` VALUES (8, '取暖费', '2023-08-10 18:51:08', NULL, 0);

-- ----------------------------
-- Table structure for fee_value
-- ----------------------------
DROP TABLE IF EXISTS `fee_value`;
CREATE TABLE `fee_value`  (
  `id` bigint(20) NOT NULL AUTO_INCREMENT,
  `name` varchar(255) CHARACTER SET utf8mb4 COLLATE utf8mb4_general_ci NULL DEFAULT NULL COMMENT '费用value',
  `unit` varchar(255) CHARACTER SET utf8mb4 COLLATE utf8mb4_general_ci NULL DEFAULT NULL COMMENT '收费单位',
  `fee_key_id` bigint(20) NULL DEFAULT NULL COMMENT '费用所对的fee_key',
  `create_time` timestamp NULL DEFAULT NULL COMMENT '创建时间',
  `update_time` timestamp NULL DEFAULT NULL COMMENT '更新时间',
  `is_deleted` tinyint(4) NULL DEFAULT 0 COMMENT '是否删除',
  PRIMARY KEY (`id`) USING BTREE
) ENGINE = InnoDB AUTO_INCREMENT = 23 CHARACTER SET = utf8mb4 COLLATE = utf8mb4_general_ci COMMENT = '杂项费用值表' ROW_FORMAT = Dynamic;

-- ----------------------------
-- Records of fee_value
-- ----------------------------
INSERT INTO `fee_value` VALUES (1, '200', '元/月', 1, '2023-06-19 03:04:35', NULL, 0);
INSERT INTO `fee_value` VALUES (2, '300', '元/月', 1, '2023-06-19 03:04:40', NULL, 0);
INSERT INTO `fee_value` VALUES (3, '400', '元/月', 1, '2023-06-19 03:04:44', NULL, 0);
INSERT INTO `fee_value` VALUES (4, '50', '元/月', 2, '2023-06-19 03:07:00', NULL, 0);
INSERT INTO `fee_value` VALUES (5, '60', '元/月', 2, '2023-06-19 03:07:07', NULL, 0);
INSERT INTO `fee_value` VALUES (6, '1000', '元/年', 2, '2023-06-19 03:07:20', NULL, 0);
INSERT INTO `fee_value` VALUES (7, '500', '元/年', 2, '2023-06-19 03:07:27', NULL, 0);
INSERT INTO `fee_value` VALUES (8, '100', '元/月', 4, '2023-06-21 10:04:53', '2023-06-21 10:08:22', 1);
INSERT INTO `fee_value` VALUES (9, '200', '元/月', 4, '2023-06-21 10:04:55', NULL, 1);
INSERT INTO `fee_value` VALUES (10, '400', '元/月', 4, '2023-06-21 10:05:00', NULL, 1);
INSERT INTO `fee_value` VALUES (11, '1500', '元/年', 5, '2023-07-18 15:55:37', '2023-07-18 15:56:03', 1);
INSERT INTO `fee_value` VALUES (12, '2000', '元/年', 5, '2023-07-18 15:55:53', NULL, 1);
INSERT INTO `fee_value` VALUES (13, '1.5', '元/度', 6, '2023-08-10 18:49:01', '2023-08-10 18:49:25', 0);
INSERT INTO `fee_value` VALUES (14, '1', '元/度', 6, '2023-08-10 18:49:34', NULL, 0);
INSERT INTO `fee_value` VALUES (15, '0.5', '元/度', 6, '2023-08-10 18:49:43', NULL, 0);
INSERT INTO `fee_value` VALUES (16, '10', '元/吨', 7, '2023-08-10 18:50:35', NULL, 0);
INSERT INTO `fee_value` VALUES (17, '9', '元/吨', 7, '2023-08-10 18:50:41', NULL, 0);
INSERT INTO `fee_value` VALUES (18, '8', '元/吨', 7, '2023-08-10 18:50:47', NULL, 0);
INSERT INTO `fee_value` VALUES (19, '7', '元/吨', 7, '2023-08-10 18:50:53', NULL, 0);
INSERT INTO `fee_value` VALUES (20, '1000', '元/年', 8, '2023-08-10 18:51:23', NULL, 0);
INSERT INTO `fee_value` VALUES (21, '1200', '元/年', 8, '2023-08-10 18:51:38', NULL, 0);
INSERT INTO `fee_value` VALUES (22, '1500', '元/年', 8, '2023-08-10 18:51:46', NULL, 0);

-- ----------------------------
-- Table structure for graph_info
-- ----------------------------
DROP TABLE IF EXISTS `graph_info`;
CREATE TABLE `graph_info`  (
  `id` bigint(20) NOT NULL AUTO_INCREMENT COMMENT '图片id',
  `name` varchar(128) CHARACTER SET utf8mb4 COLLATE utf8mb4_general_ci NULL DEFAULT NULL COMMENT '图片名称',
  `item_type` tinyint(4) NULL DEFAULT NULL COMMENT '图片所属对象类型（1:apartment,2:room）',
  `item_id` bigint(20) NULL DEFAULT NULL COMMENT '图片所有对象id',
  `url` varchar(255) CHARACTER SET utf8mb4 COLLATE utf8mb4_general_ci NULL DEFAULT NULL COMMENT '图片地址',
  `create_time` timestamp NULL DEFAULT NULL COMMENT '创建时间',
  `update_time` timestamp NULL DEFAULT NULL COMMENT '更新时间',
  `is_deleted` tinyint(4) NULL DEFAULT 0 COMMENT '是否删除',
  PRIMARY KEY (`id`) USING BTREE
) ENGINE = InnoDB AUTO_INCREMENT = 3943 CHARACTER SET = utf8mb4 COLLATE = utf8mb4_general_ci COMMENT = '图片信息表' ROW_FORMAT = Dynamic;

-- ----------------------------
-- Records of graph_info
-- ----------------------------
INSERT INTO `graph_info` VALUES (130, '公寓-健身房.jpg', 1, 9, 'http://113.141.166.99:9000/lease/20230819/a9ecf8fb-67f0-47d1-98b9-84e85ea7dc7a-公寓-健身房.jpg', '2023-08-19 15:44:26', NULL, 1);
INSERT INTO `graph_info` VALUES (131, '公寓-停车位.jpg', 1, 9, 'http://113.141.166.99:9000/lease/20230819/9c3a885d-97e3-41f4-b93b-ce5260d034a5-公寓-停车位.jpg', '2023-08-19 15:44:26', NULL, 1);
INSERT INTO `graph_info` VALUES (132, '公寓-外观.jpg', 1, 9, 'http://113.141.166.99:9000/lease/20230819/a402a3b1-a4f0-4676-aafc-c4d449dc78ce-公寓-外观.jpg', '2023-08-19 15:44:26', NULL, 1);
INSERT INTO `graph_info` VALUES (133, '公寓-外观.jpg', 1, 10, 'http://113.141.166.99:9000/lease/20230819/bce4feb8-142c-42c4-84c6-9196daf02fee-公寓-外观.jpg', '2023-08-19 15:44:50', '2026-03-15 15:53:30', 1);
INSERT INTO `graph_info` VALUES (134, '公寓-停车位.jpg', 1, 10, 'http://113.141.166.99:9000/lease/20230819/b723c7ac-a330-4c55-9168-9acfcfcfaad8-公寓-停车位.jpg', '2023-08-19 15:44:50', '2026-03-15 15:53:30', 1);
INSERT INTO `graph_info` VALUES (135, '公寓-健身房.jpg', 1, 10, 'http://113.141.166.99:9000/lease/20230819/d7756118-e3ba-4b3e-8c6f-55ab9d0f5d6f-公寓-健身房.jpg', '2023-08-19 15:44:50', '2026-03-15 15:53:30', 1);
INSERT INTO `graph_info` VALUES (136, '房间-厨房-1.jpg', 2, 2, 'http://113.141.166.99:9000/lease/20230819/2d845f3b-be98-4646-ad1d-f81b39803ca1-房间-厨房-1.jpg', '2023-08-19 15:46:10', '2026-03-15 15:53:30', 1);
INSERT INTO `graph_info` VALUES (137, '房间-客厅-1.jpg', 2, 2, 'http://113.141.166.99:9000/lease/20230819/5b55b8bc-e57e-428d-a0af-9d3b35e6d798-房间-客厅-1.jpg', '2023-08-19 15:46:10', '2026-03-15 15:53:30', 1);
INSERT INTO `graph_info` VALUES (138, '房间-卧室-1.jpg', 2, 2, 'http://113.141.166.99:9000/lease/20230819/f980a869-486f-4c00-94af-b6985eacd74e-房间-卧室-1.jpg', '2023-08-19 15:46:10', '2026-03-15 15:53:30', 1);
INSERT INTO `graph_info` VALUES (139, '房间-厨房-2.jpg', 2, 3, 'http://113.141.166.99:9000/lease/20230819/bfaedac4-1c4b-4144-88e4-d72bd77f62f1-房间-厨房-2.jpg', '2023-08-19 15:46:32', '2026-03-15 15:53:30', 1);
INSERT INTO `graph_info` VALUES (140, '房间-卧室-1.jpg', 2, 3, 'http://113.141.166.99:9000/lease/20230819/cd72ceef-a78e-492f-808e-a8928b62e55d-房间-卧室-1.jpg', '2023-08-19 15:46:32', '2026-03-15 15:53:30', 1);
INSERT INTO `graph_info` VALUES (141, '房间-卧室-2.jpg', 2, 3, 'http://113.141.166.99:9000/lease/20230819/5c8c2655-fb8f-4c9d-ada1-834a4870e7a9-房间-卧室-2.jpg', '2023-08-19 15:46:32', '2026-03-15 15:53:30', 1);
INSERT INTO `graph_info` VALUES (142, '房间-厨房-1.jpg', 2, 8, 'http://113.141.166.99:9000/lease/20230819/3d1e74bb-6753-4eb7-8dd7-4162cf8a8238-房间-厨房-1.jpg', '2023-08-19 15:46:49', '2026-03-15 15:53:30', 1);
INSERT INTO `graph_info` VALUES (143, '房间-客厅-2.jpg', 2, 8, 'http://113.141.166.99:9000/lease/20230819/a685444d-3271-42b4-8890-9256feb03006-房间-客厅-2.jpg', '2023-08-19 15:46:49', '2026-03-15 15:53:30', 1);
INSERT INTO `graph_info` VALUES (144, '房间-卧室-2.jpg', 2, 8, 'http://113.141.166.99:9000/lease/20230819/b64824f6-b829-40ff-85bb-1db7f49aa976-房间-卧室-2.jpg', '2023-08-19 15:46:49', '2026-03-15 15:53:30', 1);
INSERT INTO `graph_info` VALUES (145, '房间-厨房-2.jpg', 2, 9, 'http://113.141.166.99:9000/lease/20230819/a294ceab-ecaf-4275-845c-dc1a25e58ca9-房间-厨房-2.jpg', '2023-08-19 15:47:08', '2026-03-15 15:53:30', 1);
INSERT INTO `graph_info` VALUES (146, '房间-卧室-2.jpg', 2, 9, 'http://113.141.166.99:9000/lease/20230819/3e92806d-0d45-4c69-ac4b-25a9fb2e45b6-房间-卧室-2.jpg', '2023-08-19 15:47:08', '2026-03-15 15:53:30', 1);
INSERT INTO `graph_info` VALUES (147, '房间-客厅-2.jpg', 2, 9, 'http://113.141.166.99:9000/lease/20230819/9361c553-c358-45c7-a445-10ac6fee368c-房间-客厅-2.jpg', '2023-08-19 15:47:08', '2026-03-15 15:53:30', 1);
INSERT INTO `graph_info` VALUES (148, '房间-厨房-1.jpg', 2, 10, 'http://113.141.166.99:9000/lease/20230819/91b4170c-f05e-4ea2-94ff-ef6882154b07-房间-厨房-1.jpg', '2023-08-19 15:47:28', '2026-03-15 15:53:30', 1);
INSERT INTO `graph_info` VALUES (149, '房间-客厅-1.jpg', 2, 10, 'http://113.141.166.99:9000/lease/20230819/331e91ca-5d44-4557-9308-c3f76b6a5984-房间-客厅-1.jpg', '2023-08-19 15:47:28', '2026-03-15 15:53:30', 1);
INSERT INTO `graph_info` VALUES (150, '房间-卧室-1.jpg', 2, 10, 'http://113.141.166.99:9000/lease/20230819/0e3c74be-d4b6-4d7c-a944-08295ba0d607-房间-卧室-1.jpg', '2023-08-19 15:47:28', '2026-03-15 15:53:30', 1);
INSERT INTO `graph_info` VALUES (151, '房间-厨房-3.jpg', 2, 12, 'http://113.141.166.99:9000/lease/20230819/fa00bfd5-be0e-489a-a670-75843ccd3c91-房间-厨房-3.jpg', '2023-08-19 15:47:45', '2026-03-15 15:53:30', 1);
INSERT INTO `graph_info` VALUES (152, '房间-客厅-2.jpg', 2, 12, 'http://113.141.166.99:9000/lease/20230819/1cede015-3cef-483a-b848-5d36d1ad10b5-房间-客厅-2.jpg', '2023-08-19 15:47:45', '2026-03-15 15:53:30', 1);
INSERT INTO `graph_info` VALUES (153, '房间-卧室-1.jpg', 2, 12, 'http://113.141.166.99:9000/lease/20230819/c4063663-e9f9-45fc-a1bc-b557820cc7e5-房间-卧室-1.jpg', '2023-08-19 15:47:45', '2026-03-15 15:53:30', 1);
INSERT INTO `graph_info` VALUES (154, '房间-厨房-1.jpg', 2, 11, 'http://113.141.166.99:9000/lease/20230819/0034fbaf-5ebb-4a97-89e4-d644de2d31f6-房间-厨房-1.jpg', '2023-08-19 15:48:04', '2026-03-15 15:53:30', 1);
INSERT INTO `graph_info` VALUES (155, '房间-客厅-1.jpg', 2, 11, 'http://113.141.166.99:9000/lease/20230819/071fe30f-1d58-4058-9b65-7add7aaa3928-房间-客厅-1.jpg', '2023-08-19 15:48:04', '2026-03-15 15:53:30', 1);
INSERT INTO `graph_info` VALUES (156, '房间-卧室-1.jpg', 2, 11, 'http://113.141.166.99:9000/lease/20230819/d229f0e5-4448-4659-ac9a-de83dbace2ed-房间-卧室-1.jpg', '2023-08-19 15:48:04', '2026-03-15 15:53:30', 1);
INSERT INTO `graph_info` VALUES (157, '房间-客厅-2.jpg', 2, 13, 'http://113.141.166.99:9000/lease/20230819/af285216-0ac3-4eec-a769-14af57f684bf-房间-客厅-2.jpg', '2023-08-19 15:48:26', '2026-03-15 15:53:30', 1);
INSERT INTO `graph_info` VALUES (158, '房间-厨房-3.jpg', 2, 13, 'http://113.141.166.99:9000/lease/20230819/30c52f3c-f0c4-4fd3-8da7-9b46d1188a5a-房间-厨房-3.jpg', '2023-08-19 15:48:26', '2026-03-15 15:53:30', 1);
INSERT INTO `graph_info` VALUES (159, '房间-卧室-2.jpg', 2, 13, 'http://113.141.166.99:9000/lease/20230819/d611d950-cfa4-4119-b489-753c09c69282-房间-卧室-2.jpg', '2023-08-19 15:48:26', '2026-03-15 15:53:30', 1);
INSERT INTO `graph_info` VALUES (160, '房间-厨房-1.jpg', 2, 14, 'http://113.141.166.99:9000/lease/20230819/52bb324a-3705-4b8d-818a-99f84555b5a9-房间-厨房-1.jpg', '2023-08-19 15:48:46', '2026-03-15 15:53:30', 1);
INSERT INTO `graph_info` VALUES (161, '房间-客厅-2.jpg', 2, 14, 'http://113.141.166.99:9000/lease/20230819/9d79833d-b8bc-4405-88b9-8a967ff2b765-房间-客厅-2.jpg', '2023-08-19 15:48:46', '2026-03-15 15:53:30', 1);
INSERT INTO `graph_info` VALUES (162, '房间-卧室-2.jpg', 2, 14, 'http://113.141.166.99:9000/lease/20230819/e23469c8-3dca-4913-8440-ecc573468a78-房间-卧室-2.jpg', '2023-08-19 15:48:46', '2026-03-15 15:53:30', 1);
INSERT INTO `graph_info` VALUES (163, '房间-厨房-1.jpg', 2, 15, 'http://113.141.166.99:9000/lease/20230819/6230d6c8-4be6-47f1-86c3-18b50afbecd7-房间-厨房-1.jpg', '2023-08-19 15:49:04', '2026-03-15 15:53:30', 1);
INSERT INTO `graph_info` VALUES (164, '房间-卧室-1.jpg', 2, 15, 'http://113.141.166.99:9000/lease/20230819/d7fc0b0a-e242-432e-97d2-29108903dcd3-房间-卧室-1.jpg', '2023-08-19 15:49:04', '2026-03-15 15:53:30', 1);
INSERT INTO `graph_info` VALUES (165, '房间-客厅-1.jpg', 2, 15, 'http://113.141.166.99:9000/lease/20230819/6c25050c-3f54-44cf-9f83-334a9eab7c03-房间-客厅-1.jpg', '2023-08-19 15:49:04', '2026-03-15 15:53:30', 1);
INSERT INTO `graph_info` VALUES (166, '房间-卧室-2.jpg', 2, 16, 'http://113.141.166.99:9000/lease/20230819/490aa982-2400-423b-b5d0-cdd5b3277da1-房间-卧室-2.jpg', '2023-08-19 15:49:22', '2026-03-15 15:53:30', 1);
INSERT INTO `graph_info` VALUES (167, '房间-厨房-2.jpg', 2, 16, 'http://113.141.166.99:9000/lease/20230819/61eefbb2-6bb9-4a17-b2b7-0b07206a4731-房间-厨房-2.jpg', '2023-08-19 15:49:22', '2026-03-15 15:53:30', 1);
INSERT INTO `graph_info` VALUES (168, '房间-客厅-1.jpg', 2, 16, 'http://113.141.166.99:9000/lease/20230819/20af06f3-22c8-4951-aaab-9c5878659f9c-房间-客厅-1.jpg', '2023-08-19 15:49:22', '2026-03-15 15:53:30', 1);
INSERT INTO `graph_info` VALUES (169, '房间-厨房-3.jpg', 2, 17, 'http://113.141.166.99:9000/lease/20230819/8011ac8a-44e5-46cb-8962-5ec3f670954f-房间-厨房-3.jpg', '2023-08-19 15:49:38', '2026-03-15 15:53:30', 1);
INSERT INTO `graph_info` VALUES (170, '房间-客厅-1.jpg', 2, 17, 'http://113.141.166.99:9000/lease/20230819/b52d32be-e12c-413c-8dbf-5b56722ecbfa-房间-客厅-1.jpg', '2023-08-19 15:49:38', '2026-03-15 15:53:30', 1);
INSERT INTO `graph_info` VALUES (171, '房间-卧室-2.jpg', 2, 17, 'http://113.141.166.99:9000/lease/20230819/0af9ae1e-b813-4949-a1f5-2f9ff5cfd3ab-房间-卧室-2.jpg', '2023-08-19 15:49:38', '2026-03-15 15:53:30', 1);
INSERT INTO `graph_info` VALUES (172, '公寓-外观.jpg', 1, 9, 'http://39.108.84.96:9000/lease/20260226/41b35e13-89b5-4a6b-99b1-cd31e9d1be36-公寓-外观.jpg', '2026-02-26 15:39:44', '2026-03-15 15:53:30', 1);
INSERT INTO `graph_info` VALUES (173, '公寓-停车位.jpg', 1, 9, 'http://39.108.84.96:9000/lease/20260226/cf375ea7-3c48-4b6f-a81c-60a1fbb0cb95-公寓-停车位.jpg', '2026-02-26 15:39:44', '2026-03-15 15:53:30', 1);
INSERT INTO `graph_info` VALUES (174, '公寓-健身房.jpg', 1, 9, 'http://39.108.84.96:9000/lease/20260226/bf80c4dd-c538-43a1-b346-2c272fa557f5-公寓-健身房.jpg', '2026-02-26 15:39:44', '2026-03-15 15:53:30', 1);
INSERT INTO `graph_info` VALUES (3337, 'apartment-exterior-coreseed-xinghe', 1, 19, 'https://placehold.co/1280x720/png?text=coreseed-xinghe-exterior', '2026-03-14 16:13:16', '2026-03-15 15:53:30', 1);
INSERT INTO `graph_info` VALUES (3338, 'apartment-exterior-coreseed-yunqi', 1, 20, 'https://placehold.co/1280x720/png?text=coreseed-yunqi-exterior', '2026-03-14 16:13:16', '2026-03-15 15:53:30', 1);
INSERT INTO `graph_info` VALUES (3339, 'apartment-exterior-coreseed-songjian', 1, 21, 'https://placehold.co/1280x720/png?text=coreseed-songjian-exterior', '2026-03-14 16:13:16', '2026-03-15 15:53:30', 1);
INSERT INTO `graph_info` VALUES (3340, 'apartment-exterior-coreseed-chengyuan', 1, 22, 'https://placehold.co/1280x720/png?text=coreseed-chengyuan-exterior', '2026-03-14 16:13:16', '2026-03-15 15:53:30', 1);
INSERT INTO `graph_info` VALUES (3341, 'apartment-exterior-coreseed-yuanwang', 1, 23, 'https://placehold.co/1280x720/png?text=coreseed-yuanwang-exterior', '2026-03-14 16:13:16', '2026-03-15 15:53:30', 1);
INSERT INTO `graph_info` VALUES (3344, 'apartment-lobby-coreseed-xinghe', 1, 19, 'https://placehold.co/1280x720/png?text=coreseed-xinghe-lobby', '2026-03-14 16:13:16', '2026-03-15 15:53:30', 1);
INSERT INTO `graph_info` VALUES (3345, 'apartment-lobby-coreseed-yunqi', 1, 20, 'https://placehold.co/1280x720/png?text=coreseed-yunqi-lobby', '2026-03-14 16:13:16', '2026-03-15 15:53:30', 1);
INSERT INTO `graph_info` VALUES (3346, 'apartment-lobby-coreseed-songjian', 1, 21, 'https://placehold.co/1280x720/png?text=coreseed-songjian-lobby', '2026-03-14 16:13:16', '2026-03-15 15:53:30', 1);
INSERT INTO `graph_info` VALUES (3347, 'apartment-lobby-coreseed-chengyuan', 1, 22, 'https://placehold.co/1280x720/png?text=coreseed-chengyuan-lobby', '2026-03-14 16:13:16', '2026-03-15 15:53:30', 1);
INSERT INTO `graph_info` VALUES (3348, 'apartment-lobby-coreseed-yuanwang', 1, 23, 'https://placehold.co/1280x720/png?text=coreseed-yuanwang-lobby', '2026-03-14 16:13:16', '2026-03-15 15:53:30', 1);
INSERT INTO `graph_info` VALUES (3351, 'apartment-public-coreseed-xinghe', 1, 19, 'https://placehold.co/1280x720/png?text=coreseed-xinghe-public-space', '2026-03-14 16:13:16', '2026-03-15 15:53:30', 1);
INSERT INTO `graph_info` VALUES (3352, 'apartment-public-coreseed-yunqi', 1, 20, 'https://placehold.co/1280x720/png?text=coreseed-yunqi-public-space', '2026-03-14 16:13:16', '2026-03-15 15:53:30', 1);
INSERT INTO `graph_info` VALUES (3353, 'apartment-public-coreseed-songjian', 1, 21, 'https://placehold.co/1280x720/png?text=coreseed-songjian-public-space', '2026-03-14 16:13:16', '2026-03-15 15:53:30', 1);
INSERT INTO `graph_info` VALUES (3354, 'apartment-public-coreseed-chengyuan', 1, 22, 'https://placehold.co/1280x720/png?text=coreseed-chengyuan-public-space', '2026-03-14 16:13:16', '2026-03-15 15:53:30', 1);
INSERT INTO `graph_info` VALUES (3355, 'apartment-public-coreseed-yuanwang', 1, 23, 'https://placehold.co/1280x720/png?text=coreseed-yuanwang-public-space', '2026-03-14 16:13:16', '2026-03-15 15:53:30', 1);
INSERT INTO `graph_info` VALUES (3358, 'room-bedroom-coreseed-xinghe-101', 2, 273, 'https://placehold.co/1280x720/png?text=coreseed-xinghe-101-bedroom', '2026-03-14 16:13:16', '2026-03-15 15:53:30', 1);
INSERT INTO `graph_info` VALUES (3359, 'room-bedroom-coreseed-xinghe-102', 2, 274, 'https://placehold.co/1280x720/png?text=coreseed-xinghe-102-bedroom', '2026-03-14 16:13:16', '2026-03-15 15:53:30', 1);
INSERT INTO `graph_info` VALUES (3360, 'room-bedroom-coreseed-xinghe-103', 2, 275, 'https://placehold.co/1280x720/png?text=coreseed-xinghe-103-bedroom', '2026-03-14 16:13:16', '2026-03-15 15:53:30', 1);
INSERT INTO `graph_info` VALUES (3361, 'room-bedroom-coreseed-xinghe-104', 2, 276, 'https://placehold.co/1280x720/png?text=coreseed-xinghe-104-bedroom', '2026-03-14 16:13:16', '2026-03-15 15:53:30', 1);
INSERT INTO `graph_info` VALUES (3362, 'room-bedroom-coreseed-xinghe-105', 2, 277, 'https://placehold.co/1280x720/png?text=coreseed-xinghe-105-bedroom', '2026-03-14 16:13:16', '2026-03-15 15:53:30', 1);
INSERT INTO `graph_info` VALUES (3363, 'room-bedroom-coreseed-xinghe-106', 2, 278, 'https://placehold.co/1280x720/png?text=coreseed-xinghe-106-bedroom', '2026-03-14 16:13:16', '2026-03-15 15:53:30', 1);
INSERT INTO `graph_info` VALUES (3364, 'room-bedroom-coreseed-xinghe-107', 2, 279, 'https://placehold.co/1280x720/png?text=coreseed-xinghe-107-bedroom', '2026-03-14 16:13:16', '2026-03-15 15:53:30', 1);
INSERT INTO `graph_info` VALUES (3365, 'room-bedroom-coreseed-xinghe-108', 2, 280, 'https://placehold.co/1280x720/png?text=coreseed-xinghe-108-bedroom', '2026-03-14 16:13:16', '2026-03-15 15:53:30', 1);
INSERT INTO `graph_info` VALUES (3366, 'room-bedroom-coreseed-xinghe-109', 2, 281, 'https://placehold.co/1280x720/png?text=coreseed-xinghe-109-bedroom', '2026-03-14 16:13:16', '2026-03-15 15:53:30', 1);
INSERT INTO `graph_info` VALUES (3367, 'room-bedroom-coreseed-xinghe-110', 2, 282, 'https://placehold.co/1280x720/png?text=coreseed-xinghe-110-bedroom', '2026-03-14 16:13:16', '2026-03-15 15:53:30', 1);
INSERT INTO `graph_info` VALUES (3368, 'room-bedroom-coreseed-yunqi-101', 2, 283, 'https://placehold.co/1280x720/png?text=coreseed-yunqi-101-bedroom', '2026-03-14 16:13:16', '2026-03-15 15:53:30', 1);
INSERT INTO `graph_info` VALUES (3369, 'room-bedroom-coreseed-yunqi-102', 2, 284, 'https://placehold.co/1280x720/png?text=coreseed-yunqi-102-bedroom', '2026-03-14 16:13:16', '2026-03-15 15:53:30', 1);
INSERT INTO `graph_info` VALUES (3370, 'room-bedroom-coreseed-yunqi-103', 2, 285, 'https://placehold.co/1280x720/png?text=coreseed-yunqi-103-bedroom', '2026-03-14 16:13:16', '2026-03-15 15:53:30', 1);
INSERT INTO `graph_info` VALUES (3371, 'room-bedroom-coreseed-yunqi-104', 2, 286, 'https://placehold.co/1280x720/png?text=coreseed-yunqi-104-bedroom', '2026-03-14 16:13:16', '2026-03-15 15:53:30', 1);
INSERT INTO `graph_info` VALUES (3372, 'room-bedroom-coreseed-yunqi-105', 2, 287, 'https://placehold.co/1280x720/png?text=coreseed-yunqi-105-bedroom', '2026-03-14 16:13:16', '2026-03-15 15:53:30', 1);
INSERT INTO `graph_info` VALUES (3373, 'room-bedroom-coreseed-yunqi-106', 2, 288, 'https://placehold.co/1280x720/png?text=coreseed-yunqi-106-bedroom', '2026-03-14 16:13:16', '2026-03-15 15:53:30', 1);
INSERT INTO `graph_info` VALUES (3374, 'room-bedroom-coreseed-yunqi-107', 2, 289, 'https://placehold.co/1280x720/png?text=coreseed-yunqi-107-bedroom', '2026-03-14 16:13:16', '2026-03-15 15:53:30', 1);
INSERT INTO `graph_info` VALUES (3375, 'room-bedroom-coreseed-yunqi-108', 2, 290, 'https://placehold.co/1280x720/png?text=coreseed-yunqi-108-bedroom', '2026-03-14 16:13:16', '2026-03-15 15:53:30', 1);
INSERT INTO `graph_info` VALUES (3376, 'room-bedroom-coreseed-yunqi-109', 2, 291, 'https://placehold.co/1280x720/png?text=coreseed-yunqi-109-bedroom', '2026-03-14 16:13:16', '2026-03-15 15:53:30', 1);
INSERT INTO `graph_info` VALUES (3377, 'room-bedroom-coreseed-yunqi-110', 2, 292, 'https://placehold.co/1280x720/png?text=coreseed-yunqi-110-bedroom', '2026-03-14 16:13:16', '2026-03-15 15:53:30', 1);
INSERT INTO `graph_info` VALUES (3378, 'room-bedroom-coreseed-songjian-101', 2, 293, 'https://placehold.co/1280x720/png?text=coreseed-songjian-101-bedroom', '2026-03-14 16:13:16', '2026-03-15 15:53:30', 1);
INSERT INTO `graph_info` VALUES (3379, 'room-bedroom-coreseed-songjian-102', 2, 294, 'https://placehold.co/1280x720/png?text=coreseed-songjian-102-bedroom', '2026-03-14 16:13:16', '2026-03-15 15:53:30', 1);
INSERT INTO `graph_info` VALUES (3380, 'room-bedroom-coreseed-songjian-103', 2, 295, 'https://placehold.co/1280x720/png?text=coreseed-songjian-103-bedroom', '2026-03-14 16:13:16', '2026-03-15 15:53:30', 1);
INSERT INTO `graph_info` VALUES (3381, 'room-bedroom-coreseed-songjian-104', 2, 296, 'https://placehold.co/1280x720/png?text=coreseed-songjian-104-bedroom', '2026-03-14 16:13:16', '2026-03-15 15:53:30', 1);
INSERT INTO `graph_info` VALUES (3382, 'room-bedroom-coreseed-songjian-105', 2, 297, 'https://placehold.co/1280x720/png?text=coreseed-songjian-105-bedroom', '2026-03-14 16:13:16', '2026-03-15 15:53:30', 1);
INSERT INTO `graph_info` VALUES (3383, 'room-bedroom-coreseed-songjian-106', 2, 298, 'https://placehold.co/1280x720/png?text=coreseed-songjian-106-bedroom', '2026-03-14 16:13:16', '2026-03-15 15:53:30', 1);
INSERT INTO `graph_info` VALUES (3384, 'room-bedroom-coreseed-songjian-107', 2, 299, 'https://placehold.co/1280x720/png?text=coreseed-songjian-107-bedroom', '2026-03-14 16:13:16', '2026-03-15 15:53:30', 1);
INSERT INTO `graph_info` VALUES (3385, 'room-bedroom-coreseed-songjian-108', 2, 300, 'https://placehold.co/1280x720/png?text=coreseed-songjian-108-bedroom', '2026-03-14 16:13:16', '2026-03-15 15:53:30', 1);
INSERT INTO `graph_info` VALUES (3386, 'room-bedroom-coreseed-songjian-109', 2, 301, 'https://placehold.co/1280x720/png?text=coreseed-songjian-109-bedroom', '2026-03-14 16:13:16', '2026-03-15 15:53:30', 1);
INSERT INTO `graph_info` VALUES (3387, 'room-bedroom-coreseed-songjian-110', 2, 302, 'https://placehold.co/1280x720/png?text=coreseed-songjian-110-bedroom', '2026-03-14 16:13:16', '2026-03-15 15:53:30', 1);
INSERT INTO `graph_info` VALUES (3388, 'room-bedroom-coreseed-chengyuan-101', 2, 303, 'https://placehold.co/1280x720/png?text=coreseed-chengyuan-101-bedroom', '2026-03-14 16:13:16', '2026-03-15 15:53:30', 1);
INSERT INTO `graph_info` VALUES (3389, 'room-bedroom-coreseed-chengyuan-102', 2, 304, 'https://placehold.co/1280x720/png?text=coreseed-chengyuan-102-bedroom', '2026-03-14 16:13:16', '2026-03-15 15:53:30', 1);
INSERT INTO `graph_info` VALUES (3390, 'room-bedroom-coreseed-chengyuan-103', 2, 305, 'https://placehold.co/1280x720/png?text=coreseed-chengyuan-103-bedroom', '2026-03-14 16:13:16', '2026-03-15 15:53:30', 1);
INSERT INTO `graph_info` VALUES (3391, 'room-bedroom-coreseed-chengyuan-104', 2, 306, 'https://placehold.co/1280x720/png?text=coreseed-chengyuan-104-bedroom', '2026-03-14 16:13:16', '2026-03-15 15:53:30', 1);
INSERT INTO `graph_info` VALUES (3392, 'room-bedroom-coreseed-chengyuan-105', 2, 307, 'https://placehold.co/1280x720/png?text=coreseed-chengyuan-105-bedroom', '2026-03-14 16:13:16', '2026-03-15 15:53:30', 1);
INSERT INTO `graph_info` VALUES (3393, 'room-bedroom-coreseed-chengyuan-106', 2, 308, 'https://placehold.co/1280x720/png?text=coreseed-chengyuan-106-bedroom', '2026-03-14 16:13:16', '2026-03-15 15:53:30', 1);
INSERT INTO `graph_info` VALUES (3394, 'room-bedroom-coreseed-chengyuan-107', 2, 309, 'https://placehold.co/1280x720/png?text=coreseed-chengyuan-107-bedroom', '2026-03-14 16:13:16', '2026-03-15 15:53:30', 1);
INSERT INTO `graph_info` VALUES (3395, 'room-bedroom-coreseed-chengyuan-108', 2, 310, 'https://placehold.co/1280x720/png?text=coreseed-chengyuan-108-bedroom', '2026-03-14 16:13:16', '2026-03-15 15:53:30', 1);
INSERT INTO `graph_info` VALUES (3396, 'room-bedroom-coreseed-chengyuan-109', 2, 311, 'https://placehold.co/1280x720/png?text=coreseed-chengyuan-109-bedroom', '2026-03-14 16:13:16', '2026-03-15 15:53:30', 1);
INSERT INTO `graph_info` VALUES (3397, 'room-bedroom-coreseed-chengyuan-110', 2, 312, 'https://placehold.co/1280x720/png?text=coreseed-chengyuan-110-bedroom', '2026-03-14 16:13:16', '2026-03-15 15:53:30', 1);
INSERT INTO `graph_info` VALUES (3398, 'room-bedroom-coreseed-yuanwang-101', 2, 313, 'https://placehold.co/1280x720/png?text=coreseed-yuanwang-101-bedroom', '2026-03-14 16:13:16', '2026-03-15 15:53:30', 1);
INSERT INTO `graph_info` VALUES (3399, 'room-bedroom-coreseed-yuanwang-102', 2, 314, 'https://placehold.co/1280x720/png?text=coreseed-yuanwang-102-bedroom', '2026-03-14 16:13:16', '2026-03-15 15:53:30', 1);
INSERT INTO `graph_info` VALUES (3400, 'room-bedroom-coreseed-yuanwang-103', 2, 315, 'https://placehold.co/1280x720/png?text=coreseed-yuanwang-103-bedroom', '2026-03-14 16:13:16', '2026-03-15 15:53:30', 1);
INSERT INTO `graph_info` VALUES (3401, 'room-bedroom-coreseed-yuanwang-104', 2, 316, 'https://placehold.co/1280x720/png?text=coreseed-yuanwang-104-bedroom', '2026-03-14 16:13:16', '2026-03-15 15:53:30', 1);
INSERT INTO `graph_info` VALUES (3402, 'room-bedroom-coreseed-yuanwang-105', 2, 317, 'https://placehold.co/1280x720/png?text=coreseed-yuanwang-105-bedroom', '2026-03-14 16:13:16', '2026-03-15 15:53:30', 1);
INSERT INTO `graph_info` VALUES (3403, 'room-bedroom-coreseed-yuanwang-106', 2, 318, 'https://placehold.co/1280x720/png?text=coreseed-yuanwang-106-bedroom', '2026-03-14 16:13:16', '2026-03-15 15:53:30', 1);
INSERT INTO `graph_info` VALUES (3404, 'room-bedroom-coreseed-yuanwang-107', 2, 319, 'https://placehold.co/1280x720/png?text=coreseed-yuanwang-107-bedroom', '2026-03-14 16:13:16', '2026-03-15 15:53:30', 1);
INSERT INTO `graph_info` VALUES (3405, 'room-bedroom-coreseed-yuanwang-108', 2, 320, 'https://placehold.co/1280x720/png?text=coreseed-yuanwang-108-bedroom', '2026-03-14 16:13:16', '2026-03-15 15:53:30', 1);
INSERT INTO `graph_info` VALUES (3406, 'room-bedroom-coreseed-yuanwang-109', 2, 321, 'https://placehold.co/1280x720/png?text=coreseed-yuanwang-109-bedroom', '2026-03-14 16:13:16', '2026-03-15 15:53:30', 1);
INSERT INTO `graph_info` VALUES (3407, 'room-bedroom-coreseed-yuanwang-110', 2, 322, 'https://placehold.co/1280x720/png?text=coreseed-yuanwang-110-bedroom', '2026-03-14 16:13:16', '2026-03-15 15:53:30', 1);
INSERT INTO `graph_info` VALUES (3421, 'room-living-coreseed-xinghe-101', 2, 273, 'https://placehold.co/1280x720/png?text=coreseed-xinghe-101-living-room', '2026-03-14 16:13:16', '2026-03-15 15:53:30', 1);
INSERT INTO `graph_info` VALUES (3422, 'room-living-coreseed-xinghe-102', 2, 274, 'https://placehold.co/1280x720/png?text=coreseed-xinghe-102-living-room', '2026-03-14 16:13:16', '2026-03-15 15:53:30', 1);
INSERT INTO `graph_info` VALUES (3423, 'room-living-coreseed-xinghe-103', 2, 275, 'https://placehold.co/1280x720/png?text=coreseed-xinghe-103-living-room', '2026-03-14 16:13:16', '2026-03-15 15:53:30', 1);
INSERT INTO `graph_info` VALUES (3424, 'room-living-coreseed-xinghe-104', 2, 276, 'https://placehold.co/1280x720/png?text=coreseed-xinghe-104-living-room', '2026-03-14 16:13:16', '2026-03-15 15:53:30', 1);
INSERT INTO `graph_info` VALUES (3425, 'room-living-coreseed-xinghe-105', 2, 277, 'https://placehold.co/1280x720/png?text=coreseed-xinghe-105-living-room', '2026-03-14 16:13:16', '2026-03-15 15:53:30', 1);
INSERT INTO `graph_info` VALUES (3426, 'room-living-coreseed-xinghe-106', 2, 278, 'https://placehold.co/1280x720/png?text=coreseed-xinghe-106-living-room', '2026-03-14 16:13:16', '2026-03-15 15:53:30', 1);
INSERT INTO `graph_info` VALUES (3427, 'room-living-coreseed-xinghe-107', 2, 279, 'https://placehold.co/1280x720/png?text=coreseed-xinghe-107-living-room', '2026-03-14 16:13:16', '2026-03-15 15:53:30', 1);
INSERT INTO `graph_info` VALUES (3428, 'room-living-coreseed-xinghe-108', 2, 280, 'https://placehold.co/1280x720/png?text=coreseed-xinghe-108-living-room', '2026-03-14 16:13:16', '2026-03-15 15:53:30', 1);
INSERT INTO `graph_info` VALUES (3429, 'room-living-coreseed-xinghe-109', 2, 281, 'https://placehold.co/1280x720/png?text=coreseed-xinghe-109-living-room', '2026-03-14 16:13:16', '2026-03-15 15:53:30', 1);
INSERT INTO `graph_info` VALUES (3430, 'room-living-coreseed-xinghe-110', 2, 282, 'https://placehold.co/1280x720/png?text=coreseed-xinghe-110-living-room', '2026-03-14 16:13:16', '2026-03-15 15:53:30', 1);
INSERT INTO `graph_info` VALUES (3431, 'room-living-coreseed-yunqi-101', 2, 283, 'https://placehold.co/1280x720/png?text=coreseed-yunqi-101-living-room', '2026-03-14 16:13:16', '2026-03-15 15:53:30', 1);
INSERT INTO `graph_info` VALUES (3432, 'room-living-coreseed-yunqi-102', 2, 284, 'https://placehold.co/1280x720/png?text=coreseed-yunqi-102-living-room', '2026-03-14 16:13:16', '2026-03-15 15:53:30', 1);
INSERT INTO `graph_info` VALUES (3433, 'room-living-coreseed-yunqi-103', 2, 285, 'https://placehold.co/1280x720/png?text=coreseed-yunqi-103-living-room', '2026-03-14 16:13:16', '2026-03-15 15:53:30', 1);
INSERT INTO `graph_info` VALUES (3434, 'room-living-coreseed-yunqi-104', 2, 286, 'https://placehold.co/1280x720/png?text=coreseed-yunqi-104-living-room', '2026-03-14 16:13:16', '2026-03-15 15:53:30', 1);
INSERT INTO `graph_info` VALUES (3435, 'room-living-coreseed-yunqi-105', 2, 287, 'https://placehold.co/1280x720/png?text=coreseed-yunqi-105-living-room', '2026-03-14 16:13:16', '2026-03-15 15:53:30', 1);
INSERT INTO `graph_info` VALUES (3436, 'room-living-coreseed-yunqi-106', 2, 288, 'https://placehold.co/1280x720/png?text=coreseed-yunqi-106-living-room', '2026-03-14 16:13:16', '2026-03-15 15:53:30', 1);
INSERT INTO `graph_info` VALUES (3437, 'room-living-coreseed-yunqi-107', 2, 289, 'https://placehold.co/1280x720/png?text=coreseed-yunqi-107-living-room', '2026-03-14 16:13:16', '2026-03-15 15:53:30', 1);
INSERT INTO `graph_info` VALUES (3438, 'room-living-coreseed-yunqi-108', 2, 290, 'https://placehold.co/1280x720/png?text=coreseed-yunqi-108-living-room', '2026-03-14 16:13:16', '2026-03-15 15:53:30', 1);
INSERT INTO `graph_info` VALUES (3439, 'room-living-coreseed-yunqi-109', 2, 291, 'https://placehold.co/1280x720/png?text=coreseed-yunqi-109-living-room', '2026-03-14 16:13:16', '2026-03-15 15:53:30', 1);
INSERT INTO `graph_info` VALUES (3440, 'room-living-coreseed-yunqi-110', 2, 292, 'https://placehold.co/1280x720/png?text=coreseed-yunqi-110-living-room', '2026-03-14 16:13:16', '2026-03-15 15:53:30', 1);
INSERT INTO `graph_info` VALUES (3441, 'room-living-coreseed-songjian-101', 2, 293, 'https://placehold.co/1280x720/png?text=coreseed-songjian-101-living-room', '2026-03-14 16:13:16', '2026-03-15 15:53:30', 1);
INSERT INTO `graph_info` VALUES (3442, 'room-living-coreseed-songjian-102', 2, 294, 'https://placehold.co/1280x720/png?text=coreseed-songjian-102-living-room', '2026-03-14 16:13:16', '2026-03-15 15:53:30', 1);
INSERT INTO `graph_info` VALUES (3443, 'room-living-coreseed-songjian-103', 2, 295, 'https://placehold.co/1280x720/png?text=coreseed-songjian-103-living-room', '2026-03-14 16:13:16', '2026-03-15 15:53:30', 1);
INSERT INTO `graph_info` VALUES (3444, 'room-living-coreseed-songjian-104', 2, 296, 'https://placehold.co/1280x720/png?text=coreseed-songjian-104-living-room', '2026-03-14 16:13:16', '2026-03-15 15:53:30', 1);
INSERT INTO `graph_info` VALUES (3445, 'room-living-coreseed-songjian-105', 2, 297, 'https://placehold.co/1280x720/png?text=coreseed-songjian-105-living-room', '2026-03-14 16:13:16', '2026-03-15 15:53:30', 1);
INSERT INTO `graph_info` VALUES (3446, 'room-living-coreseed-songjian-106', 2, 298, 'https://placehold.co/1280x720/png?text=coreseed-songjian-106-living-room', '2026-03-14 16:13:16', '2026-03-15 15:53:30', 1);
INSERT INTO `graph_info` VALUES (3447, 'room-living-coreseed-songjian-107', 2, 299, 'https://placehold.co/1280x720/png?text=coreseed-songjian-107-living-room', '2026-03-14 16:13:16', '2026-03-15 15:53:30', 1);
INSERT INTO `graph_info` VALUES (3448, 'room-living-coreseed-songjian-108', 2, 300, 'https://placehold.co/1280x720/png?text=coreseed-songjian-108-living-room', '2026-03-14 16:13:16', '2026-03-15 15:53:30', 1);
INSERT INTO `graph_info` VALUES (3449, 'room-living-coreseed-songjian-109', 2, 301, 'https://placehold.co/1280x720/png?text=coreseed-songjian-109-living-room', '2026-03-14 16:13:16', '2026-03-15 15:53:30', 1);
INSERT INTO `graph_info` VALUES (3450, 'room-living-coreseed-songjian-110', 2, 302, 'https://placehold.co/1280x720/png?text=coreseed-songjian-110-living-room', '2026-03-14 16:13:16', '2026-03-15 15:53:30', 1);
INSERT INTO `graph_info` VALUES (3451, 'room-living-coreseed-chengyuan-101', 2, 303, 'https://placehold.co/1280x720/png?text=coreseed-chengyuan-101-living-room', '2026-03-14 16:13:16', '2026-03-15 15:53:30', 1);
INSERT INTO `graph_info` VALUES (3452, 'room-living-coreseed-chengyuan-102', 2, 304, 'https://placehold.co/1280x720/png?text=coreseed-chengyuan-102-living-room', '2026-03-14 16:13:16', '2026-03-15 15:53:30', 1);
INSERT INTO `graph_info` VALUES (3453, 'room-living-coreseed-chengyuan-103', 2, 305, 'https://placehold.co/1280x720/png?text=coreseed-chengyuan-103-living-room', '2026-03-14 16:13:16', '2026-03-15 15:53:30', 1);
INSERT INTO `graph_info` VALUES (3454, 'room-living-coreseed-chengyuan-104', 2, 306, 'https://placehold.co/1280x720/png?text=coreseed-chengyuan-104-living-room', '2026-03-14 16:13:16', '2026-03-15 15:53:30', 1);
INSERT INTO `graph_info` VALUES (3455, 'room-living-coreseed-chengyuan-105', 2, 307, 'https://placehold.co/1280x720/png?text=coreseed-chengyuan-105-living-room', '2026-03-14 16:13:16', '2026-03-15 15:53:30', 1);
INSERT INTO `graph_info` VALUES (3456, 'room-living-coreseed-chengyuan-106', 2, 308, 'https://placehold.co/1280x720/png?text=coreseed-chengyuan-106-living-room', '2026-03-14 16:13:16', '2026-03-15 15:53:30', 1);
INSERT INTO `graph_info` VALUES (3457, 'room-living-coreseed-chengyuan-107', 2, 309, 'https://placehold.co/1280x720/png?text=coreseed-chengyuan-107-living-room', '2026-03-14 16:13:16', '2026-03-15 15:53:30', 1);
INSERT INTO `graph_info` VALUES (3458, 'room-living-coreseed-chengyuan-108', 2, 310, 'https://placehold.co/1280x720/png?text=coreseed-chengyuan-108-living-room', '2026-03-14 16:13:16', '2026-03-15 15:53:30', 1);
INSERT INTO `graph_info` VALUES (3459, 'room-living-coreseed-chengyuan-109', 2, 311, 'https://placehold.co/1280x720/png?text=coreseed-chengyuan-109-living-room', '2026-03-14 16:13:16', '2026-03-15 15:53:30', 1);
INSERT INTO `graph_info` VALUES (3460, 'room-living-coreseed-chengyuan-110', 2, 312, 'https://placehold.co/1280x720/png?text=coreseed-chengyuan-110-living-room', '2026-03-14 16:13:16', '2026-03-15 15:53:30', 1);
INSERT INTO `graph_info` VALUES (3461, 'room-living-coreseed-yuanwang-101', 2, 313, 'https://placehold.co/1280x720/png?text=coreseed-yuanwang-101-living-room', '2026-03-14 16:13:16', '2026-03-15 15:53:30', 1);
INSERT INTO `graph_info` VALUES (3462, 'room-living-coreseed-yuanwang-102', 2, 314, 'https://placehold.co/1280x720/png?text=coreseed-yuanwang-102-living-room', '2026-03-14 16:13:16', '2026-03-15 15:53:30', 1);
INSERT INTO `graph_info` VALUES (3463, 'room-living-coreseed-yuanwang-103', 2, 315, 'https://placehold.co/1280x720/png?text=coreseed-yuanwang-103-living-room', '2026-03-14 16:13:16', '2026-03-15 15:53:30', 1);
INSERT INTO `graph_info` VALUES (3464, 'room-living-coreseed-yuanwang-104', 2, 316, 'https://placehold.co/1280x720/png?text=coreseed-yuanwang-104-living-room', '2026-03-14 16:13:16', '2026-03-15 15:53:30', 1);
INSERT INTO `graph_info` VALUES (3465, 'room-living-coreseed-yuanwang-105', 2, 317, 'https://placehold.co/1280x720/png?text=coreseed-yuanwang-105-living-room', '2026-03-14 16:13:16', '2026-03-15 15:53:30', 1);
INSERT INTO `graph_info` VALUES (3466, 'room-living-coreseed-yuanwang-106', 2, 318, 'https://placehold.co/1280x720/png?text=coreseed-yuanwang-106-living-room', '2026-03-14 16:13:16', '2026-03-15 15:53:30', 1);
INSERT INTO `graph_info` VALUES (3467, 'room-living-coreseed-yuanwang-107', 2, 319, 'https://placehold.co/1280x720/png?text=coreseed-yuanwang-107-living-room', '2026-03-14 16:13:16', '2026-03-15 15:53:30', 1);
INSERT INTO `graph_info` VALUES (3468, 'room-living-coreseed-yuanwang-108', 2, 320, 'https://placehold.co/1280x720/png?text=coreseed-yuanwang-108-living-room', '2026-03-14 16:13:16', '2026-03-15 15:53:30', 1);
INSERT INTO `graph_info` VALUES (3469, 'room-living-coreseed-yuanwang-109', 2, 321, 'https://placehold.co/1280x720/png?text=coreseed-yuanwang-109-living-room', '2026-03-14 16:13:16', '2026-03-15 15:53:30', 1);
INSERT INTO `graph_info` VALUES (3470, 'room-living-coreseed-yuanwang-110', 2, 322, 'https://placehold.co/1280x720/png?text=coreseed-yuanwang-110-living-room', '2026-03-14 16:13:16', '2026-03-15 15:53:30', 1);
INSERT INTO `graph_info` VALUES (3484, 'room-kitchen-coreseed-xinghe-101', 2, 273, 'https://placehold.co/1280x720/png?text=coreseed-xinghe-101-kitchen', '2026-03-14 16:13:16', '2026-03-15 15:53:30', 1);
INSERT INTO `graph_info` VALUES (3485, 'room-kitchen-coreseed-xinghe-102', 2, 274, 'https://placehold.co/1280x720/png?text=coreseed-xinghe-102-kitchen', '2026-03-14 16:13:16', '2026-03-15 15:53:30', 1);
INSERT INTO `graph_info` VALUES (3486, 'room-kitchen-coreseed-xinghe-103', 2, 275, 'https://placehold.co/1280x720/png?text=coreseed-xinghe-103-kitchen', '2026-03-14 16:13:16', '2026-03-15 15:53:30', 1);
INSERT INTO `graph_info` VALUES (3487, 'room-kitchen-coreseed-xinghe-104', 2, 276, 'https://placehold.co/1280x720/png?text=coreseed-xinghe-104-kitchen', '2026-03-14 16:13:16', '2026-03-15 15:53:30', 1);
INSERT INTO `graph_info` VALUES (3488, 'room-kitchen-coreseed-xinghe-105', 2, 277, 'https://placehold.co/1280x720/png?text=coreseed-xinghe-105-kitchen', '2026-03-14 16:13:16', '2026-03-15 15:53:30', 1);
INSERT INTO `graph_info` VALUES (3489, 'room-kitchen-coreseed-xinghe-106', 2, 278, 'https://placehold.co/1280x720/png?text=coreseed-xinghe-106-kitchen', '2026-03-14 16:13:16', '2026-03-15 15:53:30', 1);
INSERT INTO `graph_info` VALUES (3490, 'room-kitchen-coreseed-xinghe-107', 2, 279, 'https://placehold.co/1280x720/png?text=coreseed-xinghe-107-kitchen', '2026-03-14 16:13:16', '2026-03-15 15:53:30', 1);
INSERT INTO `graph_info` VALUES (3491, 'room-kitchen-coreseed-xinghe-108', 2, 280, 'https://placehold.co/1280x720/png?text=coreseed-xinghe-108-kitchen', '2026-03-14 16:13:16', '2026-03-15 15:53:30', 1);
INSERT INTO `graph_info` VALUES (3492, 'room-kitchen-coreseed-xinghe-109', 2, 281, 'https://placehold.co/1280x720/png?text=coreseed-xinghe-109-kitchen', '2026-03-14 16:13:16', '2026-03-15 15:53:30', 1);
INSERT INTO `graph_info` VALUES (3493, 'room-kitchen-coreseed-xinghe-110', 2, 282, 'https://placehold.co/1280x720/png?text=coreseed-xinghe-110-kitchen', '2026-03-14 16:13:16', '2026-03-15 15:53:30', 1);
INSERT INTO `graph_info` VALUES (3494, 'room-kitchen-coreseed-yunqi-101', 2, 283, 'https://placehold.co/1280x720/png?text=coreseed-yunqi-101-kitchen', '2026-03-14 16:13:16', '2026-03-15 15:53:30', 1);
INSERT INTO `graph_info` VALUES (3495, 'room-kitchen-coreseed-yunqi-102', 2, 284, 'https://placehold.co/1280x720/png?text=coreseed-yunqi-102-kitchen', '2026-03-14 16:13:16', '2026-03-15 15:53:30', 1);
INSERT INTO `graph_info` VALUES (3496, 'room-kitchen-coreseed-yunqi-103', 2, 285, 'https://placehold.co/1280x720/png?text=coreseed-yunqi-103-kitchen', '2026-03-14 16:13:16', '2026-03-15 15:53:30', 1);
INSERT INTO `graph_info` VALUES (3497, 'room-kitchen-coreseed-yunqi-104', 2, 286, 'https://placehold.co/1280x720/png?text=coreseed-yunqi-104-kitchen', '2026-03-14 16:13:16', '2026-03-15 15:53:30', 1);
INSERT INTO `graph_info` VALUES (3498, 'room-kitchen-coreseed-yunqi-105', 2, 287, 'https://placehold.co/1280x720/png?text=coreseed-yunqi-105-kitchen', '2026-03-14 16:13:16', '2026-03-15 15:53:30', 1);
INSERT INTO `graph_info` VALUES (3499, 'room-kitchen-coreseed-yunqi-106', 2, 288, 'https://placehold.co/1280x720/png?text=coreseed-yunqi-106-kitchen', '2026-03-14 16:13:16', '2026-03-15 15:53:30', 1);
INSERT INTO `graph_info` VALUES (3500, 'room-kitchen-coreseed-yunqi-107', 2, 289, 'https://placehold.co/1280x720/png?text=coreseed-yunqi-107-kitchen', '2026-03-14 16:13:16', '2026-03-15 15:53:30', 1);
INSERT INTO `graph_info` VALUES (3501, 'room-kitchen-coreseed-yunqi-108', 2, 290, 'https://placehold.co/1280x720/png?text=coreseed-yunqi-108-kitchen', '2026-03-14 16:13:16', '2026-03-15 15:53:30', 1);
INSERT INTO `graph_info` VALUES (3502, 'room-kitchen-coreseed-yunqi-109', 2, 291, 'https://placehold.co/1280x720/png?text=coreseed-yunqi-109-kitchen', '2026-03-14 16:13:16', '2026-03-15 15:53:30', 1);
INSERT INTO `graph_info` VALUES (3503, 'room-kitchen-coreseed-yunqi-110', 2, 292, 'https://placehold.co/1280x720/png?text=coreseed-yunqi-110-kitchen', '2026-03-14 16:13:16', '2026-03-15 15:53:30', 1);
INSERT INTO `graph_info` VALUES (3504, 'room-kitchen-coreseed-songjian-101', 2, 293, 'https://placehold.co/1280x720/png?text=coreseed-songjian-101-kitchen', '2026-03-14 16:13:16', '2026-03-15 15:53:30', 1);
INSERT INTO `graph_info` VALUES (3505, 'room-kitchen-coreseed-songjian-102', 2, 294, 'https://placehold.co/1280x720/png?text=coreseed-songjian-102-kitchen', '2026-03-14 16:13:16', '2026-03-15 15:53:30', 1);
INSERT INTO `graph_info` VALUES (3506, 'room-kitchen-coreseed-songjian-103', 2, 295, 'https://placehold.co/1280x720/png?text=coreseed-songjian-103-kitchen', '2026-03-14 16:13:16', '2026-03-15 15:53:30', 1);
INSERT INTO `graph_info` VALUES (3507, 'room-kitchen-coreseed-songjian-104', 2, 296, 'https://placehold.co/1280x720/png?text=coreseed-songjian-104-kitchen', '2026-03-14 16:13:16', '2026-03-15 15:53:30', 1);
INSERT INTO `graph_info` VALUES (3508, 'room-kitchen-coreseed-songjian-105', 2, 297, 'https://placehold.co/1280x720/png?text=coreseed-songjian-105-kitchen', '2026-03-14 16:13:16', '2026-03-15 15:53:30', 1);
INSERT INTO `graph_info` VALUES (3509, 'room-kitchen-coreseed-songjian-106', 2, 298, 'https://placehold.co/1280x720/png?text=coreseed-songjian-106-kitchen', '2026-03-14 16:13:16', '2026-03-15 15:53:30', 1);
INSERT INTO `graph_info` VALUES (3510, 'room-kitchen-coreseed-songjian-107', 2, 299, 'https://placehold.co/1280x720/png?text=coreseed-songjian-107-kitchen', '2026-03-14 16:13:16', '2026-03-15 15:53:30', 1);
INSERT INTO `graph_info` VALUES (3511, 'room-kitchen-coreseed-songjian-108', 2, 300, 'https://placehold.co/1280x720/png?text=coreseed-songjian-108-kitchen', '2026-03-14 16:13:16', '2026-03-15 15:53:30', 1);
INSERT INTO `graph_info` VALUES (3512, 'room-kitchen-coreseed-songjian-109', 2, 301, 'https://placehold.co/1280x720/png?text=coreseed-songjian-109-kitchen', '2026-03-14 16:13:16', '2026-03-15 15:53:30', 1);
INSERT INTO `graph_info` VALUES (3513, 'room-kitchen-coreseed-songjian-110', 2, 302, 'https://placehold.co/1280x720/png?text=coreseed-songjian-110-kitchen', '2026-03-14 16:13:16', '2026-03-15 15:53:30', 1);
INSERT INTO `graph_info` VALUES (3514, 'room-kitchen-coreseed-chengyuan-101', 2, 303, 'https://placehold.co/1280x720/png?text=coreseed-chengyuan-101-kitchen', '2026-03-14 16:13:16', '2026-03-15 15:53:30', 1);
INSERT INTO `graph_info` VALUES (3515, 'room-kitchen-coreseed-chengyuan-102', 2, 304, 'https://placehold.co/1280x720/png?text=coreseed-chengyuan-102-kitchen', '2026-03-14 16:13:16', '2026-03-15 15:53:30', 1);
INSERT INTO `graph_info` VALUES (3516, 'room-kitchen-coreseed-chengyuan-103', 2, 305, 'https://placehold.co/1280x720/png?text=coreseed-chengyuan-103-kitchen', '2026-03-14 16:13:16', '2026-03-15 15:53:30', 1);
INSERT INTO `graph_info` VALUES (3517, 'room-kitchen-coreseed-chengyuan-104', 2, 306, 'https://placehold.co/1280x720/png?text=coreseed-chengyuan-104-kitchen', '2026-03-14 16:13:16', '2026-03-15 15:53:30', 1);
INSERT INTO `graph_info` VALUES (3518, 'room-kitchen-coreseed-chengyuan-105', 2, 307, 'https://placehold.co/1280x720/png?text=coreseed-chengyuan-105-kitchen', '2026-03-14 16:13:16', '2026-03-15 15:53:30', 1);
INSERT INTO `graph_info` VALUES (3519, 'room-kitchen-coreseed-chengyuan-106', 2, 308, 'https://placehold.co/1280x720/png?text=coreseed-chengyuan-106-kitchen', '2026-03-14 16:13:16', '2026-03-15 15:53:30', 1);
INSERT INTO `graph_info` VALUES (3520, 'room-kitchen-coreseed-chengyuan-107', 2, 309, 'https://placehold.co/1280x720/png?text=coreseed-chengyuan-107-kitchen', '2026-03-14 16:13:16', '2026-03-15 15:53:30', 1);
INSERT INTO `graph_info` VALUES (3521, 'room-kitchen-coreseed-chengyuan-108', 2, 310, 'https://placehold.co/1280x720/png?text=coreseed-chengyuan-108-kitchen', '2026-03-14 16:13:16', '2026-03-15 15:53:30', 1);
INSERT INTO `graph_info` VALUES (3522, 'room-kitchen-coreseed-chengyuan-109', 2, 311, 'https://placehold.co/1280x720/png?text=coreseed-chengyuan-109-kitchen', '2026-03-14 16:13:16', '2026-03-15 15:53:30', 1);
INSERT INTO `graph_info` VALUES (3523, 'room-kitchen-coreseed-chengyuan-110', 2, 312, 'https://placehold.co/1280x720/png?text=coreseed-chengyuan-110-kitchen', '2026-03-14 16:13:16', '2026-03-15 15:53:30', 1);
INSERT INTO `graph_info` VALUES (3524, 'room-kitchen-coreseed-yuanwang-101', 2, 313, 'https://placehold.co/1280x720/png?text=coreseed-yuanwang-101-kitchen', '2026-03-14 16:13:16', '2026-03-15 15:53:30', 1);
INSERT INTO `graph_info` VALUES (3525, 'room-kitchen-coreseed-yuanwang-102', 2, 314, 'https://placehold.co/1280x720/png?text=coreseed-yuanwang-102-kitchen', '2026-03-14 16:13:16', '2026-03-15 15:53:30', 1);
INSERT INTO `graph_info` VALUES (3526, 'room-kitchen-coreseed-yuanwang-103', 2, 315, 'https://placehold.co/1280x720/png?text=coreseed-yuanwang-103-kitchen', '2026-03-14 16:13:16', '2026-03-15 15:53:30', 1);
INSERT INTO `graph_info` VALUES (3527, 'room-kitchen-coreseed-yuanwang-104', 2, 316, 'https://placehold.co/1280x720/png?text=coreseed-yuanwang-104-kitchen', '2026-03-14 16:13:16', '2026-03-15 15:53:30', 1);
INSERT INTO `graph_info` VALUES (3528, 'room-kitchen-coreseed-yuanwang-105', 2, 317, 'https://placehold.co/1280x720/png?text=coreseed-yuanwang-105-kitchen', '2026-03-14 16:13:16', '2026-03-15 15:53:30', 1);
INSERT INTO `graph_info` VALUES (3529, 'room-kitchen-coreseed-yuanwang-106', 2, 318, 'https://placehold.co/1280x720/png?text=coreseed-yuanwang-106-kitchen', '2026-03-14 16:13:16', '2026-03-15 15:53:30', 1);
INSERT INTO `graph_info` VALUES (3530, 'room-kitchen-coreseed-yuanwang-107', 2, 319, 'https://placehold.co/1280x720/png?text=coreseed-yuanwang-107-kitchen', '2026-03-14 16:13:16', '2026-03-15 15:53:30', 1);
INSERT INTO `graph_info` VALUES (3531, 'room-kitchen-coreseed-yuanwang-108', 2, 320, 'https://placehold.co/1280x720/png?text=coreseed-yuanwang-108-kitchen', '2026-03-14 16:13:16', '2026-03-15 15:53:30', 1);
INSERT INTO `graph_info` VALUES (3532, 'room-kitchen-coreseed-yuanwang-109', 2, 321, 'https://placehold.co/1280x720/png?text=coreseed-yuanwang-109-kitchen', '2026-03-14 16:13:16', '2026-03-15 15:53:30', 1);
INSERT INTO `graph_info` VALUES (3533, 'room-kitchen-coreseed-yuanwang-110', 2, 322, 'https://placehold.co/1280x720/png?text=coreseed-yuanwang-110-kitchen', '2026-03-14 16:13:16', '2026-03-15 15:53:30', 1);
INSERT INTO `graph_info` VALUES (3547, 'apartment-9-exterior.svg', 1, 9, '/generated/apartments/apartment-9-exterior.svg', '2026-03-15 15:53:30', '2026-03-15 16:00:06', 1);
INSERT INTO `graph_info` VALUES (3548, 'apartment-9-lobby.svg', 1, 9, '/generated/apartments/apartment-9-lobby.svg', '2026-03-15 15:53:30', '2026-03-15 16:00:06', 1);
INSERT INTO `graph_info` VALUES (3549, 'apartment-9-public-space.svg', 1, 9, '/generated/apartments/apartment-9-public-space.svg', '2026-03-15 15:53:30', '2026-03-15 16:00:06', 1);
INSERT INTO `graph_info` VALUES (3550, 'apartment-10-exterior.svg', 1, 10, '/generated/apartments/apartment-10-exterior.svg', '2026-03-15 15:53:30', '2026-03-15 16:00:06', 1);
INSERT INTO `graph_info` VALUES (3551, 'apartment-10-lobby.svg', 1, 10, '/generated/apartments/apartment-10-lobby.svg', '2026-03-15 15:53:30', '2026-03-15 16:00:06', 1);
INSERT INTO `graph_info` VALUES (3552, 'apartment-10-public-space.svg', 1, 10, '/generated/apartments/apartment-10-public-space.svg', '2026-03-15 15:53:30', '2026-03-15 16:00:06', 1);
INSERT INTO `graph_info` VALUES (3553, 'apartment-19-exterior.svg', 1, 19, '/generated/apartments/apartment-19-exterior.svg', '2026-03-15 15:53:30', '2026-03-15 16:00:06', 1);
INSERT INTO `graph_info` VALUES (3554, 'apartment-19-lobby.svg', 1, 19, '/generated/apartments/apartment-19-lobby.svg', '2026-03-15 15:53:30', '2026-03-15 16:00:06', 1);
INSERT INTO `graph_info` VALUES (3555, 'apartment-19-public-space.svg', 1, 19, '/generated/apartments/apartment-19-public-space.svg', '2026-03-15 15:53:30', '2026-03-15 16:00:06', 1);
INSERT INTO `graph_info` VALUES (3556, 'apartment-20-exterior.svg', 1, 20, '/generated/apartments/apartment-20-exterior.svg', '2026-03-15 15:53:30', '2026-03-15 16:00:06', 1);
INSERT INTO `graph_info` VALUES (3557, 'apartment-20-lobby.svg', 1, 20, '/generated/apartments/apartment-20-lobby.svg', '2026-03-15 15:53:30', '2026-03-15 16:00:06', 1);
INSERT INTO `graph_info` VALUES (3558, 'apartment-20-public-space.svg', 1, 20, '/generated/apartments/apartment-20-public-space.svg', '2026-03-15 15:53:30', '2026-03-15 16:00:06', 1);
INSERT INTO `graph_info` VALUES (3559, 'apartment-21-exterior.svg', 1, 21, '/generated/apartments/apartment-21-exterior.svg', '2026-03-15 15:53:31', '2026-03-15 16:00:06', 1);
INSERT INTO `graph_info` VALUES (3560, 'apartment-21-lobby.svg', 1, 21, '/generated/apartments/apartment-21-lobby.svg', '2026-03-15 15:53:31', '2026-03-15 16:00:06', 1);
INSERT INTO `graph_info` VALUES (3561, 'apartment-21-public-space.svg', 1, 21, '/generated/apartments/apartment-21-public-space.svg', '2026-03-15 15:53:31', '2026-03-15 16:00:06', 1);
INSERT INTO `graph_info` VALUES (3562, 'apartment-22-exterior.svg', 1, 22, '/generated/apartments/apartment-22-exterior.svg', '2026-03-15 15:53:31', '2026-03-15 16:00:06', 1);
INSERT INTO `graph_info` VALUES (3563, 'apartment-22-lobby.svg', 1, 22, '/generated/apartments/apartment-22-lobby.svg', '2026-03-15 15:53:31', '2026-03-15 16:00:06', 1);
INSERT INTO `graph_info` VALUES (3564, 'apartment-22-public-space.svg', 1, 22, '/generated/apartments/apartment-22-public-space.svg', '2026-03-15 15:53:31', '2026-03-15 16:00:06', 1);
INSERT INTO `graph_info` VALUES (3565, 'apartment-23-exterior.svg', 1, 23, '/generated/apartments/apartment-23-exterior.svg', '2026-03-15 15:53:31', '2026-03-15 16:00:06', 1);
INSERT INTO `graph_info` VALUES (3566, 'apartment-23-lobby.svg', 1, 23, '/generated/apartments/apartment-23-lobby.svg', '2026-03-15 15:53:31', '2026-03-15 16:00:06', 1);
INSERT INTO `graph_info` VALUES (3567, 'apartment-23-public-space.svg', 1, 23, '/generated/apartments/apartment-23-public-space.svg', '2026-03-15 15:53:31', '2026-03-15 16:00:06', 1);
INSERT INTO `graph_info` VALUES (3568, 'room-2-bedroom.svg', 2, 2, '/generated/rooms/room-2-bedroom.svg', '2026-03-15 15:53:31', '2026-03-15 16:00:06', 1);
INSERT INTO `graph_info` VALUES (3569, 'room-2-living-room.svg', 2, 2, '/generated/rooms/room-2-living-room.svg', '2026-03-15 15:53:31', '2026-03-15 16:00:06', 1);
INSERT INTO `graph_info` VALUES (3570, 'room-2-kitchen.svg', 2, 2, '/generated/rooms/room-2-kitchen.svg', '2026-03-15 15:53:31', '2026-03-15 16:00:06', 1);
INSERT INTO `graph_info` VALUES (3571, 'room-8-bedroom.svg', 2, 8, '/generated/rooms/room-8-bedroom.svg', '2026-03-15 15:53:31', '2026-03-15 16:00:06', 1);
INSERT INTO `graph_info` VALUES (3572, 'room-8-living-room.svg', 2, 8, '/generated/rooms/room-8-living-room.svg', '2026-03-15 15:53:31', '2026-03-15 16:00:06', 1);
INSERT INTO `graph_info` VALUES (3573, 'room-8-kitchen.svg', 2, 8, '/generated/rooms/room-8-kitchen.svg', '2026-03-15 15:53:31', '2026-03-15 16:00:06', 1);
INSERT INTO `graph_info` VALUES (3574, 'room-9-bedroom.svg', 2, 9, '/generated/rooms/room-9-bedroom.svg', '2026-03-15 15:53:31', '2026-03-15 16:00:06', 1);
INSERT INTO `graph_info` VALUES (3575, 'room-9-living-room.svg', 2, 9, '/generated/rooms/room-9-living-room.svg', '2026-03-15 15:53:31', '2026-03-15 16:00:06', 1);
INSERT INTO `graph_info` VALUES (3576, 'room-9-kitchen.svg', 2, 9, '/generated/rooms/room-9-kitchen.svg', '2026-03-15 15:53:31', '2026-03-15 16:00:06', 1);
INSERT INTO `graph_info` VALUES (3577, 'room-10-bedroom.svg', 2, 10, '/generated/rooms/room-10-bedroom.svg', '2026-03-15 15:53:31', '2026-03-15 16:00:06', 1);
INSERT INTO `graph_info` VALUES (3578, 'room-10-living-room.svg', 2, 10, '/generated/rooms/room-10-living-room.svg', '2026-03-15 15:53:31', '2026-03-15 16:00:06', 1);
INSERT INTO `graph_info` VALUES (3579, 'room-10-kitchen.svg', 2, 10, '/generated/rooms/room-10-kitchen.svg', '2026-03-15 15:53:31', '2026-03-15 16:00:06', 1);
INSERT INTO `graph_info` VALUES (3580, 'room-11-bedroom.svg', 2, 11, '/generated/rooms/room-11-bedroom.svg', '2026-03-15 15:53:31', '2026-03-15 16:00:06', 1);
INSERT INTO `graph_info` VALUES (3581, 'room-11-living-room.svg', 2, 11, '/generated/rooms/room-11-living-room.svg', '2026-03-15 15:53:31', '2026-03-15 16:00:06', 1);
INSERT INTO `graph_info` VALUES (3582, 'room-11-kitchen.svg', 2, 11, '/generated/rooms/room-11-kitchen.svg', '2026-03-15 15:53:31', '2026-03-15 16:00:06', 1);
INSERT INTO `graph_info` VALUES (3583, 'room-12-bedroom.svg', 2, 12, '/generated/rooms/room-12-bedroom.svg', '2026-03-15 15:53:31', '2026-03-15 16:00:06', 1);
INSERT INTO `graph_info` VALUES (3584, 'room-12-living-room.svg', 2, 12, '/generated/rooms/room-12-living-room.svg', '2026-03-15 15:53:31', '2026-03-15 16:00:06', 1);
INSERT INTO `graph_info` VALUES (3585, 'room-12-kitchen.svg', 2, 12, '/generated/rooms/room-12-kitchen.svg', '2026-03-15 15:53:31', '2026-03-15 16:00:06', 1);
INSERT INTO `graph_info` VALUES (3586, 'room-3-bedroom.svg', 2, 3, '/generated/rooms/room-3-bedroom.svg', '2026-03-15 15:53:31', '2026-03-15 16:00:06', 1);
INSERT INTO `graph_info` VALUES (3587, 'room-3-living-room.svg', 2, 3, '/generated/rooms/room-3-living-room.svg', '2026-03-15 15:53:31', '2026-03-15 16:00:06', 1);
INSERT INTO `graph_info` VALUES (3588, 'room-3-kitchen.svg', 2, 3, '/generated/rooms/room-3-kitchen.svg', '2026-03-15 15:53:31', '2026-03-15 16:00:06', 1);
INSERT INTO `graph_info` VALUES (3589, 'room-13-bedroom.svg', 2, 13, '/generated/rooms/room-13-bedroom.svg', '2026-03-15 15:53:31', '2026-03-15 16:00:06', 1);
INSERT INTO `graph_info` VALUES (3590, 'room-13-living-room.svg', 2, 13, '/generated/rooms/room-13-living-room.svg', '2026-03-15 15:53:31', '2026-03-15 16:00:06', 1);
INSERT INTO `graph_info` VALUES (3591, 'room-13-kitchen.svg', 2, 13, '/generated/rooms/room-13-kitchen.svg', '2026-03-15 15:53:31', '2026-03-15 16:00:06', 1);
INSERT INTO `graph_info` VALUES (3592, 'room-14-bedroom.svg', 2, 14, '/generated/rooms/room-14-bedroom.svg', '2026-03-15 15:53:31', '2026-03-15 16:00:06', 1);
INSERT INTO `graph_info` VALUES (3593, 'room-14-living-room.svg', 2, 14, '/generated/rooms/room-14-living-room.svg', '2026-03-15 15:53:31', '2026-03-15 16:00:06', 1);
INSERT INTO `graph_info` VALUES (3594, 'room-14-kitchen.svg', 2, 14, '/generated/rooms/room-14-kitchen.svg', '2026-03-15 15:53:31', '2026-03-15 16:00:06', 1);
INSERT INTO `graph_info` VALUES (3595, 'room-15-bedroom.svg', 2, 15, '/generated/rooms/room-15-bedroom.svg', '2026-03-15 15:53:31', '2026-03-15 16:00:06', 1);
INSERT INTO `graph_info` VALUES (3596, 'room-15-living-room.svg', 2, 15, '/generated/rooms/room-15-living-room.svg', '2026-03-15 15:53:31', '2026-03-15 16:00:06', 1);
INSERT INTO `graph_info` VALUES (3597, 'room-15-kitchen.svg', 2, 15, '/generated/rooms/room-15-kitchen.svg', '2026-03-15 15:53:31', '2026-03-15 16:00:06', 1);
INSERT INTO `graph_info` VALUES (3598, 'room-16-bedroom.svg', 2, 16, '/generated/rooms/room-16-bedroom.svg', '2026-03-15 15:53:31', '2026-03-15 16:00:06', 1);
INSERT INTO `graph_info` VALUES (3599, 'room-16-living-room.svg', 2, 16, '/generated/rooms/room-16-living-room.svg', '2026-03-15 15:53:31', '2026-03-15 16:00:06', 1);
INSERT INTO `graph_info` VALUES (3600, 'room-16-kitchen.svg', 2, 16, '/generated/rooms/room-16-kitchen.svg', '2026-03-15 15:53:31', '2026-03-15 16:00:06', 1);
INSERT INTO `graph_info` VALUES (3601, 'room-17-bedroom.svg', 2, 17, '/generated/rooms/room-17-bedroom.svg', '2026-03-15 15:53:31', '2026-03-15 16:00:06', 1);
INSERT INTO `graph_info` VALUES (3602, 'room-17-living-room.svg', 2, 17, '/generated/rooms/room-17-living-room.svg', '2026-03-15 15:53:31', '2026-03-15 16:00:06', 1);
INSERT INTO `graph_info` VALUES (3603, 'room-17-kitchen.svg', 2, 17, '/generated/rooms/room-17-kitchen.svg', '2026-03-15 15:53:31', '2026-03-15 16:00:06', 1);
INSERT INTO `graph_info` VALUES (3604, 'room-273-bedroom.svg', 2, 273, '/generated/rooms/room-273-bedroom.svg', '2026-03-15 15:53:31', '2026-03-15 16:00:06', 1);
INSERT INTO `graph_info` VALUES (3605, 'room-273-living-room.svg', 2, 273, '/generated/rooms/room-273-living-room.svg', '2026-03-15 15:53:31', '2026-03-15 16:00:06', 1);
INSERT INTO `graph_info` VALUES (3606, 'room-273-kitchen.svg', 2, 273, '/generated/rooms/room-273-kitchen.svg', '2026-03-15 15:53:31', '2026-03-15 16:00:06', 1);
INSERT INTO `graph_info` VALUES (3607, 'room-274-bedroom.svg', 2, 274, '/generated/rooms/room-274-bedroom.svg', '2026-03-15 15:53:31', '2026-03-15 16:00:06', 1);
INSERT INTO `graph_info` VALUES (3608, 'room-274-living-room.svg', 2, 274, '/generated/rooms/room-274-living-room.svg', '2026-03-15 15:53:31', '2026-03-15 16:00:06', 1);
INSERT INTO `graph_info` VALUES (3609, 'room-274-kitchen.svg', 2, 274, '/generated/rooms/room-274-kitchen.svg', '2026-03-15 15:53:31', '2026-03-15 16:00:06', 1);
INSERT INTO `graph_info` VALUES (3610, 'room-275-bedroom.svg', 2, 275, '/generated/rooms/room-275-bedroom.svg', '2026-03-15 15:53:31', '2026-03-15 16:00:06', 1);
INSERT INTO `graph_info` VALUES (3611, 'room-275-living-room.svg', 2, 275, '/generated/rooms/room-275-living-room.svg', '2026-03-15 15:53:31', '2026-03-15 16:00:06', 1);
INSERT INTO `graph_info` VALUES (3612, 'room-275-kitchen.svg', 2, 275, '/generated/rooms/room-275-kitchen.svg', '2026-03-15 15:53:31', '2026-03-15 16:00:06', 1);
INSERT INTO `graph_info` VALUES (3613, 'room-276-bedroom.svg', 2, 276, '/generated/rooms/room-276-bedroom.svg', '2026-03-15 15:53:31', '2026-03-15 16:00:06', 1);
INSERT INTO `graph_info` VALUES (3614, 'room-276-living-room.svg', 2, 276, '/generated/rooms/room-276-living-room.svg', '2026-03-15 15:53:31', '2026-03-15 16:00:06', 1);
INSERT INTO `graph_info` VALUES (3615, 'room-276-kitchen.svg', 2, 276, '/generated/rooms/room-276-kitchen.svg', '2026-03-15 15:53:31', '2026-03-15 16:00:06', 1);
INSERT INTO `graph_info` VALUES (3616, 'room-277-bedroom.svg', 2, 277, '/generated/rooms/room-277-bedroom.svg', '2026-03-15 15:53:31', '2026-03-15 16:00:06', 1);
INSERT INTO `graph_info` VALUES (3617, 'room-277-living-room.svg', 2, 277, '/generated/rooms/room-277-living-room.svg', '2026-03-15 15:53:31', '2026-03-15 16:00:06', 1);
INSERT INTO `graph_info` VALUES (3618, 'room-277-kitchen.svg', 2, 277, '/generated/rooms/room-277-kitchen.svg', '2026-03-15 15:53:31', '2026-03-15 16:00:06', 1);
INSERT INTO `graph_info` VALUES (3619, 'room-278-bedroom.svg', 2, 278, '/generated/rooms/room-278-bedroom.svg', '2026-03-15 15:53:31', '2026-03-15 16:00:06', 1);
INSERT INTO `graph_info` VALUES (3620, 'room-278-living-room.svg', 2, 278, '/generated/rooms/room-278-living-room.svg', '2026-03-15 15:53:31', '2026-03-15 16:00:06', 1);
INSERT INTO `graph_info` VALUES (3621, 'room-278-kitchen.svg', 2, 278, '/generated/rooms/room-278-kitchen.svg', '2026-03-15 15:53:31', '2026-03-15 16:00:06', 1);
INSERT INTO `graph_info` VALUES (3622, 'room-279-bedroom.svg', 2, 279, '/generated/rooms/room-279-bedroom.svg', '2026-03-15 15:53:31', '2026-03-15 16:00:06', 1);
INSERT INTO `graph_info` VALUES (3623, 'room-279-living-room.svg', 2, 279, '/generated/rooms/room-279-living-room.svg', '2026-03-15 15:53:31', '2026-03-15 16:00:06', 1);
INSERT INTO `graph_info` VALUES (3624, 'room-279-kitchen.svg', 2, 279, '/generated/rooms/room-279-kitchen.svg', '2026-03-15 15:53:31', '2026-03-15 16:00:06', 1);
INSERT INTO `graph_info` VALUES (3625, 'room-280-bedroom.svg', 2, 280, '/generated/rooms/room-280-bedroom.svg', '2026-03-15 15:53:31', '2026-03-15 16:00:06', 1);
INSERT INTO `graph_info` VALUES (3626, 'room-280-living-room.svg', 2, 280, '/generated/rooms/room-280-living-room.svg', '2026-03-15 15:53:31', '2026-03-15 16:00:06', 1);
INSERT INTO `graph_info` VALUES (3627, 'room-280-kitchen.svg', 2, 280, '/generated/rooms/room-280-kitchen.svg', '2026-03-15 15:53:31', '2026-03-15 16:00:06', 1);
INSERT INTO `graph_info` VALUES (3628, 'room-281-bedroom.svg', 2, 281, '/generated/rooms/room-281-bedroom.svg', '2026-03-15 15:53:31', '2026-03-15 16:00:06', 1);
INSERT INTO `graph_info` VALUES (3629, 'room-281-living-room.svg', 2, 281, '/generated/rooms/room-281-living-room.svg', '2026-03-15 15:53:31', '2026-03-15 16:00:06', 1);
INSERT INTO `graph_info` VALUES (3630, 'room-281-kitchen.svg', 2, 281, '/generated/rooms/room-281-kitchen.svg', '2026-03-15 15:53:31', '2026-03-15 16:00:06', 1);
INSERT INTO `graph_info` VALUES (3631, 'room-282-bedroom.svg', 2, 282, '/generated/rooms/room-282-bedroom.svg', '2026-03-15 15:53:31', '2026-03-15 16:00:06', 1);
INSERT INTO `graph_info` VALUES (3632, 'room-282-living-room.svg', 2, 282, '/generated/rooms/room-282-living-room.svg', '2026-03-15 15:53:31', '2026-03-15 16:00:06', 1);
INSERT INTO `graph_info` VALUES (3633, 'room-282-kitchen.svg', 2, 282, '/generated/rooms/room-282-kitchen.svg', '2026-03-15 15:53:31', '2026-03-15 16:00:06', 1);
INSERT INTO `graph_info` VALUES (3634, 'room-283-bedroom.svg', 2, 283, '/generated/rooms/room-283-bedroom.svg', '2026-03-15 15:53:31', '2026-03-15 16:00:06', 1);
INSERT INTO `graph_info` VALUES (3635, 'room-283-living-room.svg', 2, 283, '/generated/rooms/room-283-living-room.svg', '2026-03-15 15:53:31', '2026-03-15 16:00:06', 1);
INSERT INTO `graph_info` VALUES (3636, 'room-283-kitchen.svg', 2, 283, '/generated/rooms/room-283-kitchen.svg', '2026-03-15 15:53:32', '2026-03-15 16:00:06', 1);
INSERT INTO `graph_info` VALUES (3637, 'room-284-bedroom.svg', 2, 284, '/generated/rooms/room-284-bedroom.svg', '2026-03-15 15:53:32', '2026-03-15 16:00:06', 1);
INSERT INTO `graph_info` VALUES (3638, 'room-284-living-room.svg', 2, 284, '/generated/rooms/room-284-living-room.svg', '2026-03-15 15:53:32', '2026-03-15 16:00:06', 1);
INSERT INTO `graph_info` VALUES (3639, 'room-284-kitchen.svg', 2, 284, '/generated/rooms/room-284-kitchen.svg', '2026-03-15 15:53:32', '2026-03-15 16:00:06', 1);
INSERT INTO `graph_info` VALUES (3640, 'room-285-bedroom.svg', 2, 285, '/generated/rooms/room-285-bedroom.svg', '2026-03-15 15:53:32', '2026-03-15 16:00:06', 1);
INSERT INTO `graph_info` VALUES (3641, 'room-285-living-room.svg', 2, 285, '/generated/rooms/room-285-living-room.svg', '2026-03-15 15:53:32', '2026-03-15 16:00:06', 1);
INSERT INTO `graph_info` VALUES (3642, 'room-285-kitchen.svg', 2, 285, '/generated/rooms/room-285-kitchen.svg', '2026-03-15 15:53:32', '2026-03-15 16:00:06', 1);
INSERT INTO `graph_info` VALUES (3643, 'room-286-bedroom.svg', 2, 286, '/generated/rooms/room-286-bedroom.svg', '2026-03-15 15:53:32', '2026-03-15 16:00:06', 1);
INSERT INTO `graph_info` VALUES (3644, 'room-286-living-room.svg', 2, 286, '/generated/rooms/room-286-living-room.svg', '2026-03-15 15:53:32', '2026-03-15 16:00:06', 1);
INSERT INTO `graph_info` VALUES (3645, 'room-286-kitchen.svg', 2, 286, '/generated/rooms/room-286-kitchen.svg', '2026-03-15 15:53:32', '2026-03-15 16:00:06', 1);
INSERT INTO `graph_info` VALUES (3646, 'room-287-bedroom.svg', 2, 287, '/generated/rooms/room-287-bedroom.svg', '2026-03-15 15:53:32', '2026-03-15 16:00:06', 1);
INSERT INTO `graph_info` VALUES (3647, 'room-287-living-room.svg', 2, 287, '/generated/rooms/room-287-living-room.svg', '2026-03-15 15:53:32', '2026-03-15 16:00:06', 1);
INSERT INTO `graph_info` VALUES (3648, 'room-287-kitchen.svg', 2, 287, '/generated/rooms/room-287-kitchen.svg', '2026-03-15 15:53:32', '2026-03-15 16:00:06', 1);
INSERT INTO `graph_info` VALUES (3649, 'room-288-bedroom.svg', 2, 288, '/generated/rooms/room-288-bedroom.svg', '2026-03-15 15:53:32', '2026-03-15 16:00:06', 1);
INSERT INTO `graph_info` VALUES (3650, 'room-288-living-room.svg', 2, 288, '/generated/rooms/room-288-living-room.svg', '2026-03-15 15:53:32', '2026-03-15 16:00:06', 1);
INSERT INTO `graph_info` VALUES (3651, 'room-288-kitchen.svg', 2, 288, '/generated/rooms/room-288-kitchen.svg', '2026-03-15 15:53:32', '2026-03-15 16:00:06', 1);
INSERT INTO `graph_info` VALUES (3652, 'room-289-bedroom.svg', 2, 289, '/generated/rooms/room-289-bedroom.svg', '2026-03-15 15:53:32', '2026-03-15 16:00:06', 1);
INSERT INTO `graph_info` VALUES (3653, 'room-289-living-room.svg', 2, 289, '/generated/rooms/room-289-living-room.svg', '2026-03-15 15:53:32', '2026-03-15 16:00:06', 1);
INSERT INTO `graph_info` VALUES (3654, 'room-289-kitchen.svg', 2, 289, '/generated/rooms/room-289-kitchen.svg', '2026-03-15 15:53:32', '2026-03-15 16:00:06', 1);
INSERT INTO `graph_info` VALUES (3655, 'room-290-bedroom.svg', 2, 290, '/generated/rooms/room-290-bedroom.svg', '2026-03-15 15:53:32', '2026-03-15 16:00:06', 1);
INSERT INTO `graph_info` VALUES (3656, 'room-290-living-room.svg', 2, 290, '/generated/rooms/room-290-living-room.svg', '2026-03-15 15:53:32', '2026-03-15 16:00:06', 1);
INSERT INTO `graph_info` VALUES (3657, 'room-290-kitchen.svg', 2, 290, '/generated/rooms/room-290-kitchen.svg', '2026-03-15 15:53:32', '2026-03-15 16:00:06', 1);
INSERT INTO `graph_info` VALUES (3658, 'room-291-bedroom.svg', 2, 291, '/generated/rooms/room-291-bedroom.svg', '2026-03-15 15:53:32', '2026-03-15 16:00:06', 1);
INSERT INTO `graph_info` VALUES (3659, 'room-291-living-room.svg', 2, 291, '/generated/rooms/room-291-living-room.svg', '2026-03-15 15:53:32', '2026-03-15 16:00:06', 1);
INSERT INTO `graph_info` VALUES (3660, 'room-291-kitchen.svg', 2, 291, '/generated/rooms/room-291-kitchen.svg', '2026-03-15 15:53:32', '2026-03-15 16:00:06', 1);
INSERT INTO `graph_info` VALUES (3661, 'room-292-bedroom.svg', 2, 292, '/generated/rooms/room-292-bedroom.svg', '2026-03-15 15:53:32', '2026-03-15 16:00:06', 1);
INSERT INTO `graph_info` VALUES (3662, 'room-292-living-room.svg', 2, 292, '/generated/rooms/room-292-living-room.svg', '2026-03-15 15:53:32', '2026-03-15 16:00:06', 1);
INSERT INTO `graph_info` VALUES (3663, 'room-292-kitchen.svg', 2, 292, '/generated/rooms/room-292-kitchen.svg', '2026-03-15 15:53:32', '2026-03-15 16:00:06', 1);
INSERT INTO `graph_info` VALUES (3664, 'room-293-bedroom.svg', 2, 293, '/generated/rooms/room-293-bedroom.svg', '2026-03-15 15:53:32', '2026-03-15 16:00:06', 1);
INSERT INTO `graph_info` VALUES (3665, 'room-293-living-room.svg', 2, 293, '/generated/rooms/room-293-living-room.svg', '2026-03-15 15:53:32', '2026-03-15 16:00:06', 1);
INSERT INTO `graph_info` VALUES (3666, 'room-293-kitchen.svg', 2, 293, '/generated/rooms/room-293-kitchen.svg', '2026-03-15 15:53:32', '2026-03-15 16:00:06', 1);
INSERT INTO `graph_info` VALUES (3667, 'room-294-bedroom.svg', 2, 294, '/generated/rooms/room-294-bedroom.svg', '2026-03-15 15:53:32', '2026-03-15 16:00:06', 1);
INSERT INTO `graph_info` VALUES (3668, 'room-294-living-room.svg', 2, 294, '/generated/rooms/room-294-living-room.svg', '2026-03-15 15:53:32', '2026-03-15 16:00:06', 1);
INSERT INTO `graph_info` VALUES (3669, 'room-294-kitchen.svg', 2, 294, '/generated/rooms/room-294-kitchen.svg', '2026-03-15 15:53:32', '2026-03-15 16:00:06', 1);
INSERT INTO `graph_info` VALUES (3670, 'room-295-bedroom.svg', 2, 295, '/generated/rooms/room-295-bedroom.svg', '2026-03-15 15:53:32', '2026-03-15 16:00:06', 1);
INSERT INTO `graph_info` VALUES (3671, 'room-295-living-room.svg', 2, 295, '/generated/rooms/room-295-living-room.svg', '2026-03-15 15:53:32', '2026-03-15 16:00:06', 1);
INSERT INTO `graph_info` VALUES (3672, 'room-295-kitchen.svg', 2, 295, '/generated/rooms/room-295-kitchen.svg', '2026-03-15 15:53:32', '2026-03-15 16:00:06', 1);
INSERT INTO `graph_info` VALUES (3673, 'room-296-bedroom.svg', 2, 296, '/generated/rooms/room-296-bedroom.svg', '2026-03-15 15:53:32', '2026-03-15 16:00:06', 1);
INSERT INTO `graph_info` VALUES (3674, 'room-296-living-room.svg', 2, 296, '/generated/rooms/room-296-living-room.svg', '2026-03-15 15:53:32', '2026-03-15 16:00:06', 1);
INSERT INTO `graph_info` VALUES (3675, 'room-296-kitchen.svg', 2, 296, '/generated/rooms/room-296-kitchen.svg', '2026-03-15 15:53:32', '2026-03-15 16:00:06', 1);
INSERT INTO `graph_info` VALUES (3676, 'room-297-bedroom.svg', 2, 297, '/generated/rooms/room-297-bedroom.svg', '2026-03-15 15:53:32', '2026-03-15 16:00:06', 1);
INSERT INTO `graph_info` VALUES (3677, 'room-297-living-room.svg', 2, 297, '/generated/rooms/room-297-living-room.svg', '2026-03-15 15:53:32', '2026-03-15 16:00:06', 1);
INSERT INTO `graph_info` VALUES (3678, 'room-297-kitchen.svg', 2, 297, '/generated/rooms/room-297-kitchen.svg', '2026-03-15 15:53:32', '2026-03-15 16:00:06', 1);
INSERT INTO `graph_info` VALUES (3679, 'room-298-bedroom.svg', 2, 298, '/generated/rooms/room-298-bedroom.svg', '2026-03-15 15:53:32', '2026-03-15 16:00:06', 1);
INSERT INTO `graph_info` VALUES (3680, 'room-298-living-room.svg', 2, 298, '/generated/rooms/room-298-living-room.svg', '2026-03-15 15:53:32', '2026-03-15 16:00:06', 1);
INSERT INTO `graph_info` VALUES (3681, 'room-298-kitchen.svg', 2, 298, '/generated/rooms/room-298-kitchen.svg', '2026-03-15 15:53:32', '2026-03-15 16:00:06', 1);
INSERT INTO `graph_info` VALUES (3682, 'room-299-bedroom.svg', 2, 299, '/generated/rooms/room-299-bedroom.svg', '2026-03-15 15:53:32', '2026-03-15 16:00:06', 1);
INSERT INTO `graph_info` VALUES (3683, 'room-299-living-room.svg', 2, 299, '/generated/rooms/room-299-living-room.svg', '2026-03-15 15:53:32', '2026-03-15 16:00:06', 1);
INSERT INTO `graph_info` VALUES (3684, 'room-299-kitchen.svg', 2, 299, '/generated/rooms/room-299-kitchen.svg', '2026-03-15 15:53:32', '2026-03-15 16:00:06', 1);
INSERT INTO `graph_info` VALUES (3685, 'room-300-bedroom.svg', 2, 300, '/generated/rooms/room-300-bedroom.svg', '2026-03-15 15:53:32', '2026-03-15 16:00:06', 1);
INSERT INTO `graph_info` VALUES (3686, 'room-300-living-room.svg', 2, 300, '/generated/rooms/room-300-living-room.svg', '2026-03-15 15:53:32', '2026-03-15 16:00:06', 1);
INSERT INTO `graph_info` VALUES (3687, 'room-300-kitchen.svg', 2, 300, '/generated/rooms/room-300-kitchen.svg', '2026-03-15 15:53:32', '2026-03-15 16:00:06', 1);
INSERT INTO `graph_info` VALUES (3688, 'room-301-bedroom.svg', 2, 301, '/generated/rooms/room-301-bedroom.svg', '2026-03-15 15:53:32', '2026-03-15 16:00:06', 1);
INSERT INTO `graph_info` VALUES (3689, 'room-301-living-room.svg', 2, 301, '/generated/rooms/room-301-living-room.svg', '2026-03-15 15:53:32', '2026-03-15 16:00:06', 1);
INSERT INTO `graph_info` VALUES (3690, 'room-301-kitchen.svg', 2, 301, '/generated/rooms/room-301-kitchen.svg', '2026-03-15 15:53:32', '2026-03-15 16:00:06', 1);
INSERT INTO `graph_info` VALUES (3691, 'room-302-bedroom.svg', 2, 302, '/generated/rooms/room-302-bedroom.svg', '2026-03-15 15:53:32', '2026-03-15 16:00:06', 1);
INSERT INTO `graph_info` VALUES (3692, 'room-302-living-room.svg', 2, 302, '/generated/rooms/room-302-living-room.svg', '2026-03-15 15:53:32', '2026-03-15 16:00:06', 1);
INSERT INTO `graph_info` VALUES (3693, 'room-302-kitchen.svg', 2, 302, '/generated/rooms/room-302-kitchen.svg', '2026-03-15 15:53:32', '2026-03-15 16:00:06', 1);
INSERT INTO `graph_info` VALUES (3694, 'room-303-bedroom.svg', 2, 303, '/generated/rooms/room-303-bedroom.svg', '2026-03-15 15:53:32', '2026-03-15 16:00:06', 1);
INSERT INTO `graph_info` VALUES (3695, 'room-303-living-room.svg', 2, 303, '/generated/rooms/room-303-living-room.svg', '2026-03-15 15:53:32', '2026-03-15 16:00:06', 1);
INSERT INTO `graph_info` VALUES (3696, 'room-303-kitchen.svg', 2, 303, '/generated/rooms/room-303-kitchen.svg', '2026-03-15 15:53:32', '2026-03-15 16:00:06', 1);
INSERT INTO `graph_info` VALUES (3697, 'room-304-bedroom.svg', 2, 304, '/generated/rooms/room-304-bedroom.svg', '2026-03-15 15:53:32', '2026-03-15 16:00:06', 1);
INSERT INTO `graph_info` VALUES (3698, 'room-304-living-room.svg', 2, 304, '/generated/rooms/room-304-living-room.svg', '2026-03-15 15:53:32', '2026-03-15 16:00:06', 1);
INSERT INTO `graph_info` VALUES (3699, 'room-304-kitchen.svg', 2, 304, '/generated/rooms/room-304-kitchen.svg', '2026-03-15 15:53:32', '2026-03-15 16:00:06', 1);
INSERT INTO `graph_info` VALUES (3700, 'room-305-bedroom.svg', 2, 305, '/generated/rooms/room-305-bedroom.svg', '2026-03-15 15:53:32', '2026-03-15 16:00:06', 1);
INSERT INTO `graph_info` VALUES (3701, 'room-305-living-room.svg', 2, 305, '/generated/rooms/room-305-living-room.svg', '2026-03-15 15:53:32', '2026-03-15 16:00:06', 1);
INSERT INTO `graph_info` VALUES (3702, 'room-305-kitchen.svg', 2, 305, '/generated/rooms/room-305-kitchen.svg', '2026-03-15 15:53:32', '2026-03-15 16:00:06', 1);
INSERT INTO `graph_info` VALUES (3703, 'room-306-bedroom.svg', 2, 306, '/generated/rooms/room-306-bedroom.svg', '2026-03-15 15:53:32', '2026-03-15 16:00:06', 1);
INSERT INTO `graph_info` VALUES (3704, 'room-306-living-room.svg', 2, 306, '/generated/rooms/room-306-living-room.svg', '2026-03-15 15:53:32', '2026-03-15 16:00:06', 1);
INSERT INTO `graph_info` VALUES (3705, 'room-306-kitchen.svg', 2, 306, '/generated/rooms/room-306-kitchen.svg', '2026-03-15 15:53:32', '2026-03-15 16:00:06', 1);
INSERT INTO `graph_info` VALUES (3706, 'room-307-bedroom.svg', 2, 307, '/generated/rooms/room-307-bedroom.svg', '2026-03-15 15:53:32', '2026-03-15 16:00:06', 1);
INSERT INTO `graph_info` VALUES (3707, 'room-307-living-room.svg', 2, 307, '/generated/rooms/room-307-living-room.svg', '2026-03-15 15:53:32', '2026-03-15 16:00:06', 1);
INSERT INTO `graph_info` VALUES (3708, 'room-307-kitchen.svg', 2, 307, '/generated/rooms/room-307-kitchen.svg', '2026-03-15 15:53:32', '2026-03-15 16:00:06', 1);
INSERT INTO `graph_info` VALUES (3709, 'room-308-bedroom.svg', 2, 308, '/generated/rooms/room-308-bedroom.svg', '2026-03-15 15:53:32', '2026-03-15 16:00:06', 1);
INSERT INTO `graph_info` VALUES (3710, 'room-308-living-room.svg', 2, 308, '/generated/rooms/room-308-living-room.svg', '2026-03-15 15:53:32', '2026-03-15 16:00:06', 1);
INSERT INTO `graph_info` VALUES (3711, 'room-308-kitchen.svg', 2, 308, '/generated/rooms/room-308-kitchen.svg', '2026-03-15 15:53:32', '2026-03-15 16:00:06', 1);
INSERT INTO `graph_info` VALUES (3712, 'room-309-bedroom.svg', 2, 309, '/generated/rooms/room-309-bedroom.svg', '2026-03-15 15:53:32', '2026-03-15 16:00:06', 1);
INSERT INTO `graph_info` VALUES (3713, 'room-309-living-room.svg', 2, 309, '/generated/rooms/room-309-living-room.svg', '2026-03-15 15:53:32', '2026-03-15 16:00:06', 1);
INSERT INTO `graph_info` VALUES (3714, 'room-309-kitchen.svg', 2, 309, '/generated/rooms/room-309-kitchen.svg', '2026-03-15 15:53:32', '2026-03-15 16:00:06', 1);
INSERT INTO `graph_info` VALUES (3715, 'room-310-bedroom.svg', 2, 310, '/generated/rooms/room-310-bedroom.svg', '2026-03-15 15:53:32', '2026-03-15 16:00:06', 1);
INSERT INTO `graph_info` VALUES (3716, 'room-310-living-room.svg', 2, 310, '/generated/rooms/room-310-living-room.svg', '2026-03-15 15:53:32', '2026-03-15 16:00:06', 1);
INSERT INTO `graph_info` VALUES (3717, 'room-310-kitchen.svg', 2, 310, '/generated/rooms/room-310-kitchen.svg', '2026-03-15 15:53:33', '2026-03-15 16:00:06', 1);
INSERT INTO `graph_info` VALUES (3718, 'room-311-bedroom.svg', 2, 311, '/generated/rooms/room-311-bedroom.svg', '2026-03-15 15:53:33', '2026-03-15 16:00:06', 1);
INSERT INTO `graph_info` VALUES (3719, 'room-311-living-room.svg', 2, 311, '/generated/rooms/room-311-living-room.svg', '2026-03-15 15:53:33', '2026-03-15 16:00:06', 1);
INSERT INTO `graph_info` VALUES (3720, 'room-311-kitchen.svg', 2, 311, '/generated/rooms/room-311-kitchen.svg', '2026-03-15 15:53:33', '2026-03-15 16:00:06', 1);
INSERT INTO `graph_info` VALUES (3721, 'room-312-bedroom.svg', 2, 312, '/generated/rooms/room-312-bedroom.svg', '2026-03-15 15:53:33', '2026-03-15 16:00:06', 1);
INSERT INTO `graph_info` VALUES (3722, 'room-312-living-room.svg', 2, 312, '/generated/rooms/room-312-living-room.svg', '2026-03-15 15:53:33', '2026-03-15 16:00:06', 1);
INSERT INTO `graph_info` VALUES (3723, 'room-312-kitchen.svg', 2, 312, '/generated/rooms/room-312-kitchen.svg', '2026-03-15 15:53:33', '2026-03-15 16:00:06', 1);
INSERT INTO `graph_info` VALUES (3724, 'room-313-bedroom.svg', 2, 313, '/generated/rooms/room-313-bedroom.svg', '2026-03-15 15:53:33', '2026-03-15 16:00:06', 1);
INSERT INTO `graph_info` VALUES (3725, 'room-313-living-room.svg', 2, 313, '/generated/rooms/room-313-living-room.svg', '2026-03-15 15:53:33', '2026-03-15 16:00:06', 1);
INSERT INTO `graph_info` VALUES (3726, 'room-313-kitchen.svg', 2, 313, '/generated/rooms/room-313-kitchen.svg', '2026-03-15 15:53:33', '2026-03-15 16:00:06', 1);
INSERT INTO `graph_info` VALUES (3727, 'room-314-bedroom.svg', 2, 314, '/generated/rooms/room-314-bedroom.svg', '2026-03-15 15:53:33', '2026-03-15 16:00:06', 1);
INSERT INTO `graph_info` VALUES (3728, 'room-314-living-room.svg', 2, 314, '/generated/rooms/room-314-living-room.svg', '2026-03-15 15:53:33', '2026-03-15 16:00:06', 1);
INSERT INTO `graph_info` VALUES (3729, 'room-314-kitchen.svg', 2, 314, '/generated/rooms/room-314-kitchen.svg', '2026-03-15 15:53:33', '2026-03-15 16:00:06', 1);
INSERT INTO `graph_info` VALUES (3730, 'room-315-bedroom.svg', 2, 315, '/generated/rooms/room-315-bedroom.svg', '2026-03-15 15:53:33', '2026-03-15 16:00:06', 1);
INSERT INTO `graph_info` VALUES (3731, 'room-315-living-room.svg', 2, 315, '/generated/rooms/room-315-living-room.svg', '2026-03-15 15:53:33', '2026-03-15 16:00:06', 1);
INSERT INTO `graph_info` VALUES (3732, 'room-315-kitchen.svg', 2, 315, '/generated/rooms/room-315-kitchen.svg', '2026-03-15 15:53:33', '2026-03-15 16:00:06', 1);
INSERT INTO `graph_info` VALUES (3733, 'room-316-bedroom.svg', 2, 316, '/generated/rooms/room-316-bedroom.svg', '2026-03-15 15:53:33', '2026-03-15 16:00:06', 1);
INSERT INTO `graph_info` VALUES (3734, 'room-316-living-room.svg', 2, 316, '/generated/rooms/room-316-living-room.svg', '2026-03-15 15:53:33', '2026-03-15 16:00:06', 1);
INSERT INTO `graph_info` VALUES (3735, 'room-316-kitchen.svg', 2, 316, '/generated/rooms/room-316-kitchen.svg', '2026-03-15 15:53:33', '2026-03-15 16:00:06', 1);
INSERT INTO `graph_info` VALUES (3736, 'room-317-bedroom.svg', 2, 317, '/generated/rooms/room-317-bedroom.svg', '2026-03-15 15:53:33', '2026-03-15 16:00:06', 1);
INSERT INTO `graph_info` VALUES (3737, 'room-317-living-room.svg', 2, 317, '/generated/rooms/room-317-living-room.svg', '2026-03-15 15:53:33', '2026-03-15 16:00:06', 1);
INSERT INTO `graph_info` VALUES (3738, 'room-317-kitchen.svg', 2, 317, '/generated/rooms/room-317-kitchen.svg', '2026-03-15 15:53:33', '2026-03-15 16:00:06', 1);
INSERT INTO `graph_info` VALUES (3739, 'room-318-bedroom.svg', 2, 318, '/generated/rooms/room-318-bedroom.svg', '2026-03-15 15:53:33', '2026-03-15 16:00:06', 1);
INSERT INTO `graph_info` VALUES (3740, 'room-318-living-room.svg', 2, 318, '/generated/rooms/room-318-living-room.svg', '2026-03-15 15:53:33', '2026-03-15 16:00:06', 1);
INSERT INTO `graph_info` VALUES (3741, 'room-318-kitchen.svg', 2, 318, '/generated/rooms/room-318-kitchen.svg', '2026-03-15 15:53:33', '2026-03-15 16:00:06', 1);
INSERT INTO `graph_info` VALUES (3742, 'room-319-bedroom.svg', 2, 319, '/generated/rooms/room-319-bedroom.svg', '2026-03-15 15:53:33', '2026-03-15 16:00:06', 1);
INSERT INTO `graph_info` VALUES (3743, 'room-319-living-room.svg', 2, 319, '/generated/rooms/room-319-living-room.svg', '2026-03-15 15:53:33', '2026-03-15 16:00:06', 1);
INSERT INTO `graph_info` VALUES (3744, 'room-319-kitchen.svg', 2, 319, '/generated/rooms/room-319-kitchen.svg', '2026-03-15 15:53:33', '2026-03-15 16:00:06', 1);
INSERT INTO `graph_info` VALUES (3745, 'room-320-bedroom.svg', 2, 320, '/generated/rooms/room-320-bedroom.svg', '2026-03-15 15:53:33', '2026-03-15 16:00:06', 1);
INSERT INTO `graph_info` VALUES (3746, 'room-320-living-room.svg', 2, 320, '/generated/rooms/room-320-living-room.svg', '2026-03-15 15:53:33', '2026-03-15 16:00:06', 1);
INSERT INTO `graph_info` VALUES (3747, 'room-320-kitchen.svg', 2, 320, '/generated/rooms/room-320-kitchen.svg', '2026-03-15 15:53:33', '2026-03-15 16:00:06', 1);
INSERT INTO `graph_info` VALUES (3748, 'room-321-bedroom.svg', 2, 321, '/generated/rooms/room-321-bedroom.svg', '2026-03-15 15:53:33', '2026-03-15 16:00:06', 1);
INSERT INTO `graph_info` VALUES (3749, 'room-321-living-room.svg', 2, 321, '/generated/rooms/room-321-living-room.svg', '2026-03-15 15:53:33', '2026-03-15 16:00:06', 1);
INSERT INTO `graph_info` VALUES (3750, 'room-321-kitchen.svg', 2, 321, '/generated/rooms/room-321-kitchen.svg', '2026-03-15 15:53:33', '2026-03-15 16:00:06', 1);
INSERT INTO `graph_info` VALUES (3751, 'room-322-bedroom.svg', 2, 322, '/generated/rooms/room-322-bedroom.svg', '2026-03-15 15:53:33', '2026-03-15 16:00:06', 1);
INSERT INTO `graph_info` VALUES (3752, 'room-322-living-room.svg', 2, 322, '/generated/rooms/room-322-living-room.svg', '2026-03-15 15:53:33', '2026-03-15 16:00:06', 1);
INSERT INTO `graph_info` VALUES (3753, 'room-322-kitchen.svg', 2, 322, '/generated/rooms/room-322-kitchen.svg', '2026-03-15 15:53:33', '2026-03-15 16:00:06', 1);
INSERT INTO `graph_info` VALUES (3754, '公寓外观2.jpg', 1, 9, 'http://39.108.84.96:9000/lease/20260315/3383a9f0-8eb4-44f9-b6ee-6b591d866194-公寓外观2.jpg', '2026-03-15 17:23:32', NULL, 1);
INSERT INTO `graph_info` VALUES (3755, '公寓外观.jpg', 2, 273, 'http://39.108.84.96:9000/lease/20260315/b12e3746-bfa5-46b4-bda4-f592509132ad-公寓外观.jpg', '2026-03-15 17:25:37', NULL, 1);
INSERT INTO `graph_info` VALUES (3756, '公寓外观.jpg', 2, 2, 'http://39.108.84.96:9000/lease/20260315/47985389-52b2-4437-bc8a-0f2e0dec6637-公寓外观.jpg', '2026-03-15 17:27:11', NULL, 1);
INSERT INTO `graph_info` VALUES (3757, '7a3b5aee-e88a-436a-892e-31de8b74dfef.jpg', 1, 9, 'http://39.108.84.96:9000/lease/20260315/a65e996e-215b-41a1-880a-aa7dceae2881-7a3b5aee-e88a-436a-892e-31de8b74dfef.jpg', '2026-03-15 17:42:53', NULL, 1);
INSERT INTO `graph_info` VALUES (3758, '公寓外观.jpg', 2, 2, 'http://39.108.84.96:9000/lease/20260315/47985389-52b2-4437-bc8a-0f2e0dec6637-公寓外观.jpg', '2026-03-15 17:45:08', NULL, 1);
INSERT INTO `graph_info` VALUES (3759, 'grok-image-703266ba-cd7c-49a2-aa1a-166893e5e524.png', 2, 2, 'http://39.108.84.96:9000/lease/20260315/23ae35f9-2763-43c3-bfcd-634f6ad8d749-grok-image-703266ba-cd7c-49a2-aa1a-166893e5e524.png', '2026-03-15 17:45:08', NULL, 1);
INSERT INTO `graph_info` VALUES (3760, '公寓外观10.png', 2, 2, 'http://39.108.84.96:9000/lease/20260315/1d936992-cb73-4f4b-bb47-d05f2fe09ec4-公寓外观10.png', '2026-03-15 17:59:14', NULL, 1);
INSERT INTO `graph_info` VALUES (3761, '公寓外观9.png', 2, 2, 'http://39.108.84.96:9000/lease/20260315/1f8cba5c-1851-484d-93b3-e90436c5ba08-公寓外观9.png', '2026-03-15 17:59:14', NULL, 1);
INSERT INTO `graph_info` VALUES (3762, '公寓外观7.png', 2, 2, 'http://39.108.84.96:9000/lease/20260315/713ba329-d24c-4270-b975-cdf60ad29d9f-公寓外观7.png', '2026-03-15 17:59:14', NULL, 1);
INSERT INTO `graph_info` VALUES (3763, '公寓外观6.png', 2, 2, 'http://39.108.84.96:9000/lease/20260315/17e1afcf-2ea3-4511-816a-bc26e339a2f6-公寓外观6.png', '2026-03-15 17:59:14', NULL, 1);
INSERT INTO `graph_info` VALUES (3764, '生成公寓外观图片 (1).png', 2, 2, 'http://39.108.84.96:9000/lease/20260315/edd62d5a-220a-4d24-9012-e00dca5044d9-生成公寓外观图片 (1).png', '2026-03-15 17:59:14', NULL, 1);
INSERT INTO `graph_info` VALUES (3765, '7a3b5aee-e88a-436a-892e-31de8b74dfef.jpg', 1, 9, 'http://39.108.84.96:9000/lease/20260315/a65e996e-215b-41a1-880a-aa7dceae2881-7a3b5aee-e88a-436a-892e-31de8b74dfef.jpg', '2026-03-15 18:15:51', NULL, 1);
INSERT INTO `graph_info` VALUES (3766, '公寓外观7.png', 1, 9, 'http://39.108.84.96:9000/lease/20260315/24c9d00c-5cc6-41cb-ba96-31d99713ed0f-公寓外观7.png', '2026-03-15 18:15:51', NULL, 1);
INSERT INTO `graph_info` VALUES (3767, '生成公寓外观图片 (2).png', 1, 9, 'http://39.108.84.96:9000/lease/20260315/c06e429c-65c2-4264-a867-887cd65b70de-生成公寓外观图片 (2).png', '2026-03-15 18:15:51', NULL, 1);
INSERT INTO `graph_info` VALUES (3768, '公寓外观10.png', 2, 2, 'http://39.108.84.96:9000/lease/20260315/1d936992-cb73-4f4b-bb47-d05f2fe09ec4-公寓外观10.png', '2026-03-15 21:07:11', NULL, 1);
INSERT INTO `graph_info` VALUES (3769, '公寓外观9.png', 2, 2, 'http://39.108.84.96:9000/lease/20260315/1f8cba5c-1851-484d-93b3-e90436c5ba08-公寓外观9.png', '2026-03-15 21:07:11', NULL, 1);
INSERT INTO `graph_info` VALUES (3770, '公寓外观10.png', 2, 2, 'http://39.108.84.96:9000/lease/20260315/1d936992-cb73-4f4b-bb47-d05f2fe09ec4-公寓外观10.png', '2026-03-15 21:16:55', NULL, 1);
INSERT INTO `graph_info` VALUES (3771, '公寓外观9.png', 2, 2, 'http://39.108.84.96:9000/lease/20260315/1f8cba5c-1851-484d-93b3-e90436c5ba08-公寓外观9.png', '2026-03-15 21:16:55', NULL, 1);
INSERT INTO `graph_info` VALUES (3772, '生成公寓外观图片 (2).png', 2, 2, 'http://39.108.84.96:9000/lease/20260315/b5916bbd-d3b8-49a7-81ba-595b9db3c0a7-生成公寓外观图片 (2).png', '2026-03-15 21:16:55', NULL, 1);
INSERT INTO `graph_info` VALUES (3773, '卧室.jpg', 2, 273, 'http://39.108.84.96:9000/lease/20260316/b19d4643-c0a1-4a9d-ad29-4f31d1bcc4d5-卧室.jpg', '2026-03-16 15:01:55', NULL, 1);
INSERT INTO `graph_info` VALUES (3774, '客厅.jpg', 2, 273, 'http://39.108.84.96:9000/lease/20260316/848a7558-afe4-43a2-a71e-e31887cc18fc-客厅.jpg', '2026-03-16 15:01:55', NULL, 1);
INSERT INTO `graph_info` VALUES (3775, '健身房.jpg', 2, 273, 'http://39.108.84.96:9000/lease/20260316/af5849be-1b29-4c3c-929e-aa59840ecd8a-健身房.jpg', '2026-03-16 15:01:55', NULL, 1);
INSERT INTO `graph_info` VALUES (3776, '卧室2.jpg', 2, 306, 'http://39.108.84.96:9000/lease/20260316/1f163b21-243b-49fa-94c6-deea094032d5-卧室2.jpg', '2026-03-16 15:02:25', NULL, 1);
INSERT INTO `graph_info` VALUES (3777, '健身房.jpg', 2, 306, 'http://39.108.84.96:9000/lease/20260316/19ba1bac-91ef-4d08-97cd-6f256b5d682c-健身房.jpg', '2026-03-16 15:02:25', NULL, 1);
INSERT INTO `graph_info` VALUES (3778, '客厅.jpg', 2, 306, 'http://39.108.84.96:9000/lease/20260316/6c156f80-9144-4cf3-9060-32b9df6f419a-客厅.jpg', '2026-03-16 15:02:25', NULL, 1);
INSERT INTO `graph_info` VALUES (3779, '卧室7.png', 2, 274, 'http://39.108.84.96:9000/lease/20260316/4f11b5bb-3a18-47fd-9128-e2a67dfcadb9-卧室7.png', '2026-03-16 15:02:43', NULL, 1);
INSERT INTO `graph_info` VALUES (3780, '健身房.jpg', 2, 274, 'http://39.108.84.96:9000/lease/20260316/7020624e-319d-4824-b3ba-c5ec5232dfe4-健身房.jpg', '2026-03-16 15:02:43', NULL, 1);
INSERT INTO `graph_info` VALUES (3781, '客厅.jpg', 2, 274, 'http://39.108.84.96:9000/lease/20260316/ad77267f-28f7-4199-81c9-187a4d0d86a3-客厅.jpg', '2026-03-16 15:02:43', NULL, 1);
INSERT INTO `graph_info` VALUES (3782, '卧室2.jpg', 2, 293, 'http://39.108.84.96:9000/lease/20260316/64ead78a-6e73-48ae-b1dd-182c20172ea0-卧室2.jpg', '2026-03-16 15:03:45', NULL, 1);
INSERT INTO `graph_info` VALUES (3783, '客厅2.jpg', 2, 293, 'http://39.108.84.96:9000/lease/20260316/e4662066-e202-4ed7-84c1-35d8042a1a82-客厅2.jpg', '2026-03-16 15:03:45', NULL, 1);
INSERT INTO `graph_info` VALUES (3784, '健身房.jpg', 2, 293, 'http://39.108.84.96:9000/lease/20260316/14213f07-490b-423f-af76-3d97c0fa5796-健身房.jpg', '2026-03-16 15:03:45', NULL, 1);
INSERT INTO `graph_info` VALUES (3785, '卧室4.jpg', 2, 3, 'http://39.108.84.96:9000/lease/20260316/80981374-885b-4292-b0c2-8987dba40470-卧室4.jpg', '2026-03-16 15:04:03', NULL, 1);
INSERT INTO `graph_info` VALUES (3786, '客厅2.jpg', 2, 3, 'http://39.108.84.96:9000/lease/20260316/696791b5-07be-4aed-8490-48de7a2498be-客厅2.jpg', '2026-03-16 15:04:03', NULL, 1);
INSERT INTO `graph_info` VALUES (3787, '卧室8.jpg', 2, 8, 'http://39.108.84.96:9000/lease/20260316/b5c6c793-afca-4521-a631-637fce3b1bff-卧室8.jpg', '2026-03-16 15:04:13', NULL, 1);
INSERT INTO `graph_info` VALUES (3788, '客厅4.png', 2, 8, 'http://39.108.84.96:9000/lease/20260316/5615fcb3-ecad-4b9a-814e-2d0a2303ae57-客厅4.png', '2026-03-16 15:04:13', NULL, 1);
INSERT INTO `graph_info` VALUES (3789, '卧室5.jpg', 2, 10, 'http://39.108.84.96:9000/lease/20260316/416c2504-d34d-440b-af1d-3f448babe964-卧室5.jpg', '2026-03-16 15:04:21', NULL, 1);
INSERT INTO `graph_info` VALUES (3790, '客厅3.jpg', 2, 10, 'http://39.108.84.96:9000/lease/20260316/71c7e4f8-3c82-4f5b-98f0-c5beeceb97f6-客厅3.jpg', '2026-03-16 15:04:21', NULL, 1);
INSERT INTO `graph_info` VALUES (3791, '客厅3.jpg', 2, 9, 'http://39.108.84.96:9000/lease/20260316/7114793f-f086-4e99-a19a-218f20692132-客厅3.jpg', '2026-03-16 15:04:30', NULL, 1);
INSERT INTO `graph_info` VALUES (3792, '卧室5.jpg', 2, 9, 'http://39.108.84.96:9000/lease/20260316/e2746ddb-2b8f-4031-9af9-6cda1e883734-卧室5.jpg', '2026-03-16 15:04:30', NULL, 1);
INSERT INTO `graph_info` VALUES (3793, '客厅.jpg', 2, 11, 'http://39.108.84.96:9000/lease/20260316/eecb6910-039f-4c82-bbda-10d7d93bf81e-客厅.jpg', '2026-03-16 15:04:43', NULL, 1);
INSERT INTO `graph_info` VALUES (3794, '卧室6.jpg', 2, 11, 'http://39.108.84.96:9000/lease/20260316/b1ba40e9-7dc0-4c46-b7ef-86c812b49669-卧室6.jpg', '2026-03-16 15:04:43', NULL, 1);
INSERT INTO `graph_info` VALUES (3795, '客厅.jpg', 2, 12, 'http://39.108.84.96:9000/lease/20260316/84f7fe5b-0894-4c49-bf53-79d0ac917bc9-客厅.jpg', '2026-03-16 15:05:13', NULL, 1);
INSERT INTO `graph_info` VALUES (3796, '卧室5.jpg', 2, 12, 'http://39.108.84.96:9000/lease/20260316/8c18ba9f-adbe-4939-86f4-d59ece3699cd-卧室5.jpg', '2026-03-16 15:05:13', NULL, 1);
INSERT INTO `graph_info` VALUES (3797, '卧室4.jpg', 2, 13, 'http://39.108.84.96:9000/lease/20260316/18c0f7c3-4994-4bb0-ac82-fa9c38e805fe-卧室4.jpg', '2026-03-16 15:05:25', NULL, 1);
INSERT INTO `graph_info` VALUES (3798, '客厅3.jpg', 2, 13, 'http://39.108.84.96:9000/lease/20260316/7a5a7a5c-2906-4444-b5e2-17077fb9e279-客厅3.jpg', '2026-03-16 15:05:25', NULL, 1);
INSERT INTO `graph_info` VALUES (3799, '卧室5.jpg', 2, 14, 'http://39.108.84.96:9000/lease/20260316/f4cb0981-3c23-45b2-b5cc-c595a91c07ac-卧室5.jpg', '2026-03-16 15:05:37', NULL, 1);
INSERT INTO `graph_info` VALUES (3800, '客厅3.jpg', 2, 14, 'http://39.108.84.96:9000/lease/20260316/bb2495cd-4cea-44f1-bea4-18f7cb5cbbe7-客厅3.jpg', '2026-03-16 15:05:37', NULL, 1);
INSERT INTO `graph_info` VALUES (3801, '卧室7.png', 2, 15, 'http://39.108.84.96:9000/lease/20260316/6dbb8280-fae0-417c-9de5-b52145492e54-卧室7.png', '2026-03-16 15:30:02', NULL, 1);
INSERT INTO `graph_info` VALUES (3802, '客厅4.png', 2, 15, 'http://39.108.84.96:9000/lease/20260316/e6abf642-dd90-4478-8014-cb1bf34a6ffc-客厅4.png', '2026-03-16 15:30:02', NULL, 1);
INSERT INTO `graph_info` VALUES (3803, '卧室6.jpg', 2, 16, 'http://39.108.84.96:9000/lease/20260316/86d99155-e07c-4b5f-970d-a0e20d003f4b-卧室6.jpg', '2026-03-16 15:45:08', NULL, 1);
INSERT INTO `graph_info` VALUES (3804, '客厅3.jpg', 2, 16, 'http://39.108.84.96:9000/lease/20260316/8888d357-afb5-4665-aeba-b7dc7aa02760-客厅3.jpg', '2026-03-16 15:45:08', NULL, 1);
INSERT INTO `graph_info` VALUES (3805, '1', 2, 313, 'http://39.108.84.96:9000/lease/20260316/fc834041-81f3-48bf-96f0-7ea73b98aa99-卧室2.jpg', '2026-03-16 15:53:47', NULL, 0);
INSERT INTO `graph_info` VALUES (3806, '2', 2, 313, 'http://39.108.84.96:9000/lease/20260316/8eea9899-2bcf-4ea2-ae11-72d93f7c8dc4-客厅2.jpg', '2026-03-16 15:53:47', NULL, 0);
INSERT INTO `graph_info` VALUES (3807, '1', 2, 314, 'http://39.108.84.96:9000/lease/20260316/e7427273-dcf5-4718-8f08-6ff6b9abf3f9-卧室7.png', '2026-03-16 15:53:48', NULL, 0);
INSERT INTO `graph_info` VALUES (3808, '2', 2, 314, 'http://39.108.84.96:9000/lease/20260316/5cb27f44-ad14-4f1b-981c-96b9f3f08dcc-客厅4.png', '2026-03-16 15:53:48', NULL, 0);
INSERT INTO `graph_info` VALUES (3809, '1', 2, 315, 'http://39.108.84.96:9000/lease/20260316/ae58f4ff-9145-470c-b7f6-f3086364e570-卧室5.jpg', '2026-03-16 15:53:49', NULL, 0);
INSERT INTO `graph_info` VALUES (3810, '2', 2, 315, 'http://39.108.84.96:9000/lease/20260316/2ac5c33f-aef7-40d0-8706-c631c085bb81-客厅4.png', '2026-03-16 15:53:49', NULL, 0);
INSERT INTO `graph_info` VALUES (3811, '1', 2, 316, 'http://39.108.84.96:9000/lease/20260316/00a5825d-c28b-43f5-9261-0a1186433c25-卧室7.png', '2026-03-16 15:53:49', NULL, 0);
INSERT INTO `graph_info` VALUES (3812, '2', 2, 316, 'http://39.108.84.96:9000/lease/20260316/5c056888-6cd9-4f3e-bd53-8347e26803b7-客厅2.jpg', '2026-03-16 15:53:49', NULL, 0);
INSERT INTO `graph_info` VALUES (3813, '1', 2, 317, 'http://39.108.84.96:9000/lease/20260316/24964173-8362-4b4f-bd88-5d9ae4280867-卧室6.jpg', '2026-03-16 15:53:50', NULL, 0);
INSERT INTO `graph_info` VALUES (3814, '2', 2, 317, 'http://39.108.84.96:9000/lease/20260316/ca2e1a13-b070-44d3-a92d-63556237b214-客厅.jpg', '2026-03-16 15:53:50', NULL, 0);
INSERT INTO `graph_info` VALUES (3815, '1', 2, 318, 'http://39.108.84.96:9000/lease/20260316/395f41c8-d09a-4020-8cd2-560c5d4a5fb3-卧室.jpg', '2026-03-16 15:53:51', NULL, 0);
INSERT INTO `graph_info` VALUES (3816, '2', 2, 318, 'http://39.108.84.96:9000/lease/20260316/d9b8e384-6483-42ab-9b7d-f5f9117544c1-客厅4.png', '2026-03-16 15:53:51', NULL, 0);
INSERT INTO `graph_info` VALUES (3817, '1', 2, 319, 'http://39.108.84.96:9000/lease/20260316/1178ea29-cecf-48d1-8182-dc704e43b90b-卧室.jpg', '2026-03-16 15:53:52', NULL, 0);
INSERT INTO `graph_info` VALUES (3818, '2', 2, 319, 'http://39.108.84.96:9000/lease/20260316/2b358485-88cd-4cb2-9c5f-da7c761f2243-客厅4.png', '2026-03-16 15:53:52', NULL, 0);
INSERT INTO `graph_info` VALUES (3819, '1', 2, 320, 'http://39.108.84.96:9000/lease/20260316/1c821d72-5919-4f25-b675-7e8c92213d3b-卧室4.jpg', '2026-03-16 15:53:53', NULL, 0);
INSERT INTO `graph_info` VALUES (3820, '2', 2, 320, 'http://39.108.84.96:9000/lease/20260316/d7bbf399-8c5a-4425-a180-fd4229efba09-客厅2.jpg', '2026-03-16 15:53:53', NULL, 0);
INSERT INTO `graph_info` VALUES (3821, '1', 2, 321, 'http://39.108.84.96:9000/lease/20260316/2c5cfb6a-bd63-4a6a-9972-dc48549b2087-卧室5.jpg', '2026-03-16 15:53:53', NULL, 0);
INSERT INTO `graph_info` VALUES (3822, '2', 2, 321, 'http://39.108.84.96:9000/lease/20260316/1ee8747a-a8db-4675-b8a5-b5ccc051b21b-客厅2.jpg', '2026-03-16 15:53:53', NULL, 0);
INSERT INTO `graph_info` VALUES (3823, '1', 2, 322, 'http://39.108.84.96:9000/lease/20260316/b52da1df-9e50-40a9-98a1-0c9030a92bff-卧室4.jpg', '2026-03-16 15:53:54', NULL, 0);
INSERT INTO `graph_info` VALUES (3824, '2', 2, 322, 'http://39.108.84.96:9000/lease/20260316/93493278-2008-4f9a-8876-4802970ec9bb-客厅2.jpg', '2026-03-16 15:53:54', NULL, 0);
INSERT INTO `graph_info` VALUES (3825, '4', 2, 273, 'http://39.108.84.96:9000/lease/20260316/c6431b3c-a961-4474-b4c3-2906e8125231-卧室3.jpg', '2026-03-16 15:55:31', NULL, 0);
INSERT INTO `graph_info` VALUES (3826, '5', 2, 273, 'http://39.108.84.96:9000/lease/20260316/7e26b982-dc0a-45dc-9da7-591c81634d83-客厅4.png', '2026-03-16 15:55:31', NULL, 0);
INSERT INTO `graph_info` VALUES (3827, '4', 2, 274, 'http://39.108.84.96:9000/lease/20260316/713d42ef-b70a-4a26-a1c8-154a1f60408b-卧室4.jpg', '2026-03-16 15:55:32', NULL, 0);
INSERT INTO `graph_info` VALUES (3828, '5', 2, 274, 'http://39.108.84.96:9000/lease/20260316/f9bcd418-ae17-4c2c-88d8-4af565915cbc-客厅.jpg', '2026-03-16 15:55:32', NULL, 0);
INSERT INTO `graph_info` VALUES (3829, '1', 2, 275, 'http://39.108.84.96:9000/lease/20260316/7dce4822-2d20-4da2-8db9-4702881cfa29-卧室7.png', '2026-03-16 15:55:33', NULL, 0);
INSERT INTO `graph_info` VALUES (3830, '2', 2, 275, 'http://39.108.84.96:9000/lease/20260316/80f8e4f0-f9a5-4c2f-a4b4-2c001485d8ed-客厅.jpg', '2026-03-16 15:55:33', NULL, 0);
INSERT INTO `graph_info` VALUES (3831, '1', 2, 276, 'http://39.108.84.96:9000/lease/20260316/7f7fba66-62e9-40d8-be2d-35e7cff88be2-卧室6.jpg', '2026-03-16 15:55:34', NULL, 0);
INSERT INTO `graph_info` VALUES (3832, '2', 2, 276, 'http://39.108.84.96:9000/lease/20260316/cb66bcbd-1763-4d6e-a279-52288a10cda1-客厅.jpg', '2026-03-16 15:55:34', NULL, 0);
INSERT INTO `graph_info` VALUES (3833, '1', 2, 277, 'http://39.108.84.96:9000/lease/20260316/d344df5f-9d7f-49c8-ba8d-d8408eca7c49-卧室2.jpg', '2026-03-16 15:55:35', NULL, 0);
INSERT INTO `graph_info` VALUES (3834, '2', 2, 277, 'http://39.108.84.96:9000/lease/20260316/a1765b8c-fe53-4c3a-8614-4c61bf2bb499-客厅4.png', '2026-03-16 15:55:35', NULL, 0);
INSERT INTO `graph_info` VALUES (3835, '1', 2, 278, 'http://39.108.84.96:9000/lease/20260316/2cbbaeba-5d20-45e3-ad1b-7e64a788adf0-卧室.jpg', '2026-03-16 15:55:36', NULL, 0);
INSERT INTO `graph_info` VALUES (3836, '2', 2, 278, 'http://39.108.84.96:9000/lease/20260316/c886c7ea-57e4-4bf5-8ffc-d544b29906de-客厅3.jpg', '2026-03-16 15:55:36', NULL, 0);
INSERT INTO `graph_info` VALUES (3837, '1', 2, 279, 'http://39.108.84.96:9000/lease/20260316/c9edfc11-3a14-4c86-af2c-dd23e88f54d1-卧室8.jpg', '2026-03-16 15:55:37', NULL, 0);
INSERT INTO `graph_info` VALUES (3838, '2', 2, 279, 'http://39.108.84.96:9000/lease/20260316/ece1c0b0-1d92-4086-9963-637aa93a5aad-客厅3.jpg', '2026-03-16 15:55:37', NULL, 0);
INSERT INTO `graph_info` VALUES (3839, '1', 2, 280, 'http://39.108.84.96:9000/lease/20260316/dd2c87f4-b3c2-4478-9b54-a1dc5ea1aa05-卧室.jpg', '2026-03-16 15:55:38', NULL, 0);
INSERT INTO `graph_info` VALUES (3840, '2', 2, 280, 'http://39.108.84.96:9000/lease/20260316/76480810-de89-40a4-8b02-bc1c6cd5c16d-客厅.jpg', '2026-03-16 15:55:38', NULL, 0);
INSERT INTO `graph_info` VALUES (3841, '1', 2, 281, 'http://39.108.84.96:9000/lease/20260316/84caffa7-6367-43f9-989a-ef71bd53a0fd-卧室6.jpg', '2026-03-16 15:55:38', NULL, 0);
INSERT INTO `graph_info` VALUES (3842, '2', 2, 281, 'http://39.108.84.96:9000/lease/20260316/25927ff5-7813-49a0-852f-39a9b0a8ef2a-客厅3.jpg', '2026-03-16 15:55:38', NULL, 0);
INSERT INTO `graph_info` VALUES (3843, '1', 2, 282, 'http://39.108.84.96:9000/lease/20260316/170ab695-a7a9-448b-8357-37f033468070-卧室6.jpg', '2026-03-16 15:55:39', NULL, 0);
INSERT INTO `graph_info` VALUES (3844, '2', 2, 282, 'http://39.108.84.96:9000/lease/20260316/d15b4467-1427-4410-912f-62be1e01d0ce-客厅.jpg', '2026-03-16 15:55:39', NULL, 0);
INSERT INTO `graph_info` VALUES (3845, '4', 2, 306, 'http://39.108.84.96:9000/lease/20260316/ebfe15f9-834c-4922-a881-0458ea91a3fa-卧室3.jpg', '2026-03-16 15:56:29', NULL, 0);
INSERT INTO `graph_info` VALUES (3846, '5', 2, 306, 'http://39.108.84.96:9000/lease/20260316/9b1c95cc-b4d0-44b5-9ef9-8c3668238ded-客厅2.jpg', '2026-03-16 15:56:29', NULL, 0);
INSERT INTO `graph_info` VALUES (3847, '1', 2, 303, 'http://39.108.84.96:9000/lease/20260316/292670a7-64bc-4938-88cd-e5296fcb3227-卧室4.jpg', '2026-03-16 15:56:30', NULL, 0);
INSERT INTO `graph_info` VALUES (3848, '2', 2, 303, 'http://39.108.84.96:9000/lease/20260316/a3006a27-dfb5-4bb2-8d38-525e22c10956-客厅4.png', '2026-03-16 15:56:30', NULL, 0);
INSERT INTO `graph_info` VALUES (3849, '1', 2, 304, 'http://39.108.84.96:9000/lease/20260316/c88e52ea-5a79-44d1-9edb-bd195561fffc-卧室7.png', '2026-03-16 15:56:31', NULL, 0);
INSERT INTO `graph_info` VALUES (3850, '2', 2, 304, 'http://39.108.84.96:9000/lease/20260316/e71061a7-9b14-4b09-a35f-528bb76e66ff-客厅3.jpg', '2026-03-16 15:56:31', NULL, 0);
INSERT INTO `graph_info` VALUES (3851, '1', 2, 305, 'http://39.108.84.96:9000/lease/20260316/ac8bba58-41ca-4e28-aac3-53f678cad6ee-卧室.jpg', '2026-03-16 15:56:32', NULL, 0);
INSERT INTO `graph_info` VALUES (3852, '2', 2, 305, 'http://39.108.84.96:9000/lease/20260316/44152751-f355-43d0-8346-9b00b34e4f6b-客厅2.jpg', '2026-03-16 15:56:32', NULL, 0);
INSERT INTO `graph_info` VALUES (3853, '1', 2, 307, 'http://39.108.84.96:9000/lease/20260316/67954f87-a17f-403a-94d0-fc8ddbb6b6cf-卧室2.jpg', '2026-03-16 15:56:33', NULL, 0);
INSERT INTO `graph_info` VALUES (3854, '2', 2, 307, 'http://39.108.84.96:9000/lease/20260316/5af51582-9120-4ac0-9fcf-e4f9f8d7b1ea-客厅.jpg', '2026-03-16 15:56:33', NULL, 0);
INSERT INTO `graph_info` VALUES (3855, '1', 2, 308, 'http://39.108.84.96:9000/lease/20260316/dbcb54d7-2a07-435e-acd2-29c97ca8161b-卧室8.jpg', '2026-03-16 15:56:33', NULL, 0);
INSERT INTO `graph_info` VALUES (3856, '2', 2, 308, 'http://39.108.84.96:9000/lease/20260316/6577d5ad-aeb2-413f-8371-f3193d09db44-客厅3.jpg', '2026-03-16 15:56:33', NULL, 0);
INSERT INTO `graph_info` VALUES (3857, '1', 2, 309, 'http://39.108.84.96:9000/lease/20260316/d726066e-4c70-4bc8-851c-4af77ba6154c-卧室.jpg', '2026-03-16 15:56:34', NULL, 0);
INSERT INTO `graph_info` VALUES (3858, '2', 2, 309, 'http://39.108.84.96:9000/lease/20260316/5a4092e3-b668-46c6-b8a7-8d962b94c236-客厅2.jpg', '2026-03-16 15:56:34', NULL, 0);
INSERT INTO `graph_info` VALUES (3859, '1', 2, 310, 'http://39.108.84.96:9000/lease/20260316/6dfc0cd5-ebc5-4d38-adf5-9fc6819a5b5f-卧室3.jpg', '2026-03-16 15:56:35', NULL, 0);
INSERT INTO `graph_info` VALUES (3860, '2', 2, 310, 'http://39.108.84.96:9000/lease/20260316/6fa6ccba-6352-4f9a-b6d2-9a00b24c4963-客厅2.jpg', '2026-03-16 15:56:35', NULL, 0);
INSERT INTO `graph_info` VALUES (3861, '1', 2, 311, 'http://39.108.84.96:9000/lease/20260316/89c37e60-6ff1-49c4-8064-6e92a2099643-卧室7.png', '2026-03-16 15:56:36', NULL, 0);
INSERT INTO `graph_info` VALUES (3862, '2', 2, 311, 'http://39.108.84.96:9000/lease/20260316/96af34d1-a0f2-4974-a486-c5943bd3fb8f-客厅.jpg', '2026-03-16 15:56:36', NULL, 0);
INSERT INTO `graph_info` VALUES (3863, '1', 2, 312, 'http://39.108.84.96:9000/lease/20260316/c591797e-50e8-4586-be4b-bab840f37430-卧室8.jpg', '2026-03-16 15:56:37', NULL, 0);
INSERT INTO `graph_info` VALUES (3864, '2', 2, 312, 'http://39.108.84.96:9000/lease/20260316/9e748a4b-8cbb-41d9-8ed8-e057bf69e7ae-客厅3.jpg', '2026-03-16 15:56:37', NULL, 0);
INSERT INTO `graph_info` VALUES (3865, '4', 2, 293, 'http://39.108.84.96:9000/lease/20260316/5c1b8073-0682-42b9-ba4d-e40f9372654b-卧室8.jpg', '2026-03-16 15:58:08', NULL, 0);
INSERT INTO `graph_info` VALUES (3866, '5', 2, 293, 'http://39.108.84.96:9000/lease/20260316/6ea48e18-1113-4a8c-9e6c-22ce928facb2-客厅.jpg', '2026-03-16 15:58:08', NULL, 0);
INSERT INTO `graph_info` VALUES (3867, '1', 2, 294, 'http://39.108.84.96:9000/lease/20260316/47b8ed41-2558-498a-b678-941f91349c51-卧室6.jpg', '2026-03-16 15:58:09', NULL, 0);
INSERT INTO `graph_info` VALUES (3868, '2', 2, 294, 'http://39.108.84.96:9000/lease/20260316/4ef399ee-f40a-45ff-911d-9fc89e7a38d4-客厅3.jpg', '2026-03-16 15:58:09', NULL, 0);
INSERT INTO `graph_info` VALUES (3869, '1', 2, 295, 'http://39.108.84.96:9000/lease/20260316/331fc9ce-e083-474c-858d-3e642c5448c2-卧室5.jpg', '2026-03-16 15:58:10', NULL, 0);
INSERT INTO `graph_info` VALUES (3870, '2', 2, 295, 'http://39.108.84.96:9000/lease/20260316/1b79117e-69d0-4cb9-864f-7d3865dff67b-客厅3.jpg', '2026-03-16 15:58:10', NULL, 0);
INSERT INTO `graph_info` VALUES (3871, '1', 2, 296, 'http://39.108.84.96:9000/lease/20260316/da4ac875-dad4-498e-b53d-ed44d7f5d27a-卧室5.jpg', '2026-03-16 15:58:11', NULL, 0);
INSERT INTO `graph_info` VALUES (3872, '2', 2, 296, 'http://39.108.84.96:9000/lease/20260316/52cacd00-cb16-4abc-9cdc-064fdf6d5b3f-客厅.jpg', '2026-03-16 15:58:11', NULL, 0);
INSERT INTO `graph_info` VALUES (3873, '1', 2, 297, 'http://39.108.84.96:9000/lease/20260316/8e377457-911c-4bbe-806e-bfbb07d6475f-卧室8.jpg', '2026-03-16 15:58:11', NULL, 0);
INSERT INTO `graph_info` VALUES (3874, '2', 2, 297, 'http://39.108.84.96:9000/lease/20260316/2897717d-5ea0-48d8-9a77-eea73999ed54-客厅3.jpg', '2026-03-16 15:58:11', NULL, 0);
INSERT INTO `graph_info` VALUES (3875, '1', 2, 298, 'http://39.108.84.96:9000/lease/20260316/c2af378d-c116-4e07-b8e0-20da56ad83b2-卧室7.png', '2026-03-16 15:58:12', NULL, 0);
INSERT INTO `graph_info` VALUES (3876, '2', 2, 298, 'http://39.108.84.96:9000/lease/20260316/5fd948ae-4f50-410a-8f5a-68ae676bf118-客厅2.jpg', '2026-03-16 15:58:12', NULL, 0);
INSERT INTO `graph_info` VALUES (3877, '1', 2, 299, 'http://39.108.84.96:9000/lease/20260316/689c437e-f31e-443f-a70f-e38c6a37caaa-卧室.jpg', '2026-03-16 15:58:13', NULL, 0);
INSERT INTO `graph_info` VALUES (3878, '2', 2, 299, 'http://39.108.84.96:9000/lease/20260316/6a6bab8e-7d6a-45ef-b58c-866b4dc97185-客厅.jpg', '2026-03-16 15:58:13', NULL, 0);
INSERT INTO `graph_info` VALUES (3879, '1', 2, 300, 'http://39.108.84.96:9000/lease/20260316/39e36131-09b6-4186-a6f5-8fff03773381-卧室2.jpg', '2026-03-16 15:58:14', NULL, 0);
INSERT INTO `graph_info` VALUES (3880, '2', 2, 300, 'http://39.108.84.96:9000/lease/20260316/66709950-24d1-4e8b-9aa9-b424c60420bb-客厅4.png', '2026-03-16 15:58:14', NULL, 0);
INSERT INTO `graph_info` VALUES (3881, '1', 2, 301, 'http://39.108.84.96:9000/lease/20260316/1b1a472d-7b52-4dee-b14a-737e361fa93a-卧室5.jpg', '2026-03-16 15:58:15', NULL, 0);
INSERT INTO `graph_info` VALUES (3882, '2', 2, 301, 'http://39.108.84.96:9000/lease/20260316/a13e12bc-4560-496f-80bb-5da8345d9c78-客厅.jpg', '2026-03-16 15:58:15', NULL, 0);
INSERT INTO `graph_info` VALUES (3883, '1', 2, 302, 'http://39.108.84.96:9000/lease/20260316/44dcbe4a-89e3-4bfe-9fdb-42e82246e754-卧室.jpg', '2026-03-16 15:58:16', NULL, 0);
INSERT INTO `graph_info` VALUES (3884, '2', 2, 302, 'http://39.108.84.96:9000/lease/20260316/3ac5f41e-54ec-4523-8916-189fb74be063-客厅.jpg', '2026-03-16 15:58:16', NULL, 0);
INSERT INTO `graph_info` VALUES (3885, '4', 2, 2, 'http://39.108.84.96:9000/lease/20260316/fb0a001a-dc1b-49c2-a4b0-fb16f25928d3-卧室4.jpg', '2026-03-16 15:59:21', NULL, 0);
INSERT INTO `graph_info` VALUES (3886, '5', 2, 2, 'http://39.108.84.96:9000/lease/20260316/f683aee8-53ae-4d0a-9c39-e318e5c1d0bc-客厅2.jpg', '2026-03-16 15:59:21', NULL, 0);
INSERT INTO `graph_info` VALUES (3887, '3', 2, 8, 'http://39.108.84.96:9000/lease/20260316/74f5a79b-5da2-45e0-bcf3-e1e70da1db88-卧室6.jpg', '2026-03-16 15:59:22', NULL, 0);
INSERT INTO `graph_info` VALUES (3888, '4', 2, 8, 'http://39.108.84.96:9000/lease/20260316/6d709ca7-2911-4a09-807d-ceb3a3e221f4-客厅4.png', '2026-03-16 15:59:22', NULL, 0);
INSERT INTO `graph_info` VALUES (3889, '3', 2, 9, 'http://39.108.84.96:9000/lease/20260316/19c5aba8-ff84-42b7-9ec2-481175cf2cc3-卧室3.jpg', '2026-03-16 15:59:23', NULL, 0);
INSERT INTO `graph_info` VALUES (3890, '4', 2, 9, 'http://39.108.84.96:9000/lease/20260316/e152d75c-375d-41cb-9696-77552c6041b9-客厅3.jpg', '2026-03-16 15:59:23', NULL, 0);
INSERT INTO `graph_info` VALUES (3891, '3', 2, 10, 'http://39.108.84.96:9000/lease/20260316/a2967121-21a9-466d-a178-471bea43d6bf-卧室8.jpg', '2026-03-16 15:59:24', NULL, 0);
INSERT INTO `graph_info` VALUES (3892, '4', 2, 10, 'http://39.108.84.96:9000/lease/20260316/7d69298a-3fd6-4070-af47-9fd2e86bc8ee-客厅2.jpg', '2026-03-16 15:59:24', NULL, 0);
INSERT INTO `graph_info` VALUES (3893, '3', 2, 11, 'http://39.108.84.96:9000/lease/20260316/2dcdffc4-a549-412a-a6ea-006aea734822-卧室5.jpg', '2026-03-16 15:59:25', NULL, 0);
INSERT INTO `graph_info` VALUES (3894, '4', 2, 11, 'http://39.108.84.96:9000/lease/20260316/40744162-5d0d-44a3-851d-be3894090b46-客厅4.png', '2026-03-16 15:59:25', NULL, 0);
INSERT INTO `graph_info` VALUES (3895, '3', 2, 12, 'http://39.108.84.96:9000/lease/20260316/e1bf0997-5c6b-4645-98c2-68e53eb3866a-卧室7.png', '2026-03-16 15:59:26', NULL, 0);
INSERT INTO `graph_info` VALUES (3896, '4', 2, 12, 'http://39.108.84.96:9000/lease/20260316/828b7b6a-b034-46ba-88b3-9da61122c5ef-客厅2.jpg', '2026-03-16 15:59:26', NULL, 0);
INSERT INTO `graph_info` VALUES (3897, '3', 2, 3, 'http://39.108.84.96:9000/lease/20260316/7ce23c12-5f61-4e2f-b35c-56a05ee9c830-卧室8.jpg', '2026-03-16 16:01:10', NULL, 0);
INSERT INTO `graph_info` VALUES (3898, '4', 2, 3, 'http://39.108.84.96:9000/lease/20260316/0057c4fa-c1b2-4d0f-b582-55f358165e7f-客厅4.png', '2026-03-16 16:01:10', NULL, 0);
INSERT INTO `graph_info` VALUES (3899, '3', 2, 13, 'http://39.108.84.96:9000/lease/20260316/1660020a-6b0e-4f42-a789-fffdf472fd37-卧室6.jpg', '2026-03-16 16:01:11', NULL, 0);
INSERT INTO `graph_info` VALUES (3900, '4', 2, 13, 'http://39.108.84.96:9000/lease/20260316/5eafa13c-31ce-42f5-9d5b-b7c7c9f97550-客厅3.jpg', '2026-03-16 16:01:11', NULL, 0);
INSERT INTO `graph_info` VALUES (3901, '3', 2, 14, 'http://39.108.84.96:9000/lease/20260316/4df75618-e977-431f-910a-e8a382b8fdab-卧室7.png', '2026-03-16 16:01:12', NULL, 0);
INSERT INTO `graph_info` VALUES (3902, '4', 2, 14, 'http://39.108.84.96:9000/lease/20260316/ee6776af-692a-412b-9761-49ff1745b962-客厅2.jpg', '2026-03-16 16:01:12', NULL, 0);
INSERT INTO `graph_info` VALUES (3903, '3', 2, 15, 'http://39.108.84.96:9000/lease/20260316/eb603684-6e1a-4787-922d-bb11ac23dddd-卧室5.jpg', '2026-03-16 16:01:13', NULL, 0);
INSERT INTO `graph_info` VALUES (3904, '4', 2, 15, 'http://39.108.84.96:9000/lease/20260316/9afc311e-4ecf-446b-8195-b56e034c24fe-客厅2.jpg', '2026-03-16 16:01:13', NULL, 0);
INSERT INTO `graph_info` VALUES (3905, '3', 2, 16, 'http://39.108.84.96:9000/lease/20260316/bccf7ffc-5e2d-4b1e-b37a-ddf9c45f1044-卧室.jpg', '2026-03-16 16:01:14', NULL, 0);
INSERT INTO `graph_info` VALUES (3906, '4', 2, 16, 'http://39.108.84.96:9000/lease/20260316/00698fee-0bb7-4fbd-9316-a1243f2cd6de-客厅3.jpg', '2026-03-16 16:01:14', NULL, 0);
INSERT INTO `graph_info` VALUES (3907, '1', 2, 17, 'http://39.108.84.96:9000/lease/20260316/145edafd-9522-4b59-af7d-b0b7bd67a215-卧室5.jpg', '2026-03-16 16:01:15', NULL, 0);
INSERT INTO `graph_info` VALUES (3908, '2', 2, 17, 'http://39.108.84.96:9000/lease/20260316/548420a5-23fe-4c0d-8810-014feb969736-客厅3.jpg', '2026-03-16 16:01:15', NULL, 0);
INSERT INTO `graph_info` VALUES (3909, '1', 2, 283, 'http://39.108.84.96:9000/lease/20260316/b7893f99-5c63-4091-8f02-6d8ea99578d2-卧室4.jpg', '2026-03-16 16:03:40', NULL, 0);
INSERT INTO `graph_info` VALUES (3910, '2', 2, 283, 'http://39.108.84.96:9000/lease/20260316/04385e49-3004-4376-903f-2a1714cb4044-客厅2.jpg', '2026-03-16 16:03:40', NULL, 0);
INSERT INTO `graph_info` VALUES (3911, '1', 2, 284, 'http://39.108.84.96:9000/lease/20260316/71a84721-3359-4ed9-8fb8-c9e455e98480-卧室6.jpg', '2026-03-16 16:03:41', NULL, 0);
INSERT INTO `graph_info` VALUES (3912, '2', 2, 284, 'http://39.108.84.96:9000/lease/20260316/0ead1b79-a841-4f88-8990-00d20146cd37-客厅2.jpg', '2026-03-16 16:03:41', NULL, 0);
INSERT INTO `graph_info` VALUES (3913, '1', 2, 285, 'http://39.108.84.96:9000/lease/20260316/89bfc151-ecd7-4c7f-a877-99f2c6e9752c-卧室7.png', '2026-03-16 16:03:42', NULL, 0);
INSERT INTO `graph_info` VALUES (3914, '2', 2, 285, 'http://39.108.84.96:9000/lease/20260316/34cb4319-da02-4aaf-8968-e6952210e15f-客厅.jpg', '2026-03-16 16:03:42', NULL, 0);
INSERT INTO `graph_info` VALUES (3915, '1', 2, 286, 'http://39.108.84.96:9000/lease/20260316/9f9eb523-7c64-4f8f-9c9c-869c006788f5-卧室8.jpg', '2026-03-16 16:03:42', NULL, 0);
INSERT INTO `graph_info` VALUES (3916, '2', 2, 286, 'http://39.108.84.96:9000/lease/20260316/0b1402ad-a864-496c-959e-3221c91ddf51-客厅3.jpg', '2026-03-16 16:03:42', NULL, 0);
INSERT INTO `graph_info` VALUES (3917, '1', 2, 287, 'http://39.108.84.96:9000/lease/20260316/04e0a863-a37b-4ba0-ba27-d5fea60f9a60-卧室5.jpg', '2026-03-16 16:03:43', NULL, 0);
INSERT INTO `graph_info` VALUES (3918, '2', 2, 287, 'http://39.108.84.96:9000/lease/20260316/e0bc7a60-fcad-43b0-a1ed-2bed2cbbafbf-客厅4.png', '2026-03-16 16:03:43', NULL, 0);
INSERT INTO `graph_info` VALUES (3919, '1', 2, 288, 'http://39.108.84.96:9000/lease/20260316/391e3d74-0bc3-4b22-99a1-2e0ff4273a94-卧室.jpg', '2026-03-16 16:03:44', NULL, 0);
INSERT INTO `graph_info` VALUES (3920, '2', 2, 288, 'http://39.108.84.96:9000/lease/20260316/babd2e94-ed28-473c-86fb-7fe20c23b55f-客厅3.jpg', '2026-03-16 16:03:44', NULL, 0);
INSERT INTO `graph_info` VALUES (3921, '1', 2, 289, 'http://39.108.84.96:9000/lease/20260316/be564ee7-6ffc-46d8-8d2d-6ade8e37fa83-卧室8.jpg', '2026-03-16 16:03:45', NULL, 0);
INSERT INTO `graph_info` VALUES (3922, '2', 2, 289, 'http://39.108.84.96:9000/lease/20260316/49998cb8-1123-4202-bc43-e98e2780655d-客厅.jpg', '2026-03-16 16:03:45', NULL, 0);
INSERT INTO `graph_info` VALUES (3923, '1', 2, 290, 'http://39.108.84.96:9000/lease/20260316/0bff9716-7c3a-4687-a1ff-d34e873ac19f-卧室6.jpg', '2026-03-16 16:03:46', NULL, 0);
INSERT INTO `graph_info` VALUES (3924, '2', 2, 290, 'http://39.108.84.96:9000/lease/20260316/4214373c-c208-42eb-9972-8d14f0f93888-客厅2.jpg', '2026-03-16 16:03:46', NULL, 0);
INSERT INTO `graph_info` VALUES (3925, '1', 2, 291, 'http://39.108.84.96:9000/lease/20260316/7a8fff39-dd98-4122-88ef-0c7da3b8ea90-卧室5.jpg', '2026-03-16 16:03:47', NULL, 0);
INSERT INTO `graph_info` VALUES (3926, '2', 2, 291, 'http://39.108.84.96:9000/lease/20260316/8581be78-fd8c-47d7-bbff-b49a842a0e96-客厅.jpg', '2026-03-16 16:03:47', NULL, 0);
INSERT INTO `graph_info` VALUES (3927, '1', 2, 292, 'http://39.108.84.96:9000/lease/20260316/8b5b1988-e432-4d50-a9f3-cebfcabc666f-卧室6.jpg', '2026-03-16 16:03:48', NULL, 0);
INSERT INTO `graph_info` VALUES (3928, '2', 2, 292, 'http://39.108.84.96:9000/lease/20260316/78ef6bbf-682f-4eb6-930f-1642128fe77a-客厅4.png', '2026-03-16 16:03:48', NULL, 0);
INSERT INTO `graph_info` VALUES (3929, '公寓外观8.png', 1, 9, 'http://39.108.84.96:9000/lease/20260316/76577cc9-edcf-446a-9794-2b963e294c97-公寓外观8.png', '2026-03-16 16:08:13', NULL, 0);
INSERT INTO `graph_info` VALUES (3930, '健身房.jpg', 1, 9, 'http://39.108.84.96:9000/lease/20260316/f28e2ad3-0118-46ea-a15c-4491ba3fc34c-健身房.jpg', '2026-03-16 16:08:13', NULL, 0);
INSERT INTO `graph_info` VALUES (3931, '公寓外观10.png', 1, 10, 'http://39.108.84.96:9000/lease/20260316/a2f6920d-24fa-4b6a-a6fb-d6e159bdb793-公寓外观10.png', '2026-03-16 16:09:22', NULL, 0);
INSERT INTO `graph_info` VALUES (3932, '健身房.jpg', 1, 10, 'http://39.108.84.96:9000/lease/20260316/3db05f4f-980c-42f0-bf22-cde4f7f0451d-健身房.jpg', '2026-03-16 16:09:22', NULL, 0);
INSERT INTO `graph_info` VALUES (3933, '公寓外观4.png', 1, 19, 'http://39.108.84.96:9000/lease/20260316/ffdc6da3-c458-488c-96da-0e151cff0233-公寓外观4.png', '2026-03-16 16:10:52', NULL, 0);
INSERT INTO `graph_info` VALUES (3934, '健身房.jpg', 1, 19, 'http://39.108.84.96:9000/lease/20260316/36403e84-a0d0-4b03-8681-71e0c82c3d5d-健身房.jpg', '2026-03-16 16:10:52', NULL, 0);
INSERT INTO `graph_info` VALUES (3935, '公寓外观5.png', 1, 20, 'http://39.108.84.96:9000/lease/20260316/7c06e120-6814-4eb5-b645-125abd08d146-公寓外观5.png', '2026-03-16 16:13:09', NULL, 0);
INSERT INTO `graph_info` VALUES (3936, '健身房.jpg', 1, 20, 'http://39.108.84.96:9000/lease/20260316/4365e183-6168-4b73-aac0-64e1d672e1f8-健身房.jpg', '2026-03-16 16:13:09', NULL, 0);
INSERT INTO `graph_info` VALUES (3937, '公寓外观4.png', 1, 21, 'http://39.108.84.96:9000/lease/20260316/28fbf2c3-cb09-43e7-a8f6-cbe437625a6e-公寓外观4.png', '2026-03-16 16:14:34', NULL, 0);
INSERT INTO `graph_info` VALUES (3938, '健身房.jpg', 1, 21, 'http://39.108.84.96:9000/lease/20260316/01527e7a-273a-4cd5-9d38-447e87a1a79d-健身房.jpg', '2026-03-16 16:14:34', NULL, 0);
INSERT INTO `graph_info` VALUES (3939, '公寓外观9.png', 1, 22, 'http://39.108.84.96:9000/lease/20260316/26912ad3-ef82-4ba5-b650-e8950f9fba76-公寓外观9.png', '2026-03-16 16:15:20', NULL, 0);
INSERT INTO `graph_info` VALUES (3940, '健身房.jpg', 1, 22, 'http://39.108.84.96:9000/lease/20260316/da53b7d1-19b6-427e-b718-2eba6faa308f-健身房.jpg', '2026-03-16 16:15:20', NULL, 0);
INSERT INTO `graph_info` VALUES (3941, '公寓外观.jpg', 1, 23, 'http://39.108.84.96:9000/lease/20260316/c6c16ddb-8848-4ecb-8122-7b9458a8e1b3-公寓外观.jpg', '2026-03-16 16:16:27', NULL, 0);
INSERT INTO `graph_info` VALUES (3942, '健身房.jpg', 1, 23, 'http://39.108.84.96:9000/lease/20260316/038b8735-5464-4a7c-87c4-0da1bed01099-健身房.jpg', '2026-03-16 16:16:27', NULL, 0);

-- ----------------------------
-- Table structure for label_info
-- ----------------------------
DROP TABLE IF EXISTS `label_info`;
CREATE TABLE `label_info`  (
  `id` bigint(20) NOT NULL AUTO_INCREMENT,
  `type` tinyint(4) NULL DEFAULT NULL COMMENT '类型（1:公寓标签,2:房间标签）',
  `name` varchar(255) CHARACTER SET utf8mb4 COLLATE utf8mb4_general_ci NULL DEFAULT NULL COMMENT '标签名称',
  `create_time` timestamp NULL DEFAULT NULL COMMENT '创建时间',
  `update_time` timestamp NULL DEFAULT NULL COMMENT '更新时间',
  `is_deleted` tinyint(4) NULL DEFAULT 0 COMMENT '是否删除',
  PRIMARY KEY (`id`) USING BTREE
) ENGINE = InnoDB AUTO_INCREMENT = 17 CHARACTER SET = utf8mb4 COLLATE = utf8mb4_general_ci COMMENT = '标签信息表' ROW_FORMAT = Dynamic;

-- ----------------------------
-- Records of label_info
-- ----------------------------
INSERT INTO `label_info` VALUES (1, 1, '近地铁', '2023-06-19 00:49:17', NULL, 0);
INSERT INTO `label_info` VALUES (2, 1, '近公交', '2023-06-19 00:49:23', NULL, 0);
INSERT INTO `label_info` VALUES (3, 1, '有电梯', '2023-06-19 00:49:28', NULL, 0);
INSERT INTO `label_info` VALUES (4, 1, '停车场', '2023-06-19 00:49:38', '2023-06-21 09:43:51', 0);
INSERT INTO `label_info` VALUES (5, 2, '朝南', '2023-06-19 00:50:24', NULL, 0);
INSERT INTO `label_info` VALUES (6, 2, '朝北', '2023-06-19 00:50:29', NULL, 0);
INSERT INTO `label_info` VALUES (7, 2, '朝东', '2023-06-19 00:50:34', NULL, 0);
INSERT INTO `label_info` VALUES (10, 2, '朝西', '2023-07-22 12:01:02', NULL, 0);
INSERT INTO `label_info` VALUES (15, 2, '独卫', '2023-08-11 08:40:51', NULL, 0);
INSERT INTO `label_info` VALUES (16, 2, '阳台', '2023-08-11 08:40:58', NULL, 0);

-- ----------------------------
-- Table structure for lease_agreement
-- ----------------------------
DROP TABLE IF EXISTS `lease_agreement`;
CREATE TABLE `lease_agreement`  (
  `id` bigint(20) NOT NULL AUTO_INCREMENT COMMENT '租约id',
  `phone` varchar(11) CHARACTER SET utf8mb4 COLLATE utf8mb4_general_ci NULL DEFAULT NULL COMMENT '承租人手机号码',
  `name` varchar(50) CHARACTER SET utf8mb4 COLLATE utf8mb4_general_ci NULL DEFAULT NULL COMMENT '承租人姓名',
  `identification_number` varchar(18) CHARACTER SET utf8mb4 COLLATE utf8mb4_general_ci NULL DEFAULT NULL COMMENT '承租人身份证号码',
  `apartment_id` bigint(20) NULL DEFAULT NULL COMMENT '签约公寓id',
  `room_id` bigint(20) UNSIGNED NULL DEFAULT NULL COMMENT '签约房间id',
  `lease_start_date` date NULL DEFAULT NULL COMMENT '租约开始日期',
  `lease_end_date` date NULL DEFAULT NULL COMMENT '租约结束日期',
  `lease_term_id` bigint(20) NULL DEFAULT NULL COMMENT '租期id',
  `rent` decimal(16, 2) NULL DEFAULT NULL COMMENT '租金（元/月）',
  `deposit` decimal(16, 2) NULL DEFAULT NULL COMMENT '押金（元）',
  `payment_type_id` bigint(20) NULL DEFAULT NULL COMMENT '支付类型id\r\n',
  `status` tinyint(4) NULL DEFAULT NULL COMMENT '租约状态（1:签约待确认，2:已签约，3:已取消，4:已到期，5:退租待确认，6:已退租，7:续约待确认）',
  `source_type` tinyint(4) NULL DEFAULT NULL COMMENT '租约来源（1:新签，2:续约）',
  `additional_info` varchar(255) CHARACTER SET utf8mb4 COLLATE utf8mb4_general_ci NULL DEFAULT NULL COMMENT '备注信息',
  `create_time` timestamp NULL DEFAULT NULL COMMENT '创建时间',
  `update_time` timestamp NULL DEFAULT NULL COMMENT '更新时间',
  `is_deleted` tinyint(4) NULL DEFAULT 0 COMMENT '是否删除',
  PRIMARY KEY (`id`) USING BTREE
) ENGINE = InnoDB AUTO_INCREMENT = 23 CHARACTER SET = utf8mb4 COLLATE = utf8mb4_general_ci COMMENT = '租约信息表' ROW_FORMAT = Dynamic;

-- ----------------------------
-- Records of lease_agreement
-- ----------------------------
INSERT INTO `lease_agreement` VALUES (1, '13888888888', '张三', '13241413243241324', 9, 3, '2020-12-29', '2019-12-30', 6, 2500.00, 0.00, 6, 4, 1, '无', '2023-06-21 15:36:08', '2023-08-14 15:03:03', 0);
INSERT INTO `lease_agreement` VALUES (7, '13900030011', '张雅婷', '110101199608152428', 19, 273, '2026-03-01', '2026-08-31', 4, 2399.00, 2399.00, 7, 2, 1, '首签入住，工作地点在望京，通勤可接受。', '2026-03-14 17:05:43', '2026-03-14 17:05:43', 0);
INSERT INTO `lease_agreement` VALUES (8, '13900030012', '刘博文', '110105199411203615', 20, 284, '2026-04-01', '2027-03-31', 6, 2699.00, 2699.00, 10, 1, 1, '资料已提交，等待双方最终确认签约。', '2026-03-14 17:05:43', '2026-03-14 17:05:43', 0);
INSERT INTO `lease_agreement` VALUES (9, '13900030013', '吴思雨', '110108199302140829', 21, 295, '2025-03-01', '2026-02-28', 6, 3599.00, 3599.00, 10, 4, 1, '租约已自然到期，租客已按时搬离。', '2026-03-14 17:05:43', '2026-03-14 17:05:43', 0);
INSERT INTO `lease_agreement` VALUES (10, '13900030014', '高远航', '110114199512064211', 22, 306, '2025-09-01', '2026-08-31', 6, 3899.00, 3899.00, 8, 5, 1, '租客已提交退租申请，等待线下验房。', '2026-03-14 17:05:43', '2026-03-14 17:05:43', 0);
INSERT INTO `lease_agreement` VALUES (11, '13900030015', '宋可欣', '110102199909172346', 23, 317, '2026-05-01', '2026-10-31', 4, 3199.00, 3199.00, 7, 3, 1, '客户因工作变动取消签约。', '2026-03-14 17:05:43', '2026-03-14 17:05:43', 0);
INSERT INTO `lease_agreement` VALUES (12, '13900030016', '何俊驰', '110106199001083274', 19, 278, '2025-06-01', '2026-01-31', 6, 4699.00, 4699.00, 8, 6, 1, '已完成退租，房间进入保洁和整备流程。', '2026-03-14 17:05:43', '2026-03-14 17:05:43', 0);
INSERT INTO `lease_agreement` VALUES (13, '13900030017', '顾清妍', '110111199707223568', 20, 289, '2025-04-01', '2026-03-31', 6, 2999.00, 2999.00, 6, 7, 2, '老租客申请续约，正在确认下一周期租金。', '2026-03-14 17:05:43', '2026-03-14 17:05:43', 0);
INSERT INTO `lease_agreement` VALUES (14, '13900020011', '王晓雨', '110101199805126528', 19, 274, '2026-03-10', '2026-09-09', 4, 2599.00, 2599.00, 7, 2, 1, '用户端联调样例：已签约，可在我的租约里查看详情。', '2026-03-15 14:56:51', '2026-03-15 14:56:51', 0);
INSERT INTO `lease_agreement` VALUES (15, '13900020012', '李晨曦', '110105199612203214', 20, 285, '2026-04-01', '2027-03-31', 6, 3499.00, 3499.00, 10, 1, 1, '用户端联调样例：签约待确认状态。', '2026-03-15 14:56:51', '2026-03-15 14:56:51', 0);
INSERT INTO `lease_agreement` VALUES (16, '13900020015', '周可心', '110108199909174326', 23, 317, '2026-05-01', '2026-10-31', 4, 3199.00, 3199.00, 7, 7, 2, '用户端联调样例：续约待确认状态。', '2026-03-15 14:56:51', '2026-03-15 14:56:51', 0);
INSERT INTO `lease_agreement` VALUES (17, '13900020011', '王晓雨', '110101199805126528', 19, 281, '2025-05-01', '2026-02-28', 6, 3899.00, 3899.00, 8, 4, 1, '用户端历史租约样例：已到期。', '2026-03-15 15:05:49', '2026-03-15 15:05:49', 0);
INSERT INTO `lease_agreement` VALUES (18, '13900020013', '陈子涵', '110108199403214829', 21, 293, '2026-03-20', '2027-03-19', 6, 2599.00, 2599.00, 10, 2, 1, '用户端联调样例：已签约，可验证签约后状态变化。', '2026-03-15 15:05:49', '2026-03-15 15:05:49', 0);
INSERT INTO `lease_agreement` VALUES (19, '13900020014', '赵一鸣', '110114199512064211', 22, 305, '2026-04-01', '2026-09-30', 4, 3699.00, 3699.00, 7, 3, 1, '用户端联调样例：签约取消。', '2026-03-15 15:05:49', '2026-03-15 15:05:49', 0);
INSERT INTO `lease_agreement` VALUES (20, '13900020016', '孙浩然', '110106199001083274', 19, 278, '2025-07-01', '2026-01-31', 6, 4699.00, 4699.00, 8, 4, 1, '用户端联调样例：历史租约已到期。', '2026-03-15 15:05:49', '2026-03-15 15:05:49', 0);
INSERT INTO `lease_agreement` VALUES (21, '13900020017', '林若溪', '110111199707223568', 22, 319, '2026-04-10', '2027-04-09', 6, 3299.00, 3299.00, 10, 1, 1, '用户端联调样例：签约待确认。', '2026-03-15 15:05:49', '2026-03-15 15:05:49', 0);
INSERT INTO `lease_agreement` VALUES (22, '13900020018', '许嘉宁', '110109199811263927', 23, 320, '2026-05-15', '2026-11-14', 4, 2599.00, 2599.00, 7, 7, 2, '用户端联调样例：续约待确认。', '2026-03-15 15:05:49', '2026-03-15 15:05:49', 0);

-- ----------------------------
-- Table structure for lease_term
-- ----------------------------
DROP TABLE IF EXISTS `lease_term`;
CREATE TABLE `lease_term`  (
  `id` bigint(20) NOT NULL AUTO_INCREMENT,
  `month_count` int(11) NULL DEFAULT NULL COMMENT '租期',
  `unit` varchar(16) CHARACTER SET utf8mb4 COLLATE utf8mb4_general_ci NULL DEFAULT NULL COMMENT '租期单位',
  `create_time` timestamp NULL DEFAULT NULL COMMENT '创建时间',
  `update_time` timestamp NULL DEFAULT NULL COMMENT '更新时间',
  `is_deleted` tinyint(4) NULL DEFAULT 0 COMMENT '是否删除',
  PRIMARY KEY (`id`) USING BTREE
) ENGINE = InnoDB AUTO_INCREMENT = 7 CHARACTER SET = utf8mb4 COLLATE = utf8mb4_general_ci COMMENT = '租期' ROW_FORMAT = Dynamic;

-- ----------------------------
-- Records of lease_term
-- ----------------------------
INSERT INTO `lease_term` VALUES (1, 1, '月', '2023-06-30 10:58:09', NULL, 0);
INSERT INTO `lease_term` VALUES (2, 2, '月', '2023-06-30 10:58:12', '2023-06-30 11:00:02', 1);
INSERT INTO `lease_term` VALUES (3, 3, '月', '2023-06-30 10:58:17', NULL, 0);
INSERT INTO `lease_term` VALUES (4, 6, '月', '2023-06-30 10:58:21', NULL, 0);
INSERT INTO `lease_term` VALUES (5, 12, '月', '2023-06-30 10:58:23', '2023-08-01 18:00:55', 1);
INSERT INTO `lease_term` VALUES (6, 12, '月', '2023-08-01 18:01:20', NULL, 0);

-- ----------------------------
-- Table structure for payment_type
-- ----------------------------
DROP TABLE IF EXISTS `payment_type`;
CREATE TABLE `payment_type`  (
  `id` bigint(20) NOT NULL AUTO_INCREMENT,
  `name` varchar(16) CHARACTER SET utf8mb4 COLLATE utf8mb4_general_ci NULL DEFAULT NULL COMMENT '付款方式名称',
  `pay_month_count` int(11) NULL DEFAULT NULL COMMENT '每次支付租期数',
  `additional_info` varchar(255) CHARACTER SET utf8mb4 COLLATE utf8mb4_general_ci NULL DEFAULT NULL COMMENT '付费说明',
  `create_time` timestamp NULL DEFAULT NULL COMMENT '创建时间',
  `update_time` timestamp NULL DEFAULT NULL COMMENT '更新时间',
  `is_deleted` tinyint(4) NULL DEFAULT 0 COMMENT '是否删除',
  PRIMARY KEY (`id`) USING BTREE
) ENGINE = InnoDB AUTO_INCREMENT = 13 CHARACTER SET = utf8mb4 COLLATE = utf8mb4_general_ci COMMENT = '支付方式表' ROW_FORMAT = Dynamic;

-- ----------------------------
-- Records of payment_type
-- ----------------------------
INSERT INTO `payment_type` VALUES (6, '月付', 1, '押一付一', '2023-06-21 11:26:08', '2023-06-21 11:27:14', 0);
INSERT INTO `payment_type` VALUES (7, '季付', 3, '押一付三', '2023-06-21 11:26:21', '2023-06-21 11:27:33', 0);
INSERT INTO `payment_type` VALUES (8, '半年付', 6, '押一付六', '2023-06-21 11:26:35', NULL, 0);
INSERT INTO `payment_type` VALUES (9, '年付', 12, '压一付十二', NULL, NULL, 1);
INSERT INTO `payment_type` VALUES (10, '年付', 12, '押一付十二', '2023-08-01 23:51:40', '2026-01-26 15:32:02', 0);
INSERT INTO `payment_type` VALUES (11, '年付', 24, '压一付十二', '2023-08-01 23:52:15', '2023-08-10 14:36:55', 1);
INSERT INTO `payment_type` VALUES (12, '两年付', 24, '押一付二十四', '2026-01-26 15:29:53', '2026-01-26 15:38:02', 1);

-- ----------------------------
-- Table structure for province_info
-- ----------------------------
DROP TABLE IF EXISTS `province_info`;
CREATE TABLE `province_info`  (
  `id` bigint(20) NOT NULL AUTO_INCREMENT COMMENT '省份id',
  `name` varchar(16) CHARACTER SET utf8mb4 COLLATE utf8mb4_general_ci NULL DEFAULT NULL COMMENT '省份名称',
  `create_time` timestamp NULL DEFAULT NULL COMMENT '创建时间',
  `update_time` timestamp NULL DEFAULT NULL COMMENT '更新时间',
  `is_deleted` tinyint(4) NULL DEFAULT 0 COMMENT '是否删除',
  PRIMARY KEY (`id`) USING BTREE
) ENGINE = InnoDB AUTO_INCREMENT = 66 CHARACTER SET = utf8mb4 COLLATE = utf8mb4_general_ci ROW_FORMAT = Dynamic;

-- ----------------------------
-- Records of province_info
-- ----------------------------
INSERT INTO `province_info` VALUES (11, '北京市', '2023-06-25 13:48:39', NULL, 0);
INSERT INTO `province_info` VALUES (12, '天津市', '2023-06-25 13:48:39', NULL, 0);
INSERT INTO `province_info` VALUES (13, '河北省', '2023-06-25 13:48:39', NULL, 0);
INSERT INTO `province_info` VALUES (14, '山西省', '2023-06-25 13:48:39', NULL, 0);
INSERT INTO `province_info` VALUES (15, '内蒙古自治区', '2023-06-25 13:48:39', NULL, 0);
INSERT INTO `province_info` VALUES (21, '辽宁省', '2023-06-25 13:48:39', NULL, 0);
INSERT INTO `province_info` VALUES (22, '吉林省', '2023-06-25 13:48:39', NULL, 0);
INSERT INTO `province_info` VALUES (23, '黑龙江省', '2023-06-25 13:48:39', NULL, 0);
INSERT INTO `province_info` VALUES (31, '上海市', '2023-06-25 13:48:39', NULL, 0);
INSERT INTO `province_info` VALUES (32, '江苏省', '2023-06-25 13:48:39', NULL, 0);
INSERT INTO `province_info` VALUES (33, '浙江省', '2023-06-25 13:48:39', NULL, 0);
INSERT INTO `province_info` VALUES (34, '安徽省', '2023-06-25 13:48:39', NULL, 0);
INSERT INTO `province_info` VALUES (35, '福建省', '2023-06-25 13:48:39', NULL, 0);
INSERT INTO `province_info` VALUES (36, '江西省', '2023-06-25 13:48:39', NULL, 0);
INSERT INTO `province_info` VALUES (37, '山东省', '2023-06-25 13:48:39', NULL, 0);
INSERT INTO `province_info` VALUES (41, '河南省', '2023-06-25 13:48:39', NULL, 0);
INSERT INTO `province_info` VALUES (42, '湖北省', '2023-06-25 13:48:39', NULL, 0);
INSERT INTO `province_info` VALUES (43, '湖南省', '2023-06-25 13:48:39', NULL, 0);
INSERT INTO `province_info` VALUES (44, '广东省', '2023-06-25 13:48:39', NULL, 0);
INSERT INTO `province_info` VALUES (45, '广西壮族自治区', '2023-06-25 13:48:39', NULL, 0);
INSERT INTO `province_info` VALUES (46, '海南省', '2023-06-25 13:48:39', NULL, 0);
INSERT INTO `province_info` VALUES (50, '重庆市', '2023-06-25 13:48:39', NULL, 0);
INSERT INTO `province_info` VALUES (51, '四川省', '2023-06-25 13:48:39', NULL, 0);
INSERT INTO `province_info` VALUES (52, '贵州省', '2023-06-25 13:48:39', NULL, 0);
INSERT INTO `province_info` VALUES (53, '云南省', '2023-06-25 13:48:39', NULL, 0);
INSERT INTO `province_info` VALUES (54, '西藏自治区', '2023-06-25 13:48:39', NULL, 0);
INSERT INTO `province_info` VALUES (61, '陕西省', '2023-06-25 13:48:39', NULL, 0);
INSERT INTO `province_info` VALUES (62, '甘肃省', '2023-06-25 13:48:39', NULL, 0);
INSERT INTO `province_info` VALUES (63, '青海省', '2023-06-25 13:48:39', NULL, 0);
INSERT INTO `province_info` VALUES (64, '宁夏回族自治区', '2023-06-25 13:48:39', NULL, 0);
INSERT INTO `province_info` VALUES (65, '新疆维吾尔自治区', '2023-06-25 13:48:39', NULL, 0);

-- ----------------------------
-- Table structure for room_attr_value
-- ----------------------------
DROP TABLE IF EXISTS `room_attr_value`;
CREATE TABLE `room_attr_value`  (
  `id` bigint(20) NOT NULL AUTO_INCREMENT,
  `room_id` bigint(20) NULL DEFAULT NULL COMMENT '房间id',
  `attr_value_id` bigint(20) NULL DEFAULT NULL COMMENT '属性值id',
  `create_time` timestamp NULL DEFAULT NULL COMMENT '创建时间',
  `update_time` timestamp NULL DEFAULT NULL COMMENT '更新时间',
  `is_deleted` tinyint(4) NULL DEFAULT 0 COMMENT '是否删除',
  PRIMARY KEY (`id`) USING BTREE
) ENGINE = InnoDB AUTO_INCREMENT = 17253 CHARACTER SET = utf8mb4 COLLATE = utf8mb4_general_ci COMMENT = '房间&基本属性值关联表' ROW_FORMAT = Dynamic;

-- ----------------------------
-- Records of room_attr_value
-- ----------------------------
INSERT INTO `room_attr_value` VALUES (1, 2, 4, '2023-06-20 19:14:46', NULL, 1);
INSERT INTO `room_attr_value` VALUES (2, 2, 5, '2023-06-20 19:14:46', NULL, 1);
INSERT INTO `room_attr_value` VALUES (3, 2, 6, '2023-06-20 19:14:46', NULL, 1);
INSERT INTO `room_attr_value` VALUES (4, 3, 10, '2023-06-21 10:35:16', NULL, 1);
INSERT INTO `room_attr_value` VALUES (5, 3, 10, '2023-06-21 11:30:13', NULL, 1);
INSERT INTO `room_attr_value` VALUES (6, 3, 10, '2023-06-21 11:56:46', NULL, 1);
INSERT INTO `room_attr_value` VALUES (7, 4, 10, '2023-06-21 11:57:14', NULL, 1);
INSERT INTO `room_attr_value` VALUES (8, 7, 9, '2023-07-18 16:07:09', NULL, 1);
INSERT INTO `room_attr_value` VALUES (9, 2, 10, '2023-07-22 10:43:45', NULL, 1);
INSERT INTO `room_attr_value` VALUES (10, 2, 10, '2023-08-10 18:54:16', NULL, 1);
INSERT INTO `room_attr_value` VALUES (11, 2, 16, '2023-08-10 18:54:16', NULL, 1);
INSERT INTO `room_attr_value` VALUES (12, 2, 22, '2023-08-10 18:54:16', NULL, 1);
INSERT INTO `room_attr_value` VALUES (13, 2, 25, '2023-08-10 18:54:16', NULL, 1);
INSERT INTO `room_attr_value` VALUES (14, 2, 27, '2023-08-10 18:54:16', NULL, 1);
INSERT INTO `room_attr_value` VALUES (15, 2, 10, '2023-08-10 19:42:49', NULL, 1);
INSERT INTO `room_attr_value` VALUES (16, 2, 16, '2023-08-10 19:42:49', NULL, 1);
INSERT INTO `room_attr_value` VALUES (17, 2, 22, '2023-08-10 19:42:49', NULL, 1);
INSERT INTO `room_attr_value` VALUES (18, 2, 25, '2023-08-10 19:42:49', NULL, 1);
INSERT INTO `room_attr_value` VALUES (19, 3, 9, '2023-08-11 08:35:33', NULL, 1);
INSERT INTO `room_attr_value` VALUES (20, 3, 17, '2023-08-11 08:35:33', NULL, 1);
INSERT INTO `room_attr_value` VALUES (21, 3, 20, '2023-08-11 08:35:33', NULL, 1);
INSERT INTO `room_attr_value` VALUES (22, 3, 23, '2023-08-11 08:35:33', NULL, 1);
INSERT INTO `room_attr_value` VALUES (23, 3, 27, '2023-08-11 08:35:33', NULL, 1);
INSERT INTO `room_attr_value` VALUES (24, 2, 10, '2023-08-11 08:41:28', NULL, 1);
INSERT INTO `room_attr_value` VALUES (25, 2, 16, '2023-08-11 08:41:28', NULL, 1);
INSERT INTO `room_attr_value` VALUES (26, 2, 22, '2023-08-11 08:41:28', NULL, 1);
INSERT INTO `room_attr_value` VALUES (27, 2, 25, '2023-08-11 08:41:28', NULL, 1);
INSERT INTO `room_attr_value` VALUES (28, 3, 9, '2023-08-11 08:41:35', NULL, 1);
INSERT INTO `room_attr_value` VALUES (29, 3, 17, '2023-08-11 08:41:35', NULL, 1);
INSERT INTO `room_attr_value` VALUES (30, 3, 20, '2023-08-11 08:41:35', NULL, 1);
INSERT INTO `room_attr_value` VALUES (31, 3, 23, '2023-08-11 08:41:35', NULL, 1);
INSERT INTO `room_attr_value` VALUES (32, 3, 27, '2023-08-11 08:41:35', NULL, 1);
INSERT INTO `room_attr_value` VALUES (33, 8, 8, '2023-08-13 23:39:37', NULL, 1);
INSERT INTO `room_attr_value` VALUES (34, 8, 15, '2023-08-13 23:39:37', NULL, 1);
INSERT INTO `room_attr_value` VALUES (35, 8, 22, '2023-08-13 23:39:37', NULL, 1);
INSERT INTO `room_attr_value` VALUES (36, 8, 25, '2023-08-13 23:39:37', NULL, 1);
INSERT INTO `room_attr_value` VALUES (37, 8, 27, '2023-08-13 23:39:37', NULL, 1);
INSERT INTO `room_attr_value` VALUES (38, 9, 8, '2023-08-13 23:40:50', NULL, 1);
INSERT INTO `room_attr_value` VALUES (39, 9, 15, '2023-08-13 23:40:50', NULL, 1);
INSERT INTO `room_attr_value` VALUES (40, 9, 19, '2023-08-13 23:40:50', NULL, 1);
INSERT INTO `room_attr_value` VALUES (41, 9, 24, '2023-08-13 23:40:50', NULL, 1);
INSERT INTO `room_attr_value` VALUES (42, 9, 27, '2023-08-13 23:40:50', NULL, 1);
INSERT INTO `room_attr_value` VALUES (43, 10, 8, '2023-08-13 23:42:02', NULL, 1);
INSERT INTO `room_attr_value` VALUES (44, 10, 15, '2023-08-13 23:42:02', NULL, 1);
INSERT INTO `room_attr_value` VALUES (45, 10, 20, '2023-08-13 23:42:02', NULL, 1);
INSERT INTO `room_attr_value` VALUES (46, 10, 23, '2023-08-13 23:42:02', NULL, 1);
INSERT INTO `room_attr_value` VALUES (47, 10, 27, '2023-08-13 23:42:02', NULL, 1);
INSERT INTO `room_attr_value` VALUES (48, 2, 10, '2023-08-13 23:44:58', NULL, 1);
INSERT INTO `room_attr_value` VALUES (49, 2, 16, '2023-08-13 23:44:58', NULL, 1);
INSERT INTO `room_attr_value` VALUES (50, 2, 22, '2023-08-13 23:44:58', NULL, 1);
INSERT INTO `room_attr_value` VALUES (51, 2, 25, '2023-08-13 23:44:58', NULL, 1);
INSERT INTO `room_attr_value` VALUES (52, 9, 8, '2023-08-13 23:47:56', NULL, 1);
INSERT INTO `room_attr_value` VALUES (53, 9, 15, '2023-08-13 23:47:56', NULL, 1);
INSERT INTO `room_attr_value` VALUES (54, 9, 19, '2023-08-13 23:47:56', NULL, 1);
INSERT INTO `room_attr_value` VALUES (55, 9, 24, '2023-08-13 23:47:56', NULL, 1);
INSERT INTO `room_attr_value` VALUES (56, 9, 27, '2023-08-13 23:47:56', NULL, 1);
INSERT INTO `room_attr_value` VALUES (57, 9, 8, '2023-08-13 23:54:31', NULL, 1);
INSERT INTO `room_attr_value` VALUES (58, 9, 15, '2023-08-13 23:54:31', NULL, 1);
INSERT INTO `room_attr_value` VALUES (59, 9, 19, '2023-08-13 23:54:31', NULL, 1);
INSERT INTO `room_attr_value` VALUES (60, 9, 24, '2023-08-13 23:54:31', NULL, 1);
INSERT INTO `room_attr_value` VALUES (61, 9, 27, '2023-08-13 23:54:31', NULL, 1);
INSERT INTO `room_attr_value` VALUES (62, 11, 9, '2023-08-13 23:57:42', NULL, 1);
INSERT INTO `room_attr_value` VALUES (63, 12, 8, '2023-08-13 23:58:53', NULL, 1);
INSERT INTO `room_attr_value` VALUES (64, 12, 16, '2023-08-13 23:58:53', NULL, 1);
INSERT INTO `room_attr_value` VALUES (65, 12, 22, '2023-08-13 23:58:53', NULL, 1);
INSERT INTO `room_attr_value` VALUES (66, 12, 25, '2023-08-13 23:58:53', NULL, 1);
INSERT INTO `room_attr_value` VALUES (67, 12, 27, '2023-08-13 23:58:53', NULL, 1);
INSERT INTO `room_attr_value` VALUES (68, 13, 10, '2023-08-13 23:59:50', NULL, 1);
INSERT INTO `room_attr_value` VALUES (69, 13, 18, '2023-08-13 23:59:50', NULL, 1);
INSERT INTO `room_attr_value` VALUES (70, 11, 9, '2023-08-14 00:00:35', NULL, 1);
INSERT INTO `room_attr_value` VALUES (71, 11, 17, '2023-08-14 00:00:35', NULL, 1);
INSERT INTO `room_attr_value` VALUES (72, 11, 20, '2023-08-14 00:00:35', NULL, 1);
INSERT INTO `room_attr_value` VALUES (73, 11, 23, '2023-08-14 00:00:35', NULL, 1);
INSERT INTO `room_attr_value` VALUES (74, 11, 27, '2023-08-14 00:00:35', NULL, 1);
INSERT INTO `room_attr_value` VALUES (75, 14, 9, '2023-08-14 00:06:39', NULL, 1);
INSERT INTO `room_attr_value` VALUES (76, 14, 17, '2023-08-14 00:06:39', NULL, 1);
INSERT INTO `room_attr_value` VALUES (77, 14, 20, '2023-08-14 00:06:39', NULL, 1);
INSERT INTO `room_attr_value` VALUES (78, 14, 27, '2023-08-14 00:06:39', NULL, 1);
INSERT INTO `room_attr_value` VALUES (79, 14, 23, '2023-08-14 00:06:39', NULL, 1);
INSERT INTO `room_attr_value` VALUES (80, 15, 8, '2023-08-14 00:07:43', NULL, 1);
INSERT INTO `room_attr_value` VALUES (81, 15, 16, '2023-08-14 00:07:43', NULL, 1);
INSERT INTO `room_attr_value` VALUES (82, 15, 20, '2023-08-14 00:07:43', NULL, 1);
INSERT INTO `room_attr_value` VALUES (83, 15, 23, '2023-08-14 00:07:43', NULL, 1);
INSERT INTO `room_attr_value` VALUES (84, 15, 27, '2023-08-14 00:07:43', NULL, 1);
INSERT INTO `room_attr_value` VALUES (85, 12, 8, '2023-08-14 00:07:58', NULL, 1);
INSERT INTO `room_attr_value` VALUES (86, 12, 16, '2023-08-14 00:07:58', NULL, 1);
INSERT INTO `room_attr_value` VALUES (87, 12, 22, '2023-08-14 00:07:58', NULL, 1);
INSERT INTO `room_attr_value` VALUES (88, 12, 25, '2023-08-14 00:07:58', NULL, 1);
INSERT INTO `room_attr_value` VALUES (89, 12, 27, '2023-08-14 00:07:58', NULL, 1);
INSERT INTO `room_attr_value` VALUES (90, 16, 8, '2023-08-14 00:09:07', NULL, 1);
INSERT INTO `room_attr_value` VALUES (91, 16, 16, '2023-08-14 00:09:07', NULL, 1);
INSERT INTO `room_attr_value` VALUES (92, 16, 19, '2023-08-14 00:09:07', NULL, 1);
INSERT INTO `room_attr_value` VALUES (93, 16, 24, '2023-08-14 00:09:07', NULL, 1);
INSERT INTO `room_attr_value` VALUES (94, 16, 27, '2023-08-14 00:09:07', NULL, 1);
INSERT INTO `room_attr_value` VALUES (95, 17, 10, '2023-08-14 10:36:19', NULL, 1);
INSERT INTO `room_attr_value` VALUES (96, 17, 18, '2023-08-14 10:36:19', NULL, 1);
INSERT INTO `room_attr_value` VALUES (97, 17, 20, '2023-08-14 10:36:19', NULL, 1);
INSERT INTO `room_attr_value` VALUES (98, 17, 23, '2023-08-14 10:36:19', NULL, 1);
INSERT INTO `room_attr_value` VALUES (99, 17, 27, '2023-08-14 10:36:19', NULL, 1);
INSERT INTO `room_attr_value` VALUES (100, 2, 10, '2023-08-14 12:31:24', NULL, 1);
INSERT INTO `room_attr_value` VALUES (101, 2, 16, '2023-08-14 12:31:24', NULL, 1);
INSERT INTO `room_attr_value` VALUES (102, 2, 22, '2023-08-14 12:31:24', NULL, 1);
INSERT INTO `room_attr_value` VALUES (103, 2, 25, '2023-08-14 12:31:24', NULL, 1);
INSERT INTO `room_attr_value` VALUES (104, 3, 9, '2023-08-14 12:31:46', NULL, 1);
INSERT INTO `room_attr_value` VALUES (105, 3, 17, '2023-08-14 12:31:46', NULL, 1);
INSERT INTO `room_attr_value` VALUES (106, 3, 20, '2023-08-14 12:31:46', NULL, 1);
INSERT INTO `room_attr_value` VALUES (107, 3, 23, '2023-08-14 12:31:46', NULL, 1);
INSERT INTO `room_attr_value` VALUES (108, 3, 27, '2023-08-14 12:31:46', NULL, 1);
INSERT INTO `room_attr_value` VALUES (109, 8, 8, '2023-08-14 12:32:33', NULL, 1);
INSERT INTO `room_attr_value` VALUES (110, 8, 15, '2023-08-14 12:32:33', NULL, 1);
INSERT INTO `room_attr_value` VALUES (111, 8, 22, '2023-08-14 12:32:33', NULL, 1);
INSERT INTO `room_attr_value` VALUES (112, 8, 25, '2023-08-14 12:32:33', NULL, 1);
INSERT INTO `room_attr_value` VALUES (113, 8, 27, '2023-08-14 12:32:33', NULL, 1);
INSERT INTO `room_attr_value` VALUES (114, 9, 8, '2023-08-14 12:32:42', NULL, 1);
INSERT INTO `room_attr_value` VALUES (115, 9, 15, '2023-08-14 12:32:42', NULL, 1);
INSERT INTO `room_attr_value` VALUES (116, 9, 19, '2023-08-14 12:32:42', NULL, 1);
INSERT INTO `room_attr_value` VALUES (117, 9, 24, '2023-08-14 12:32:42', NULL, 1);
INSERT INTO `room_attr_value` VALUES (118, 9, 27, '2023-08-14 12:32:42', NULL, 1);
INSERT INTO `room_attr_value` VALUES (119, 9, 8, '2023-08-14 12:32:53', NULL, 1);
INSERT INTO `room_attr_value` VALUES (120, 9, 15, '2023-08-14 12:32:53', NULL, 1);
INSERT INTO `room_attr_value` VALUES (121, 9, 19, '2023-08-14 12:32:53', NULL, 1);
INSERT INTO `room_attr_value` VALUES (122, 9, 24, '2023-08-14 12:32:53', NULL, 1);
INSERT INTO `room_attr_value` VALUES (123, 9, 27, '2023-08-14 12:32:53', NULL, 1);
INSERT INTO `room_attr_value` VALUES (124, 10, 8, '2023-08-14 12:33:13', NULL, 1);
INSERT INTO `room_attr_value` VALUES (125, 10, 15, '2023-08-14 12:33:13', NULL, 1);
INSERT INTO `room_attr_value` VALUES (126, 10, 20, '2023-08-14 12:33:13', NULL, 1);
INSERT INTO `room_attr_value` VALUES (127, 10, 23, '2023-08-14 12:33:13', NULL, 1);
INSERT INTO `room_attr_value` VALUES (128, 10, 27, '2023-08-14 12:33:13', NULL, 1);
INSERT INTO `room_attr_value` VALUES (129, 11, 9, '2023-08-14 12:33:33', NULL, 1);
INSERT INTO `room_attr_value` VALUES (130, 11, 17, '2023-08-14 12:33:33', NULL, 1);
INSERT INTO `room_attr_value` VALUES (131, 11, 20, '2023-08-14 12:33:33', NULL, 1);
INSERT INTO `room_attr_value` VALUES (132, 11, 23, '2023-08-14 12:33:33', NULL, 1);
INSERT INTO `room_attr_value` VALUES (133, 11, 27, '2023-08-14 12:33:33', NULL, 1);
INSERT INTO `room_attr_value` VALUES (134, 12, 8, '2023-08-14 12:33:45', NULL, 1);
INSERT INTO `room_attr_value` VALUES (135, 12, 16, '2023-08-14 12:33:45', NULL, 1);
INSERT INTO `room_attr_value` VALUES (136, 12, 22, '2023-08-14 12:33:45', NULL, 1);
INSERT INTO `room_attr_value` VALUES (137, 12, 25, '2023-08-14 12:33:45', NULL, 1);
INSERT INTO `room_attr_value` VALUES (138, 12, 27, '2023-08-14 12:33:45', NULL, 1);
INSERT INTO `room_attr_value` VALUES (139, 13, 10, '2023-08-14 12:33:57', NULL, 1);
INSERT INTO `room_attr_value` VALUES (140, 13, 18, '2023-08-14 12:33:57', NULL, 1);
INSERT INTO `room_attr_value` VALUES (141, 14, 9, '2023-08-14 12:34:08', NULL, 1);
INSERT INTO `room_attr_value` VALUES (142, 14, 17, '2023-08-14 12:34:08', NULL, 1);
INSERT INTO `room_attr_value` VALUES (143, 14, 20, '2023-08-14 12:34:08', NULL, 1);
INSERT INTO `room_attr_value` VALUES (144, 14, 27, '2023-08-14 12:34:08', NULL, 1);
INSERT INTO `room_attr_value` VALUES (145, 14, 23, '2023-08-14 12:34:08', NULL, 1);
INSERT INTO `room_attr_value` VALUES (146, 15, 8, '2023-08-14 12:34:20', NULL, 1);
INSERT INTO `room_attr_value` VALUES (147, 15, 16, '2023-08-14 12:34:20', NULL, 1);
INSERT INTO `room_attr_value` VALUES (148, 15, 20, '2023-08-14 12:34:20', NULL, 1);
INSERT INTO `room_attr_value` VALUES (149, 15, 23, '2023-08-14 12:34:20', NULL, 1);
INSERT INTO `room_attr_value` VALUES (150, 15, 27, '2023-08-14 12:34:20', NULL, 1);
INSERT INTO `room_attr_value` VALUES (151, 16, 8, '2023-08-14 12:34:45', NULL, 1);
INSERT INTO `room_attr_value` VALUES (152, 16, 16, '2023-08-14 12:34:45', NULL, 1);
INSERT INTO `room_attr_value` VALUES (153, 16, 19, '2023-08-14 12:34:45', NULL, 1);
INSERT INTO `room_attr_value` VALUES (154, 16, 24, '2023-08-14 12:34:45', NULL, 1);
INSERT INTO `room_attr_value` VALUES (155, 16, 27, '2023-08-14 12:34:45', NULL, 1);
INSERT INTO `room_attr_value` VALUES (156, 17, 10, '2023-08-14 12:35:08', NULL, 1);
INSERT INTO `room_attr_value` VALUES (157, 17, 18, '2023-08-14 12:35:08', NULL, 1);
INSERT INTO `room_attr_value` VALUES (158, 17, 20, '2023-08-14 12:35:08', NULL, 1);
INSERT INTO `room_attr_value` VALUES (159, 17, 23, '2023-08-14 12:35:08', NULL, 1);
INSERT INTO `room_attr_value` VALUES (160, 17, 27, '2023-08-14 12:35:08', NULL, 1);
INSERT INTO `room_attr_value` VALUES (161, 2, 10, '2023-08-19 15:46:10', NULL, 1);
INSERT INTO `room_attr_value` VALUES (162, 2, 16, '2023-08-19 15:46:10', NULL, 1);
INSERT INTO `room_attr_value` VALUES (163, 2, 22, '2023-08-19 15:46:10', NULL, 1);
INSERT INTO `room_attr_value` VALUES (164, 2, 25, '2023-08-19 15:46:10', NULL, 1);
INSERT INTO `room_attr_value` VALUES (165, 3, 9, '2023-08-19 15:46:32', NULL, 1);
INSERT INTO `room_attr_value` VALUES (166, 3, 17, '2023-08-19 15:46:32', NULL, 1);
INSERT INTO `room_attr_value` VALUES (167, 3, 20, '2023-08-19 15:46:32', NULL, 1);
INSERT INTO `room_attr_value` VALUES (168, 3, 23, '2023-08-19 15:46:32', NULL, 1);
INSERT INTO `room_attr_value` VALUES (169, 3, 27, '2023-08-19 15:46:32', NULL, 1);
INSERT INTO `room_attr_value` VALUES (170, 8, 8, '2023-08-19 15:46:49', NULL, 1);
INSERT INTO `room_attr_value` VALUES (171, 8, 15, '2023-08-19 15:46:49', NULL, 1);
INSERT INTO `room_attr_value` VALUES (172, 8, 22, '2023-08-19 15:46:49', NULL, 1);
INSERT INTO `room_attr_value` VALUES (173, 8, 25, '2023-08-19 15:46:49', NULL, 1);
INSERT INTO `room_attr_value` VALUES (174, 8, 27, '2023-08-19 15:46:49', NULL, 1);
INSERT INTO `room_attr_value` VALUES (175, 9, 8, '2023-08-19 15:47:08', NULL, 1);
INSERT INTO `room_attr_value` VALUES (176, 9, 15, '2023-08-19 15:47:08', NULL, 1);
INSERT INTO `room_attr_value` VALUES (177, 9, 19, '2023-08-19 15:47:08', NULL, 1);
INSERT INTO `room_attr_value` VALUES (178, 9, 24, '2023-08-19 15:47:08', NULL, 1);
INSERT INTO `room_attr_value` VALUES (179, 9, 27, '2023-08-19 15:47:08', NULL, 1);
INSERT INTO `room_attr_value` VALUES (180, 10, 8, '2023-08-19 15:47:28', NULL, 1);
INSERT INTO `room_attr_value` VALUES (181, 10, 15, '2023-08-19 15:47:28', NULL, 1);
INSERT INTO `room_attr_value` VALUES (182, 10, 20, '2023-08-19 15:47:28', NULL, 1);
INSERT INTO `room_attr_value` VALUES (183, 10, 23, '2023-08-19 15:47:28', NULL, 1);
INSERT INTO `room_attr_value` VALUES (184, 10, 27, '2023-08-19 15:47:28', NULL, 1);
INSERT INTO `room_attr_value` VALUES (185, 12, 8, '2023-08-19 15:47:45', NULL, 1);
INSERT INTO `room_attr_value` VALUES (186, 12, 16, '2023-08-19 15:47:45', NULL, 1);
INSERT INTO `room_attr_value` VALUES (187, 12, 22, '2023-08-19 15:47:45', NULL, 1);
INSERT INTO `room_attr_value` VALUES (188, 12, 25, '2023-08-19 15:47:45', NULL, 1);
INSERT INTO `room_attr_value` VALUES (189, 12, 27, '2023-08-19 15:47:45', NULL, 1);
INSERT INTO `room_attr_value` VALUES (190, 11, 9, '2023-08-19 15:48:04', NULL, 1);
INSERT INTO `room_attr_value` VALUES (191, 11, 17, '2023-08-19 15:48:04', NULL, 1);
INSERT INTO `room_attr_value` VALUES (192, 11, 20, '2023-08-19 15:48:04', NULL, 1);
INSERT INTO `room_attr_value` VALUES (193, 11, 23, '2023-08-19 15:48:04', NULL, 1);
INSERT INTO `room_attr_value` VALUES (194, 11, 27, '2023-08-19 15:48:04', NULL, 1);
INSERT INTO `room_attr_value` VALUES (195, 13, 10, '2023-08-19 15:48:26', NULL, 1);
INSERT INTO `room_attr_value` VALUES (196, 13, 18, '2023-08-19 15:48:26', NULL, 1);
INSERT INTO `room_attr_value` VALUES (197, 14, 9, '2023-08-19 15:48:46', NULL, 1);
INSERT INTO `room_attr_value` VALUES (198, 14, 17, '2023-08-19 15:48:46', NULL, 1);
INSERT INTO `room_attr_value` VALUES (199, 14, 20, '2023-08-19 15:48:46', NULL, 1);
INSERT INTO `room_attr_value` VALUES (200, 14, 27, '2023-08-19 15:48:46', NULL, 1);
INSERT INTO `room_attr_value` VALUES (201, 14, 23, '2023-08-19 15:48:46', NULL, 1);
INSERT INTO `room_attr_value` VALUES (202, 15, 8, '2023-08-19 15:49:04', NULL, 1);
INSERT INTO `room_attr_value` VALUES (203, 15, 16, '2023-08-19 15:49:04', NULL, 1);
INSERT INTO `room_attr_value` VALUES (204, 15, 20, '2023-08-19 15:49:04', NULL, 1);
INSERT INTO `room_attr_value` VALUES (205, 15, 23, '2023-08-19 15:49:04', NULL, 1);
INSERT INTO `room_attr_value` VALUES (206, 15, 27, '2023-08-19 15:49:04', NULL, 1);
INSERT INTO `room_attr_value` VALUES (207, 16, 8, '2023-08-19 15:49:22', NULL, 1);
INSERT INTO `room_attr_value` VALUES (208, 16, 16, '2023-08-19 15:49:22', NULL, 1);
INSERT INTO `room_attr_value` VALUES (209, 16, 19, '2023-08-19 15:49:22', NULL, 1);
INSERT INTO `room_attr_value` VALUES (210, 16, 24, '2023-08-19 15:49:22', NULL, 1);
INSERT INTO `room_attr_value` VALUES (211, 16, 27, '2023-08-19 15:49:22', NULL, 1);
INSERT INTO `room_attr_value` VALUES (212, 17, 10, '2023-08-19 15:49:38', NULL, 1);
INSERT INTO `room_attr_value` VALUES (213, 17, 18, '2023-08-19 15:49:38', NULL, 1);
INSERT INTO `room_attr_value` VALUES (214, 17, 20, '2023-08-19 15:49:38', NULL, 1);
INSERT INTO `room_attr_value` VALUES (215, 17, 23, '2023-08-19 15:49:38', NULL, 1);
INSERT INTO `room_attr_value` VALUES (216, 17, 27, '2023-08-19 15:49:38', NULL, 1);
INSERT INTO `room_attr_value` VALUES (16600, 273, 27, '2026-03-14 16:13:16', '2026-03-14 16:13:16', 1);
INSERT INTO `room_attr_value` VALUES (16601, 273, 24, '2026-03-14 16:13:16', '2026-03-14 16:13:16', 1);
INSERT INTO `room_attr_value` VALUES (16602, 273, 19, '2026-03-14 16:13:16', '2026-03-14 16:13:16', 1);
INSERT INTO `room_attr_value` VALUES (16603, 273, 15, '2026-03-14 16:13:16', '2026-03-14 16:13:16', 1);
INSERT INTO `room_attr_value` VALUES (16604, 273, 8, '2026-03-14 16:13:16', '2026-03-14 16:13:16', 1);
INSERT INTO `room_attr_value` VALUES (16605, 274, 27, '2026-03-14 16:13:16', '2026-03-14 16:13:16', 1);
INSERT INTO `room_attr_value` VALUES (16606, 274, 23, '2026-03-14 16:13:16', '2026-03-14 16:13:16', 1);
INSERT INTO `room_attr_value` VALUES (16607, 274, 20, '2026-03-14 16:13:16', '2026-03-14 16:13:16', 1);
INSERT INTO `room_attr_value` VALUES (16608, 274, 16, '2026-03-14 16:13:16', '2026-03-14 16:13:16', 1);
INSERT INTO `room_attr_value` VALUES (16609, 274, 8, '2026-03-14 16:13:16', '2026-03-14 16:13:16', 1);
INSERT INTO `room_attr_value` VALUES (16610, 275, 27, '2026-03-14 16:13:16', '2026-03-14 16:13:16', 1);
INSERT INTO `room_attr_value` VALUES (16611, 275, 23, '2026-03-14 16:13:16', '2026-03-14 16:13:16', 1);
INSERT INTO `room_attr_value` VALUES (16612, 275, 20, '2026-03-14 16:13:16', '2026-03-14 16:13:16', 1);
INSERT INTO `room_attr_value` VALUES (16613, 275, 17, '2026-03-14 16:13:16', '2026-03-14 16:13:16', 1);
INSERT INTO `room_attr_value` VALUES (16614, 275, 9, '2026-03-14 16:13:16', '2026-03-14 16:13:16', 1);
INSERT INTO `room_attr_value` VALUES (16615, 276, 27, '2026-03-14 16:13:16', '2026-03-14 16:13:16', 1);
INSERT INTO `room_attr_value` VALUES (16616, 276, 24, '2026-03-14 16:13:16', '2026-03-14 16:13:16', 1);
INSERT INTO `room_attr_value` VALUES (16617, 276, 19, '2026-03-14 16:13:16', '2026-03-14 16:13:16', 1);
INSERT INTO `room_attr_value` VALUES (16618, 276, 17, '2026-03-14 16:13:16', '2026-03-14 16:13:16', 1);
INSERT INTO `room_attr_value` VALUES (16619, 276, 9, '2026-03-14 16:13:16', '2026-03-14 16:13:16', 1);
INSERT INTO `room_attr_value` VALUES (16620, 277, 27, '2026-03-14 16:13:16', '2026-03-14 16:13:16', 1);
INSERT INTO `room_attr_value` VALUES (16621, 277, 24, '2026-03-14 16:13:16', '2026-03-14 16:13:16', 1);
INSERT INTO `room_attr_value` VALUES (16622, 277, 21, '2026-03-14 16:13:16', '2026-03-14 16:13:16', 1);
INSERT INTO `room_attr_value` VALUES (16623, 277, 16, '2026-03-14 16:13:16', '2026-03-14 16:13:16', 1);
INSERT INTO `room_attr_value` VALUES (16624, 277, 8, '2026-03-14 16:13:16', '2026-03-14 16:13:16', 1);
INSERT INTO `room_attr_value` VALUES (16625, 278, 27, '2026-03-14 16:13:16', '2026-03-14 16:13:16', 1);
INSERT INTO `room_attr_value` VALUES (16626, 278, 23, '2026-03-14 16:13:16', '2026-03-14 16:13:16', 1);
INSERT INTO `room_attr_value` VALUES (16627, 278, 20, '2026-03-14 16:13:16', '2026-03-14 16:13:16', 1);
INSERT INTO `room_attr_value` VALUES (16628, 278, 18, '2026-03-14 16:13:16', '2026-03-14 16:13:16', 1);
INSERT INTO `room_attr_value` VALUES (16629, 278, 10, '2026-03-14 16:13:16', '2026-03-14 16:13:16', 1);
INSERT INTO `room_attr_value` VALUES (16630, 279, 28, '2026-03-14 16:13:16', '2026-03-14 16:13:16', 1);
INSERT INTO `room_attr_value` VALUES (16631, 279, 25, '2026-03-14 16:13:16', '2026-03-14 16:13:16', 1);
INSERT INTO `room_attr_value` VALUES (16632, 279, 22, '2026-03-14 16:13:16', '2026-03-14 16:13:16', 1);
INSERT INTO `room_attr_value` VALUES (16633, 279, 16, '2026-03-14 16:13:16', '2026-03-14 16:13:16', 1);
INSERT INTO `room_attr_value` VALUES (16634, 279, 9, '2026-03-14 16:13:16', '2026-03-14 16:13:16', 1);
INSERT INTO `room_attr_value` VALUES (16635, 280, 28, '2026-03-14 16:13:16', '2026-03-14 16:13:16', 1);
INSERT INTO `room_attr_value` VALUES (16636, 280, 24, '2026-03-14 16:13:16', '2026-03-14 16:13:16', 1);
INSERT INTO `room_attr_value` VALUES (16637, 280, 20, '2026-03-14 16:13:16', '2026-03-14 16:13:16', 1);
INSERT INTO `room_attr_value` VALUES (16638, 280, 15, '2026-03-14 16:13:16', '2026-03-14 16:13:16', 1);
INSERT INTO `room_attr_value` VALUES (16639, 280, 8, '2026-03-14 16:13:16', '2026-03-14 16:13:16', 1);
INSERT INTO `room_attr_value` VALUES (16640, 281, 27, '2026-03-14 16:13:16', '2026-03-14 16:13:16', 1);
INSERT INTO `room_attr_value` VALUES (16641, 281, 23, '2026-03-14 16:13:16', '2026-03-14 16:13:16', 1);
INSERT INTO `room_attr_value` VALUES (16642, 281, 21, '2026-03-14 16:13:16', '2026-03-14 16:13:16', 1);
INSERT INTO `room_attr_value` VALUES (16643, 281, 17, '2026-03-14 16:13:16', '2026-03-14 16:13:16', 1);
INSERT INTO `room_attr_value` VALUES (16644, 281, 9, '2026-03-14 16:13:16', '2026-03-14 16:13:16', 1);
INSERT INTO `room_attr_value` VALUES (16645, 282, 27, '2026-03-14 16:13:16', '2026-03-14 16:13:16', 1);
INSERT INTO `room_attr_value` VALUES (16646, 282, 23, '2026-03-14 16:13:16', '2026-03-14 16:13:16', 1);
INSERT INTO `room_attr_value` VALUES (16647, 282, 19, '2026-03-14 16:13:16', '2026-03-14 16:13:16', 1);
INSERT INTO `room_attr_value` VALUES (16648, 282, 18, '2026-03-14 16:13:16', '2026-03-14 16:13:16', 1);
INSERT INTO `room_attr_value` VALUES (16649, 282, 10, '2026-03-14 16:13:16', '2026-03-14 16:13:16', 1);
INSERT INTO `room_attr_value` VALUES (16650, 283, 27, '2026-03-14 16:13:16', '2026-03-14 16:13:16', 1);
INSERT INTO `room_attr_value` VALUES (16651, 283, 24, '2026-03-14 16:13:16', '2026-03-14 16:13:16', 1);
INSERT INTO `room_attr_value` VALUES (16652, 283, 19, '2026-03-14 16:13:16', '2026-03-14 16:13:16', 1);
INSERT INTO `room_attr_value` VALUES (16653, 283, 15, '2026-03-14 16:13:16', '2026-03-14 16:13:16', 1);
INSERT INTO `room_attr_value` VALUES (16654, 283, 8, '2026-03-14 16:13:16', '2026-03-14 16:13:16', 1);
INSERT INTO `room_attr_value` VALUES (16655, 284, 27, '2026-03-14 16:13:16', '2026-03-14 16:13:16', 1);
INSERT INTO `room_attr_value` VALUES (16656, 284, 23, '2026-03-14 16:13:16', '2026-03-14 16:13:16', 1);
INSERT INTO `room_attr_value` VALUES (16657, 284, 20, '2026-03-14 16:13:16', '2026-03-14 16:13:16', 1);
INSERT INTO `room_attr_value` VALUES (16658, 284, 16, '2026-03-14 16:13:16', '2026-03-14 16:13:16', 1);
INSERT INTO `room_attr_value` VALUES (16659, 284, 8, '2026-03-14 16:13:16', '2026-03-14 16:13:16', 1);
INSERT INTO `room_attr_value` VALUES (16660, 285, 27, '2026-03-14 16:13:16', '2026-03-14 16:13:16', 1);
INSERT INTO `room_attr_value` VALUES (16661, 285, 23, '2026-03-14 16:13:16', '2026-03-14 16:13:16', 1);
INSERT INTO `room_attr_value` VALUES (16662, 285, 20, '2026-03-14 16:13:16', '2026-03-14 16:13:16', 1);
INSERT INTO `room_attr_value` VALUES (16663, 285, 17, '2026-03-14 16:13:16', '2026-03-14 16:13:16', 1);
INSERT INTO `room_attr_value` VALUES (16664, 285, 9, '2026-03-14 16:13:16', '2026-03-14 16:13:16', 1);
INSERT INTO `room_attr_value` VALUES (16665, 286, 27, '2026-03-14 16:13:16', '2026-03-14 16:13:16', 1);
INSERT INTO `room_attr_value` VALUES (16666, 286, 24, '2026-03-14 16:13:16', '2026-03-14 16:13:16', 1);
INSERT INTO `room_attr_value` VALUES (16667, 286, 19, '2026-03-14 16:13:16', '2026-03-14 16:13:16', 1);
INSERT INTO `room_attr_value` VALUES (16668, 286, 17, '2026-03-14 16:13:16', '2026-03-14 16:13:16', 1);
INSERT INTO `room_attr_value` VALUES (16669, 286, 9, '2026-03-14 16:13:16', '2026-03-14 16:13:16', 1);
INSERT INTO `room_attr_value` VALUES (16670, 287, 27, '2026-03-14 16:13:16', '2026-03-14 16:13:16', 1);
INSERT INTO `room_attr_value` VALUES (16671, 287, 24, '2026-03-14 16:13:16', '2026-03-14 16:13:16', 1);
INSERT INTO `room_attr_value` VALUES (16672, 287, 21, '2026-03-14 16:13:16', '2026-03-14 16:13:16', 1);
INSERT INTO `room_attr_value` VALUES (16673, 287, 16, '2026-03-14 16:13:16', '2026-03-14 16:13:16', 1);
INSERT INTO `room_attr_value` VALUES (16674, 287, 8, '2026-03-14 16:13:16', '2026-03-14 16:13:16', 1);
INSERT INTO `room_attr_value` VALUES (16675, 288, 27, '2026-03-14 16:13:16', '2026-03-14 16:13:16', 1);
INSERT INTO `room_attr_value` VALUES (16676, 288, 23, '2026-03-14 16:13:16', '2026-03-14 16:13:16', 1);
INSERT INTO `room_attr_value` VALUES (16677, 288, 20, '2026-03-14 16:13:16', '2026-03-14 16:13:16', 1);
INSERT INTO `room_attr_value` VALUES (16678, 288, 18, '2026-03-14 16:13:16', '2026-03-14 16:13:16', 1);
INSERT INTO `room_attr_value` VALUES (16679, 288, 10, '2026-03-14 16:13:16', '2026-03-14 16:13:16', 1);
INSERT INTO `room_attr_value` VALUES (16680, 289, 28, '2026-03-14 16:13:16', '2026-03-14 16:13:16', 1);
INSERT INTO `room_attr_value` VALUES (16681, 289, 25, '2026-03-14 16:13:16', '2026-03-14 16:13:16', 1);
INSERT INTO `room_attr_value` VALUES (16682, 289, 22, '2026-03-14 16:13:16', '2026-03-14 16:13:16', 1);
INSERT INTO `room_attr_value` VALUES (16683, 289, 16, '2026-03-14 16:13:16', '2026-03-14 16:13:16', 1);
INSERT INTO `room_attr_value` VALUES (16684, 289, 9, '2026-03-14 16:13:16', '2026-03-14 16:13:16', 1);
INSERT INTO `room_attr_value` VALUES (16685, 290, 28, '2026-03-14 16:13:16', '2026-03-14 16:13:16', 1);
INSERT INTO `room_attr_value` VALUES (16686, 290, 24, '2026-03-14 16:13:16', '2026-03-14 16:13:16', 1);
INSERT INTO `room_attr_value` VALUES (16687, 290, 20, '2026-03-14 16:13:16', '2026-03-14 16:13:16', 1);
INSERT INTO `room_attr_value` VALUES (16688, 290, 15, '2026-03-14 16:13:16', '2026-03-14 16:13:16', 1);
INSERT INTO `room_attr_value` VALUES (16689, 290, 8, '2026-03-14 16:13:16', '2026-03-14 16:13:16', 1);
INSERT INTO `room_attr_value` VALUES (16690, 291, 27, '2026-03-14 16:13:16', '2026-03-14 16:13:16', 1);
INSERT INTO `room_attr_value` VALUES (16691, 291, 23, '2026-03-14 16:13:16', '2026-03-14 16:13:16', 1);
INSERT INTO `room_attr_value` VALUES (16692, 291, 21, '2026-03-14 16:13:16', '2026-03-14 16:13:16', 1);
INSERT INTO `room_attr_value` VALUES (16693, 291, 17, '2026-03-14 16:13:16', '2026-03-14 16:13:16', 1);
INSERT INTO `room_attr_value` VALUES (16694, 291, 9, '2026-03-14 16:13:16', '2026-03-14 16:13:16', 1);
INSERT INTO `room_attr_value` VALUES (16695, 292, 27, '2026-03-14 16:13:16', '2026-03-14 16:13:16', 1);
INSERT INTO `room_attr_value` VALUES (16696, 292, 23, '2026-03-14 16:13:16', '2026-03-14 16:13:16', 1);
INSERT INTO `room_attr_value` VALUES (16697, 292, 19, '2026-03-14 16:13:16', '2026-03-14 16:13:16', 1);
INSERT INTO `room_attr_value` VALUES (16698, 292, 18, '2026-03-14 16:13:16', '2026-03-14 16:13:16', 1);
INSERT INTO `room_attr_value` VALUES (16699, 292, 10, '2026-03-14 16:13:16', '2026-03-14 16:13:16', 1);
INSERT INTO `room_attr_value` VALUES (16700, 293, 27, '2026-03-14 16:13:16', '2026-03-14 16:13:16', 1);
INSERT INTO `room_attr_value` VALUES (16701, 293, 24, '2026-03-14 16:13:16', '2026-03-14 16:13:16', 1);
INSERT INTO `room_attr_value` VALUES (16702, 293, 19, '2026-03-14 16:13:16', '2026-03-14 16:13:16', 1);
INSERT INTO `room_attr_value` VALUES (16703, 293, 15, '2026-03-14 16:13:16', '2026-03-14 16:13:16', 1);
INSERT INTO `room_attr_value` VALUES (16704, 293, 8, '2026-03-14 16:13:16', '2026-03-14 16:13:16', 1);
INSERT INTO `room_attr_value` VALUES (16705, 294, 27, '2026-03-14 16:13:16', '2026-03-14 16:13:16', 1);
INSERT INTO `room_attr_value` VALUES (16706, 294, 23, '2026-03-14 16:13:16', '2026-03-14 16:13:16', 1);
INSERT INTO `room_attr_value` VALUES (16707, 294, 20, '2026-03-14 16:13:16', '2026-03-14 16:13:16', 1);
INSERT INTO `room_attr_value` VALUES (16708, 294, 16, '2026-03-14 16:13:16', '2026-03-14 16:13:16', 1);
INSERT INTO `room_attr_value` VALUES (16709, 294, 8, '2026-03-14 16:13:16', '2026-03-14 16:13:16', 1);
INSERT INTO `room_attr_value` VALUES (16710, 295, 27, '2026-03-14 16:13:16', '2026-03-14 16:13:16', 1);
INSERT INTO `room_attr_value` VALUES (16711, 295, 23, '2026-03-14 16:13:16', '2026-03-14 16:13:16', 1);
INSERT INTO `room_attr_value` VALUES (16712, 295, 20, '2026-03-14 16:13:16', '2026-03-14 16:13:16', 1);
INSERT INTO `room_attr_value` VALUES (16713, 295, 17, '2026-03-14 16:13:16', '2026-03-14 16:13:16', 1);
INSERT INTO `room_attr_value` VALUES (16714, 295, 9, '2026-03-14 16:13:16', '2026-03-14 16:13:16', 1);
INSERT INTO `room_attr_value` VALUES (16715, 296, 27, '2026-03-14 16:13:16', '2026-03-14 16:13:16', 1);
INSERT INTO `room_attr_value` VALUES (16716, 296, 24, '2026-03-14 16:13:16', '2026-03-14 16:13:16', 1);
INSERT INTO `room_attr_value` VALUES (16717, 296, 19, '2026-03-14 16:13:16', '2026-03-14 16:13:16', 1);
INSERT INTO `room_attr_value` VALUES (16718, 296, 17, '2026-03-14 16:13:16', '2026-03-14 16:13:16', 1);
INSERT INTO `room_attr_value` VALUES (16719, 296, 9, '2026-03-14 16:13:16', '2026-03-14 16:13:16', 1);
INSERT INTO `room_attr_value` VALUES (16720, 297, 27, '2026-03-14 16:13:16', '2026-03-14 16:13:16', 1);
INSERT INTO `room_attr_value` VALUES (16721, 297, 24, '2026-03-14 16:13:16', '2026-03-14 16:13:16', 1);
INSERT INTO `room_attr_value` VALUES (16722, 297, 21, '2026-03-14 16:13:16', '2026-03-14 16:13:16', 1);
INSERT INTO `room_attr_value` VALUES (16723, 297, 16, '2026-03-14 16:13:16', '2026-03-14 16:13:16', 1);
INSERT INTO `room_attr_value` VALUES (16724, 297, 8, '2026-03-14 16:13:16', '2026-03-14 16:13:16', 1);
INSERT INTO `room_attr_value` VALUES (16725, 298, 27, '2026-03-14 16:13:16', '2026-03-14 16:13:16', 1);
INSERT INTO `room_attr_value` VALUES (16726, 298, 23, '2026-03-14 16:13:16', '2026-03-14 16:13:16', 1);
INSERT INTO `room_attr_value` VALUES (16727, 298, 20, '2026-03-14 16:13:16', '2026-03-14 16:13:16', 1);
INSERT INTO `room_attr_value` VALUES (16728, 298, 18, '2026-03-14 16:13:16', '2026-03-14 16:13:16', 1);
INSERT INTO `room_attr_value` VALUES (16729, 298, 10, '2026-03-14 16:13:16', '2026-03-14 16:13:16', 1);
INSERT INTO `room_attr_value` VALUES (16730, 299, 28, '2026-03-14 16:13:16', '2026-03-14 16:13:16', 1);
INSERT INTO `room_attr_value` VALUES (16731, 299, 25, '2026-03-14 16:13:16', '2026-03-14 16:13:16', 1);
INSERT INTO `room_attr_value` VALUES (16732, 299, 22, '2026-03-14 16:13:16', '2026-03-14 16:13:16', 1);
INSERT INTO `room_attr_value` VALUES (16733, 299, 16, '2026-03-14 16:13:16', '2026-03-14 16:13:16', 1);
INSERT INTO `room_attr_value` VALUES (16734, 299, 9, '2026-03-14 16:13:16', '2026-03-14 16:13:16', 1);
INSERT INTO `room_attr_value` VALUES (16735, 300, 28, '2026-03-14 16:13:16', '2026-03-14 16:13:16', 1);
INSERT INTO `room_attr_value` VALUES (16736, 300, 24, '2026-03-14 16:13:16', '2026-03-14 16:13:16', 1);
INSERT INTO `room_attr_value` VALUES (16737, 300, 20, '2026-03-14 16:13:16', '2026-03-14 16:13:16', 1);
INSERT INTO `room_attr_value` VALUES (16738, 300, 15, '2026-03-14 16:13:16', '2026-03-14 16:13:16', 1);
INSERT INTO `room_attr_value` VALUES (16739, 300, 8, '2026-03-14 16:13:16', '2026-03-14 16:13:16', 1);
INSERT INTO `room_attr_value` VALUES (16740, 301, 27, '2026-03-14 16:13:16', '2026-03-14 16:13:16', 1);
INSERT INTO `room_attr_value` VALUES (16741, 301, 23, '2026-03-14 16:13:16', '2026-03-14 16:13:16', 1);
INSERT INTO `room_attr_value` VALUES (16742, 301, 21, '2026-03-14 16:13:16', '2026-03-14 16:13:16', 1);
INSERT INTO `room_attr_value` VALUES (16743, 301, 17, '2026-03-14 16:13:16', '2026-03-14 16:13:16', 1);
INSERT INTO `room_attr_value` VALUES (16744, 301, 9, '2026-03-14 16:13:16', '2026-03-14 16:13:16', 1);
INSERT INTO `room_attr_value` VALUES (16745, 302, 27, '2026-03-14 16:13:16', '2026-03-14 16:13:16', 1);
INSERT INTO `room_attr_value` VALUES (16746, 302, 23, '2026-03-14 16:13:16', '2026-03-14 16:13:16', 1);
INSERT INTO `room_attr_value` VALUES (16747, 302, 19, '2026-03-14 16:13:16', '2026-03-14 16:13:16', 1);
INSERT INTO `room_attr_value` VALUES (16748, 302, 18, '2026-03-14 16:13:16', '2026-03-14 16:13:16', 1);
INSERT INTO `room_attr_value` VALUES (16749, 302, 10, '2026-03-14 16:13:16', '2026-03-14 16:13:16', 1);
INSERT INTO `room_attr_value` VALUES (16750, 303, 27, '2026-03-14 16:13:16', '2026-03-14 16:13:16', 1);
INSERT INTO `room_attr_value` VALUES (16751, 303, 24, '2026-03-14 16:13:16', '2026-03-14 16:13:16', 1);
INSERT INTO `room_attr_value` VALUES (16752, 303, 19, '2026-03-14 16:13:16', '2026-03-14 16:13:16', 1);
INSERT INTO `room_attr_value` VALUES (16753, 303, 15, '2026-03-14 16:13:16', '2026-03-14 16:13:16', 1);
INSERT INTO `room_attr_value` VALUES (16754, 303, 8, '2026-03-14 16:13:16', '2026-03-14 16:13:16', 1);
INSERT INTO `room_attr_value` VALUES (16755, 304, 27, '2026-03-14 16:13:16', '2026-03-14 16:13:16', 1);
INSERT INTO `room_attr_value` VALUES (16756, 304, 23, '2026-03-14 16:13:16', '2026-03-14 16:13:16', 1);
INSERT INTO `room_attr_value` VALUES (16757, 304, 20, '2026-03-14 16:13:16', '2026-03-14 16:13:16', 1);
INSERT INTO `room_attr_value` VALUES (16758, 304, 16, '2026-03-14 16:13:16', '2026-03-14 16:13:16', 1);
INSERT INTO `room_attr_value` VALUES (16759, 304, 8, '2026-03-14 16:13:16', '2026-03-14 16:13:16', 1);
INSERT INTO `room_attr_value` VALUES (16760, 305, 27, '2026-03-14 16:13:16', '2026-03-14 16:13:16', 1);
INSERT INTO `room_attr_value` VALUES (16761, 305, 23, '2026-03-14 16:13:16', '2026-03-14 16:13:16', 1);
INSERT INTO `room_attr_value` VALUES (16762, 305, 20, '2026-03-14 16:13:16', '2026-03-14 16:13:16', 1);
INSERT INTO `room_attr_value` VALUES (16763, 305, 17, '2026-03-14 16:13:16', '2026-03-14 16:13:16', 1);
INSERT INTO `room_attr_value` VALUES (16764, 305, 9, '2026-03-14 16:13:16', '2026-03-14 16:13:16', 1);
INSERT INTO `room_attr_value` VALUES (16765, 306, 27, '2026-03-14 16:13:16', '2026-03-14 16:13:16', 1);
INSERT INTO `room_attr_value` VALUES (16766, 306, 24, '2026-03-14 16:13:16', '2026-03-14 16:13:16', 1);
INSERT INTO `room_attr_value` VALUES (16767, 306, 19, '2026-03-14 16:13:16', '2026-03-14 16:13:16', 1);
INSERT INTO `room_attr_value` VALUES (16768, 306, 17, '2026-03-14 16:13:16', '2026-03-14 16:13:16', 1);
INSERT INTO `room_attr_value` VALUES (16769, 306, 9, '2026-03-14 16:13:16', '2026-03-14 16:13:16', 1);
INSERT INTO `room_attr_value` VALUES (16770, 307, 27, '2026-03-14 16:13:16', '2026-03-14 16:13:16', 1);
INSERT INTO `room_attr_value` VALUES (16771, 307, 24, '2026-03-14 16:13:16', '2026-03-14 16:13:16', 1);
INSERT INTO `room_attr_value` VALUES (16772, 307, 21, '2026-03-14 16:13:16', '2026-03-14 16:13:16', 1);
INSERT INTO `room_attr_value` VALUES (16773, 307, 16, '2026-03-14 16:13:16', '2026-03-14 16:13:16', 1);
INSERT INTO `room_attr_value` VALUES (16774, 307, 8, '2026-03-14 16:13:16', '2026-03-14 16:13:16', 1);
INSERT INTO `room_attr_value` VALUES (16775, 308, 27, '2026-03-14 16:13:16', '2026-03-14 16:13:16', 1);
INSERT INTO `room_attr_value` VALUES (16776, 308, 23, '2026-03-14 16:13:16', '2026-03-14 16:13:16', 1);
INSERT INTO `room_attr_value` VALUES (16777, 308, 20, '2026-03-14 16:13:16', '2026-03-14 16:13:16', 1);
INSERT INTO `room_attr_value` VALUES (16778, 308, 18, '2026-03-14 16:13:16', '2026-03-14 16:13:16', 1);
INSERT INTO `room_attr_value` VALUES (16779, 308, 10, '2026-03-14 16:13:16', '2026-03-14 16:13:16', 1);
INSERT INTO `room_attr_value` VALUES (16780, 309, 28, '2026-03-14 16:13:16', '2026-03-14 16:13:16', 1);
INSERT INTO `room_attr_value` VALUES (16781, 309, 25, '2026-03-14 16:13:16', '2026-03-14 16:13:16', 1);
INSERT INTO `room_attr_value` VALUES (16782, 309, 22, '2026-03-14 16:13:16', '2026-03-14 16:13:16', 1);
INSERT INTO `room_attr_value` VALUES (16783, 309, 16, '2026-03-14 16:13:16', '2026-03-14 16:13:16', 1);
INSERT INTO `room_attr_value` VALUES (16784, 309, 9, '2026-03-14 16:13:16', '2026-03-14 16:13:16', 1);
INSERT INTO `room_attr_value` VALUES (16785, 310, 28, '2026-03-14 16:13:16', '2026-03-14 16:13:16', 1);
INSERT INTO `room_attr_value` VALUES (16786, 310, 24, '2026-03-14 16:13:16', '2026-03-14 16:13:16', 1);
INSERT INTO `room_attr_value` VALUES (16787, 310, 20, '2026-03-14 16:13:16', '2026-03-14 16:13:16', 1);
INSERT INTO `room_attr_value` VALUES (16788, 310, 15, '2026-03-14 16:13:16', '2026-03-14 16:13:16', 1);
INSERT INTO `room_attr_value` VALUES (16789, 310, 8, '2026-03-14 16:13:16', '2026-03-14 16:13:16', 1);
INSERT INTO `room_attr_value` VALUES (16790, 311, 27, '2026-03-14 16:13:16', '2026-03-14 16:13:16', 1);
INSERT INTO `room_attr_value` VALUES (16791, 311, 23, '2026-03-14 16:13:16', '2026-03-14 16:13:16', 1);
INSERT INTO `room_attr_value` VALUES (16792, 311, 21, '2026-03-14 16:13:16', '2026-03-14 16:13:16', 1);
INSERT INTO `room_attr_value` VALUES (16793, 311, 17, '2026-03-14 16:13:16', '2026-03-14 16:13:16', 1);
INSERT INTO `room_attr_value` VALUES (16794, 311, 9, '2026-03-14 16:13:16', '2026-03-14 16:13:16', 1);
INSERT INTO `room_attr_value` VALUES (16795, 312, 27, '2026-03-14 16:13:16', '2026-03-14 16:13:16', 1);
INSERT INTO `room_attr_value` VALUES (16796, 312, 23, '2026-03-14 16:13:16', '2026-03-14 16:13:16', 1);
INSERT INTO `room_attr_value` VALUES (16797, 312, 19, '2026-03-14 16:13:16', '2026-03-14 16:13:16', 1);
INSERT INTO `room_attr_value` VALUES (16798, 312, 18, '2026-03-14 16:13:16', '2026-03-14 16:13:16', 1);
INSERT INTO `room_attr_value` VALUES (16799, 312, 10, '2026-03-14 16:13:16', '2026-03-14 16:13:16', 1);
INSERT INTO `room_attr_value` VALUES (16800, 313, 27, '2026-03-14 16:13:16', '2026-03-14 16:13:16', 1);
INSERT INTO `room_attr_value` VALUES (16801, 313, 24, '2026-03-14 16:13:16', '2026-03-14 16:13:16', 1);
INSERT INTO `room_attr_value` VALUES (16802, 313, 19, '2026-03-14 16:13:16', '2026-03-14 16:13:16', 1);
INSERT INTO `room_attr_value` VALUES (16803, 313, 15, '2026-03-14 16:13:16', '2026-03-14 16:13:16', 1);
INSERT INTO `room_attr_value` VALUES (16804, 313, 8, '2026-03-14 16:13:16', '2026-03-14 16:13:16', 1);
INSERT INTO `room_attr_value` VALUES (16805, 314, 27, '2026-03-14 16:13:16', '2026-03-14 16:13:16', 1);
INSERT INTO `room_attr_value` VALUES (16806, 314, 23, '2026-03-14 16:13:16', '2026-03-14 16:13:16', 1);
INSERT INTO `room_attr_value` VALUES (16807, 314, 20, '2026-03-14 16:13:16', '2026-03-14 16:13:16', 1);
INSERT INTO `room_attr_value` VALUES (16808, 314, 16, '2026-03-14 16:13:16', '2026-03-14 16:13:16', 1);
INSERT INTO `room_attr_value` VALUES (16809, 314, 8, '2026-03-14 16:13:16', '2026-03-14 16:13:16', 1);
INSERT INTO `room_attr_value` VALUES (16810, 315, 27, '2026-03-14 16:13:16', '2026-03-14 16:13:16', 1);
INSERT INTO `room_attr_value` VALUES (16811, 315, 23, '2026-03-14 16:13:16', '2026-03-14 16:13:16', 1);
INSERT INTO `room_attr_value` VALUES (16812, 315, 20, '2026-03-14 16:13:16', '2026-03-14 16:13:16', 1);
INSERT INTO `room_attr_value` VALUES (16813, 315, 17, '2026-03-14 16:13:16', '2026-03-14 16:13:16', 1);
INSERT INTO `room_attr_value` VALUES (16814, 315, 9, '2026-03-14 16:13:16', '2026-03-14 16:13:16', 1);
INSERT INTO `room_attr_value` VALUES (16815, 316, 27, '2026-03-14 16:13:16', '2026-03-14 16:13:16', 1);
INSERT INTO `room_attr_value` VALUES (16816, 316, 24, '2026-03-14 16:13:16', '2026-03-14 16:13:16', 1);
INSERT INTO `room_attr_value` VALUES (16817, 316, 19, '2026-03-14 16:13:16', '2026-03-14 16:13:16', 1);
INSERT INTO `room_attr_value` VALUES (16818, 316, 17, '2026-03-14 16:13:16', '2026-03-14 16:13:16', 1);
INSERT INTO `room_attr_value` VALUES (16819, 316, 9, '2026-03-14 16:13:16', '2026-03-14 16:13:16', 1);
INSERT INTO `room_attr_value` VALUES (16820, 317, 27, '2026-03-14 16:13:16', '2026-03-14 16:13:16', 1);
INSERT INTO `room_attr_value` VALUES (16821, 317, 24, '2026-03-14 16:13:16', '2026-03-14 16:13:16', 1);
INSERT INTO `room_attr_value` VALUES (16822, 317, 21, '2026-03-14 16:13:16', '2026-03-14 16:13:16', 1);
INSERT INTO `room_attr_value` VALUES (16823, 317, 16, '2026-03-14 16:13:16', '2026-03-14 16:13:16', 1);
INSERT INTO `room_attr_value` VALUES (16824, 317, 8, '2026-03-14 16:13:16', '2026-03-14 16:13:16', 1);
INSERT INTO `room_attr_value` VALUES (16825, 318, 27, '2026-03-14 16:13:16', '2026-03-14 16:13:16', 1);
INSERT INTO `room_attr_value` VALUES (16826, 318, 23, '2026-03-14 16:13:16', '2026-03-14 16:13:16', 1);
INSERT INTO `room_attr_value` VALUES (16827, 318, 20, '2026-03-14 16:13:16', '2026-03-14 16:13:16', 1);
INSERT INTO `room_attr_value` VALUES (16828, 318, 18, '2026-03-14 16:13:16', '2026-03-14 16:13:16', 1);
INSERT INTO `room_attr_value` VALUES (16829, 318, 10, '2026-03-14 16:13:16', '2026-03-14 16:13:16', 1);
INSERT INTO `room_attr_value` VALUES (16830, 319, 28, '2026-03-14 16:13:16', '2026-03-14 16:13:16', 1);
INSERT INTO `room_attr_value` VALUES (16831, 319, 25, '2026-03-14 16:13:16', '2026-03-14 16:13:16', 1);
INSERT INTO `room_attr_value` VALUES (16832, 319, 22, '2026-03-14 16:13:16', '2026-03-14 16:13:16', 1);
INSERT INTO `room_attr_value` VALUES (16833, 319, 16, '2026-03-14 16:13:16', '2026-03-14 16:13:16', 1);
INSERT INTO `room_attr_value` VALUES (16834, 319, 9, '2026-03-14 16:13:16', '2026-03-14 16:13:16', 1);
INSERT INTO `room_attr_value` VALUES (16835, 320, 28, '2026-03-14 16:13:16', '2026-03-14 16:13:16', 1);
INSERT INTO `room_attr_value` VALUES (16836, 320, 24, '2026-03-14 16:13:16', '2026-03-14 16:13:16', 1);
INSERT INTO `room_attr_value` VALUES (16837, 320, 20, '2026-03-14 16:13:16', '2026-03-14 16:13:16', 1);
INSERT INTO `room_attr_value` VALUES (16838, 320, 15, '2026-03-14 16:13:16', '2026-03-14 16:13:16', 1);
INSERT INTO `room_attr_value` VALUES (16839, 320, 8, '2026-03-14 16:13:16', '2026-03-14 16:13:16', 1);
INSERT INTO `room_attr_value` VALUES (16840, 321, 27, '2026-03-14 16:13:16', '2026-03-14 16:13:16', 1);
INSERT INTO `room_attr_value` VALUES (16841, 321, 23, '2026-03-14 16:13:16', '2026-03-14 16:13:16', 1);
INSERT INTO `room_attr_value` VALUES (16842, 321, 21, '2026-03-14 16:13:16', '2026-03-14 16:13:16', 1);
INSERT INTO `room_attr_value` VALUES (16843, 321, 17, '2026-03-14 16:13:16', '2026-03-14 16:13:16', 1);
INSERT INTO `room_attr_value` VALUES (16844, 321, 9, '2026-03-14 16:13:16', '2026-03-14 16:13:16', 1);
INSERT INTO `room_attr_value` VALUES (16845, 322, 27, '2026-03-14 16:13:16', '2026-03-14 16:13:16', 1);
INSERT INTO `room_attr_value` VALUES (16846, 322, 23, '2026-03-14 16:13:16', '2026-03-14 16:13:16', 1);
INSERT INTO `room_attr_value` VALUES (16847, 322, 19, '2026-03-14 16:13:16', '2026-03-14 16:13:16', 1);
INSERT INTO `room_attr_value` VALUES (16848, 322, 18, '2026-03-14 16:13:16', '2026-03-14 16:13:16', 1);
INSERT INTO `room_attr_value` VALUES (16849, 322, 10, '2026-03-14 16:13:16', '2026-03-14 16:13:16', 1);
INSERT INTO `room_attr_value` VALUES (16855, 273, 8, '2026-03-15 17:25:37', NULL, 1);
INSERT INTO `room_attr_value` VALUES (16856, 273, 15, '2026-03-15 17:25:37', NULL, 1);
INSERT INTO `room_attr_value` VALUES (16857, 273, 19, '2026-03-15 17:25:37', NULL, 1);
INSERT INTO `room_attr_value` VALUES (16858, 273, 24, '2026-03-15 17:25:37', NULL, 1);
INSERT INTO `room_attr_value` VALUES (16859, 273, 27, '2026-03-15 17:25:37', NULL, 1);
INSERT INTO `room_attr_value` VALUES (16860, 2, 10, '2026-03-15 17:27:11', NULL, 1);
INSERT INTO `room_attr_value` VALUES (16861, 2, 16, '2026-03-15 17:27:11', NULL, 1);
INSERT INTO `room_attr_value` VALUES (16862, 2, 22, '2026-03-15 17:27:11', NULL, 1);
INSERT INTO `room_attr_value` VALUES (16863, 2, 25, '2026-03-15 17:27:11', NULL, 1);
INSERT INTO `room_attr_value` VALUES (16864, 2, 10, '2026-03-15 17:45:08', NULL, 1);
INSERT INTO `room_attr_value` VALUES (16865, 2, 16, '2026-03-15 17:45:08', NULL, 1);
INSERT INTO `room_attr_value` VALUES (16866, 2, 22, '2026-03-15 17:45:08', NULL, 1);
INSERT INTO `room_attr_value` VALUES (16867, 2, 25, '2026-03-15 17:45:08', NULL, 1);
INSERT INTO `room_attr_value` VALUES (16868, 2, 10, '2026-03-15 17:59:14', NULL, 1);
INSERT INTO `room_attr_value` VALUES (16869, 2, 16, '2026-03-15 17:59:14', NULL, 1);
INSERT INTO `room_attr_value` VALUES (16870, 2, 22, '2026-03-15 17:59:14', NULL, 1);
INSERT INTO `room_attr_value` VALUES (16871, 2, 25, '2026-03-15 17:59:14', NULL, 1);
INSERT INTO `room_attr_value` VALUES (16872, 2, 10, '2026-03-15 21:07:11', NULL, 1);
INSERT INTO `room_attr_value` VALUES (16873, 2, 16, '2026-03-15 21:07:11', NULL, 1);
INSERT INTO `room_attr_value` VALUES (16874, 2, 22, '2026-03-15 21:07:11', NULL, 1);
INSERT INTO `room_attr_value` VALUES (16875, 2, 25, '2026-03-15 21:07:11', NULL, 1);
INSERT INTO `room_attr_value` VALUES (16876, 2, 10, '2026-03-15 21:16:55', NULL, 1);
INSERT INTO `room_attr_value` VALUES (16877, 2, 16, '2026-03-15 21:16:55', NULL, 1);
INSERT INTO `room_attr_value` VALUES (16878, 2, 22, '2026-03-15 21:16:55', NULL, 1);
INSERT INTO `room_attr_value` VALUES (16879, 2, 25, '2026-03-15 21:16:55', NULL, 1);
INSERT INTO `room_attr_value` VALUES (16880, 273, 8, '2026-03-16 15:01:55', NULL, 1);
INSERT INTO `room_attr_value` VALUES (16881, 273, 15, '2026-03-16 15:01:55', NULL, 1);
INSERT INTO `room_attr_value` VALUES (16882, 273, 19, '2026-03-16 15:01:55', NULL, 1);
INSERT INTO `room_attr_value` VALUES (16883, 273, 24, '2026-03-16 15:01:55', NULL, 1);
INSERT INTO `room_attr_value` VALUES (16884, 273, 27, '2026-03-16 15:01:55', NULL, 1);
INSERT INTO `room_attr_value` VALUES (16885, 306, 9, '2026-03-16 15:02:25', NULL, 1);
INSERT INTO `room_attr_value` VALUES (16886, 306, 17, '2026-03-16 15:02:25', NULL, 1);
INSERT INTO `room_attr_value` VALUES (16887, 306, 19, '2026-03-16 15:02:25', NULL, 1);
INSERT INTO `room_attr_value` VALUES (16888, 306, 24, '2026-03-16 15:02:25', NULL, 1);
INSERT INTO `room_attr_value` VALUES (16889, 306, 27, '2026-03-16 15:02:25', NULL, 1);
INSERT INTO `room_attr_value` VALUES (16890, 274, 8, '2026-03-16 15:02:43', NULL, 1);
INSERT INTO `room_attr_value` VALUES (16891, 274, 16, '2026-03-16 15:02:43', NULL, 1);
INSERT INTO `room_attr_value` VALUES (16892, 274, 20, '2026-03-16 15:02:43', NULL, 1);
INSERT INTO `room_attr_value` VALUES (16893, 274, 23, '2026-03-16 15:02:43', NULL, 1);
INSERT INTO `room_attr_value` VALUES (16894, 274, 27, '2026-03-16 15:02:43', NULL, 1);
INSERT INTO `room_attr_value` VALUES (16895, 293, 8, '2026-03-16 15:03:45', NULL, 1);
INSERT INTO `room_attr_value` VALUES (16896, 293, 15, '2026-03-16 15:03:45', NULL, 1);
INSERT INTO `room_attr_value` VALUES (16897, 293, 19, '2026-03-16 15:03:45', NULL, 1);
INSERT INTO `room_attr_value` VALUES (16898, 293, 24, '2026-03-16 15:03:45', NULL, 1);
INSERT INTO `room_attr_value` VALUES (16899, 293, 27, '2026-03-16 15:03:45', NULL, 1);
INSERT INTO `room_attr_value` VALUES (16900, 3, 9, '2026-03-16 15:04:03', NULL, 1);
INSERT INTO `room_attr_value` VALUES (16901, 3, 17, '2026-03-16 15:04:03', NULL, 1);
INSERT INTO `room_attr_value` VALUES (16902, 3, 20, '2026-03-16 15:04:03', NULL, 1);
INSERT INTO `room_attr_value` VALUES (16903, 3, 23, '2026-03-16 15:04:03', NULL, 1);
INSERT INTO `room_attr_value` VALUES (16904, 3, 27, '2026-03-16 15:04:03', NULL, 1);
INSERT INTO `room_attr_value` VALUES (16905, 8, 8, '2026-03-16 15:04:13', NULL, 1);
INSERT INTO `room_attr_value` VALUES (16906, 8, 15, '2026-03-16 15:04:13', NULL, 1);
INSERT INTO `room_attr_value` VALUES (16907, 8, 22, '2026-03-16 15:04:13', NULL, 1);
INSERT INTO `room_attr_value` VALUES (16908, 8, 25, '2026-03-16 15:04:13', NULL, 1);
INSERT INTO `room_attr_value` VALUES (16909, 8, 27, '2026-03-16 15:04:13', NULL, 1);
INSERT INTO `room_attr_value` VALUES (16910, 10, 8, '2026-03-16 15:04:21', NULL, 1);
INSERT INTO `room_attr_value` VALUES (16911, 10, 15, '2026-03-16 15:04:21', NULL, 1);
INSERT INTO `room_attr_value` VALUES (16912, 10, 20, '2026-03-16 15:04:21', NULL, 1);
INSERT INTO `room_attr_value` VALUES (16913, 10, 23, '2026-03-16 15:04:21', NULL, 1);
INSERT INTO `room_attr_value` VALUES (16914, 10, 27, '2026-03-16 15:04:21', NULL, 1);
INSERT INTO `room_attr_value` VALUES (16915, 9, 8, '2026-03-16 15:04:31', NULL, 1);
INSERT INTO `room_attr_value` VALUES (16916, 9, 15, '2026-03-16 15:04:31', NULL, 1);
INSERT INTO `room_attr_value` VALUES (16917, 9, 19, '2026-03-16 15:04:31', NULL, 1);
INSERT INTO `room_attr_value` VALUES (16918, 9, 24, '2026-03-16 15:04:31', NULL, 1);
INSERT INTO `room_attr_value` VALUES (16919, 9, 27, '2026-03-16 15:04:31', NULL, 1);
INSERT INTO `room_attr_value` VALUES (16920, 11, 9, '2026-03-16 15:04:43', NULL, 1);
INSERT INTO `room_attr_value` VALUES (16921, 11, 17, '2026-03-16 15:04:43', NULL, 1);
INSERT INTO `room_attr_value` VALUES (16922, 11, 20, '2026-03-16 15:04:43', NULL, 1);
INSERT INTO `room_attr_value` VALUES (16923, 11, 23, '2026-03-16 15:04:43', NULL, 1);
INSERT INTO `room_attr_value` VALUES (16924, 11, 27, '2026-03-16 15:04:43', NULL, 1);
INSERT INTO `room_attr_value` VALUES (16925, 12, 8, '2026-03-16 15:05:13', NULL, 1);
INSERT INTO `room_attr_value` VALUES (16926, 12, 16, '2026-03-16 15:05:13', NULL, 1);
INSERT INTO `room_attr_value` VALUES (16927, 12, 22, '2026-03-16 15:05:13', NULL, 1);
INSERT INTO `room_attr_value` VALUES (16928, 12, 25, '2026-03-16 15:05:13', NULL, 1);
INSERT INTO `room_attr_value` VALUES (16929, 12, 27, '2026-03-16 15:05:13', NULL, 1);
INSERT INTO `room_attr_value` VALUES (16930, 13, 10, '2026-03-16 15:05:25', NULL, 1);
INSERT INTO `room_attr_value` VALUES (16931, 13, 18, '2026-03-16 15:05:25', NULL, 1);
INSERT INTO `room_attr_value` VALUES (16932, 14, 9, '2026-03-16 15:05:37', NULL, 1);
INSERT INTO `room_attr_value` VALUES (16933, 14, 17, '2026-03-16 15:05:37', NULL, 1);
INSERT INTO `room_attr_value` VALUES (16934, 14, 20, '2026-03-16 15:05:37', NULL, 1);
INSERT INTO `room_attr_value` VALUES (16935, 14, 23, '2026-03-16 15:05:37', NULL, 1);
INSERT INTO `room_attr_value` VALUES (16936, 14, 27, '2026-03-16 15:05:37', NULL, 1);
INSERT INTO `room_attr_value` VALUES (16937, 15, 8, '2026-03-16 15:30:02', NULL, 1);
INSERT INTO `room_attr_value` VALUES (16938, 15, 16, '2026-03-16 15:30:02', NULL, 1);
INSERT INTO `room_attr_value` VALUES (16939, 15, 20, '2026-03-16 15:30:02', NULL, 1);
INSERT INTO `room_attr_value` VALUES (16940, 15, 23, '2026-03-16 15:30:02', NULL, 1);
INSERT INTO `room_attr_value` VALUES (16941, 15, 27, '2026-03-16 15:30:02', NULL, 1);
INSERT INTO `room_attr_value` VALUES (16942, 16, 8, '2026-03-16 15:45:08', NULL, 1);
INSERT INTO `room_attr_value` VALUES (16943, 16, 16, '2026-03-16 15:45:08', NULL, 1);
INSERT INTO `room_attr_value` VALUES (16944, 16, 19, '2026-03-16 15:45:08', NULL, 1);
INSERT INTO `room_attr_value` VALUES (16945, 16, 24, '2026-03-16 15:45:08', NULL, 1);
INSERT INTO `room_attr_value` VALUES (16946, 16, 27, '2026-03-16 15:45:08', NULL, 1);
INSERT INTO `room_attr_value` VALUES (16947, 313, 8, '2026-03-16 15:53:47', NULL, 0);
INSERT INTO `room_attr_value` VALUES (16948, 313, 15, '2026-03-16 15:53:47', NULL, 0);
INSERT INTO `room_attr_value` VALUES (16949, 313, 19, '2026-03-16 15:53:47', NULL, 0);
INSERT INTO `room_attr_value` VALUES (16950, 313, 24, '2026-03-16 15:53:47', NULL, 0);
INSERT INTO `room_attr_value` VALUES (16951, 313, 27, '2026-03-16 15:53:47', NULL, 0);
INSERT INTO `room_attr_value` VALUES (16952, 314, 8, '2026-03-16 15:53:48', NULL, 0);
INSERT INTO `room_attr_value` VALUES (16953, 314, 16, '2026-03-16 15:53:48', NULL, 0);
INSERT INTO `room_attr_value` VALUES (16954, 314, 20, '2026-03-16 15:53:48', NULL, 0);
INSERT INTO `room_attr_value` VALUES (16955, 314, 23, '2026-03-16 15:53:48', NULL, 0);
INSERT INTO `room_attr_value` VALUES (16956, 314, 27, '2026-03-16 15:53:48', NULL, 0);
INSERT INTO `room_attr_value` VALUES (16957, 315, 9, '2026-03-16 15:53:49', NULL, 0);
INSERT INTO `room_attr_value` VALUES (16958, 315, 17, '2026-03-16 15:53:49', NULL, 0);
INSERT INTO `room_attr_value` VALUES (16959, 315, 20, '2026-03-16 15:53:49', NULL, 0);
INSERT INTO `room_attr_value` VALUES (16960, 315, 23, '2026-03-16 15:53:49', NULL, 0);
INSERT INTO `room_attr_value` VALUES (16961, 315, 27, '2026-03-16 15:53:49', NULL, 0);
INSERT INTO `room_attr_value` VALUES (16962, 316, 9, '2026-03-16 15:53:49', NULL, 0);
INSERT INTO `room_attr_value` VALUES (16963, 316, 17, '2026-03-16 15:53:49', NULL, 0);
INSERT INTO `room_attr_value` VALUES (16964, 316, 19, '2026-03-16 15:53:49', NULL, 0);
INSERT INTO `room_attr_value` VALUES (16965, 316, 24, '2026-03-16 15:53:49', NULL, 0);
INSERT INTO `room_attr_value` VALUES (16966, 316, 27, '2026-03-16 15:53:49', NULL, 0);
INSERT INTO `room_attr_value` VALUES (16967, 317, 8, '2026-03-16 15:53:50', NULL, 0);
INSERT INTO `room_attr_value` VALUES (16968, 317, 16, '2026-03-16 15:53:50', NULL, 0);
INSERT INTO `room_attr_value` VALUES (16969, 317, 21, '2026-03-16 15:53:50', NULL, 0);
INSERT INTO `room_attr_value` VALUES (16970, 317, 24, '2026-03-16 15:53:50', NULL, 0);
INSERT INTO `room_attr_value` VALUES (16971, 317, 27, '2026-03-16 15:53:50', NULL, 0);
INSERT INTO `room_attr_value` VALUES (16972, 318, 10, '2026-03-16 15:53:51', NULL, 0);
INSERT INTO `room_attr_value` VALUES (16973, 318, 18, '2026-03-16 15:53:51', NULL, 0);
INSERT INTO `room_attr_value` VALUES (16974, 318, 20, '2026-03-16 15:53:51', NULL, 0);
INSERT INTO `room_attr_value` VALUES (16975, 318, 23, '2026-03-16 15:53:51', NULL, 0);
INSERT INTO `room_attr_value` VALUES (16976, 318, 27, '2026-03-16 15:53:51', NULL, 0);
INSERT INTO `room_attr_value` VALUES (16977, 319, 9, '2026-03-16 15:53:52', NULL, 0);
INSERT INTO `room_attr_value` VALUES (16978, 319, 16, '2026-03-16 15:53:52', NULL, 0);
INSERT INTO `room_attr_value` VALUES (16979, 319, 22, '2026-03-16 15:53:52', NULL, 0);
INSERT INTO `room_attr_value` VALUES (16980, 319, 25, '2026-03-16 15:53:52', NULL, 0);
INSERT INTO `room_attr_value` VALUES (16981, 319, 28, '2026-03-16 15:53:52', NULL, 0);
INSERT INTO `room_attr_value` VALUES (16982, 320, 8, '2026-03-16 15:53:53', NULL, 0);
INSERT INTO `room_attr_value` VALUES (16983, 320, 15, '2026-03-16 15:53:53', NULL, 0);
INSERT INTO `room_attr_value` VALUES (16984, 320, 20, '2026-03-16 15:53:53', NULL, 0);
INSERT INTO `room_attr_value` VALUES (16985, 320, 24, '2026-03-16 15:53:53', NULL, 0);
INSERT INTO `room_attr_value` VALUES (16986, 320, 28, '2026-03-16 15:53:53', NULL, 0);
INSERT INTO `room_attr_value` VALUES (16987, 321, 9, '2026-03-16 15:53:53', NULL, 0);
INSERT INTO `room_attr_value` VALUES (16988, 321, 17, '2026-03-16 15:53:53', NULL, 0);
INSERT INTO `room_attr_value` VALUES (16989, 321, 21, '2026-03-16 15:53:53', NULL, 0);
INSERT INTO `room_attr_value` VALUES (16990, 321, 23, '2026-03-16 15:53:53', NULL, 0);
INSERT INTO `room_attr_value` VALUES (16991, 321, 27, '2026-03-16 15:53:53', NULL, 0);
INSERT INTO `room_attr_value` VALUES (16992, 322, 10, '2026-03-16 15:53:54', NULL, 0);
INSERT INTO `room_attr_value` VALUES (16993, 322, 18, '2026-03-16 15:53:54', NULL, 0);
INSERT INTO `room_attr_value` VALUES (16994, 322, 19, '2026-03-16 15:53:54', NULL, 0);
INSERT INTO `room_attr_value` VALUES (16995, 322, 23, '2026-03-16 15:53:54', NULL, 0);
INSERT INTO `room_attr_value` VALUES (16996, 322, 27, '2026-03-16 15:53:54', NULL, 0);
INSERT INTO `room_attr_value` VALUES (16997, 273, 8, '2026-03-16 15:55:31', NULL, 0);
INSERT INTO `room_attr_value` VALUES (16998, 273, 15, '2026-03-16 15:55:31', NULL, 0);
INSERT INTO `room_attr_value` VALUES (16999, 273, 19, '2026-03-16 15:55:31', NULL, 0);
INSERT INTO `room_attr_value` VALUES (17000, 273, 24, '2026-03-16 15:55:31', NULL, 0);
INSERT INTO `room_attr_value` VALUES (17001, 273, 27, '2026-03-16 15:55:31', NULL, 0);
INSERT INTO `room_attr_value` VALUES (17002, 274, 8, '2026-03-16 15:55:32', NULL, 0);
INSERT INTO `room_attr_value` VALUES (17003, 274, 16, '2026-03-16 15:55:32', NULL, 0);
INSERT INTO `room_attr_value` VALUES (17004, 274, 20, '2026-03-16 15:55:32', NULL, 0);
INSERT INTO `room_attr_value` VALUES (17005, 274, 23, '2026-03-16 15:55:32', NULL, 0);
INSERT INTO `room_attr_value` VALUES (17006, 274, 27, '2026-03-16 15:55:32', NULL, 0);
INSERT INTO `room_attr_value` VALUES (17007, 275, 9, '2026-03-16 15:55:33', NULL, 0);
INSERT INTO `room_attr_value` VALUES (17008, 275, 17, '2026-03-16 15:55:33', NULL, 0);
INSERT INTO `room_attr_value` VALUES (17009, 275, 20, '2026-03-16 15:55:33', NULL, 0);
INSERT INTO `room_attr_value` VALUES (17010, 275, 23, '2026-03-16 15:55:33', NULL, 0);
INSERT INTO `room_attr_value` VALUES (17011, 275, 27, '2026-03-16 15:55:33', NULL, 0);
INSERT INTO `room_attr_value` VALUES (17012, 276, 9, '2026-03-16 15:55:34', NULL, 0);
INSERT INTO `room_attr_value` VALUES (17013, 276, 17, '2026-03-16 15:55:34', NULL, 0);
INSERT INTO `room_attr_value` VALUES (17014, 276, 19, '2026-03-16 15:55:34', NULL, 0);
INSERT INTO `room_attr_value` VALUES (17015, 276, 24, '2026-03-16 15:55:34', NULL, 0);
INSERT INTO `room_attr_value` VALUES (17016, 276, 27, '2026-03-16 15:55:34', NULL, 0);
INSERT INTO `room_attr_value` VALUES (17017, 277, 8, '2026-03-16 15:55:35', NULL, 0);
INSERT INTO `room_attr_value` VALUES (17018, 277, 16, '2026-03-16 15:55:35', NULL, 0);
INSERT INTO `room_attr_value` VALUES (17019, 277, 21, '2026-03-16 15:55:35', NULL, 0);
INSERT INTO `room_attr_value` VALUES (17020, 277, 24, '2026-03-16 15:55:35', NULL, 0);
INSERT INTO `room_attr_value` VALUES (17021, 277, 27, '2026-03-16 15:55:35', NULL, 0);
INSERT INTO `room_attr_value` VALUES (17022, 278, 10, '2026-03-16 15:55:36', NULL, 0);
INSERT INTO `room_attr_value` VALUES (17023, 278, 18, '2026-03-16 15:55:36', NULL, 0);
INSERT INTO `room_attr_value` VALUES (17024, 278, 20, '2026-03-16 15:55:36', NULL, 0);
INSERT INTO `room_attr_value` VALUES (17025, 278, 23, '2026-03-16 15:55:36', NULL, 0);
INSERT INTO `room_attr_value` VALUES (17026, 278, 27, '2026-03-16 15:55:36', NULL, 0);
INSERT INTO `room_attr_value` VALUES (17027, 279, 9, '2026-03-16 15:55:37', NULL, 0);
INSERT INTO `room_attr_value` VALUES (17028, 279, 16, '2026-03-16 15:55:37', NULL, 0);
INSERT INTO `room_attr_value` VALUES (17029, 279, 22, '2026-03-16 15:55:37', NULL, 0);
INSERT INTO `room_attr_value` VALUES (17030, 279, 25, '2026-03-16 15:55:37', NULL, 0);
INSERT INTO `room_attr_value` VALUES (17031, 279, 28, '2026-03-16 15:55:37', NULL, 0);
INSERT INTO `room_attr_value` VALUES (17032, 280, 8, '2026-03-16 15:55:38', NULL, 0);
INSERT INTO `room_attr_value` VALUES (17033, 280, 15, '2026-03-16 15:55:38', NULL, 0);
INSERT INTO `room_attr_value` VALUES (17034, 280, 20, '2026-03-16 15:55:38', NULL, 0);
INSERT INTO `room_attr_value` VALUES (17035, 280, 24, '2026-03-16 15:55:38', NULL, 0);
INSERT INTO `room_attr_value` VALUES (17036, 280, 28, '2026-03-16 15:55:38', NULL, 0);
INSERT INTO `room_attr_value` VALUES (17037, 281, 9, '2026-03-16 15:55:38', NULL, 0);
INSERT INTO `room_attr_value` VALUES (17038, 281, 17, '2026-03-16 15:55:38', NULL, 0);
INSERT INTO `room_attr_value` VALUES (17039, 281, 21, '2026-03-16 15:55:38', NULL, 0);
INSERT INTO `room_attr_value` VALUES (17040, 281, 23, '2026-03-16 15:55:38', NULL, 0);
INSERT INTO `room_attr_value` VALUES (17041, 281, 27, '2026-03-16 15:55:38', NULL, 0);
INSERT INTO `room_attr_value` VALUES (17042, 282, 10, '2026-03-16 15:55:39', NULL, 0);
INSERT INTO `room_attr_value` VALUES (17043, 282, 18, '2026-03-16 15:55:39', NULL, 0);
INSERT INTO `room_attr_value` VALUES (17044, 282, 19, '2026-03-16 15:55:39', NULL, 0);
INSERT INTO `room_attr_value` VALUES (17045, 282, 23, '2026-03-16 15:55:39', NULL, 0);
INSERT INTO `room_attr_value` VALUES (17046, 282, 27, '2026-03-16 15:55:39', NULL, 0);
INSERT INTO `room_attr_value` VALUES (17047, 306, 9, '2026-03-16 15:56:29', NULL, 0);
INSERT INTO `room_attr_value` VALUES (17048, 306, 17, '2026-03-16 15:56:29', NULL, 0);
INSERT INTO `room_attr_value` VALUES (17049, 306, 19, '2026-03-16 15:56:29', NULL, 0);
INSERT INTO `room_attr_value` VALUES (17050, 306, 24, '2026-03-16 15:56:29', NULL, 0);
INSERT INTO `room_attr_value` VALUES (17051, 306, 27, '2026-03-16 15:56:29', NULL, 0);
INSERT INTO `room_attr_value` VALUES (17052, 303, 8, '2026-03-16 15:56:30', NULL, 0);
INSERT INTO `room_attr_value` VALUES (17053, 303, 15, '2026-03-16 15:56:30', NULL, 0);
INSERT INTO `room_attr_value` VALUES (17054, 303, 19, '2026-03-16 15:56:30', NULL, 0);
INSERT INTO `room_attr_value` VALUES (17055, 303, 24, '2026-03-16 15:56:30', NULL, 0);
INSERT INTO `room_attr_value` VALUES (17056, 303, 27, '2026-03-16 15:56:30', NULL, 0);
INSERT INTO `room_attr_value` VALUES (17057, 304, 8, '2026-03-16 15:56:31', NULL, 0);
INSERT INTO `room_attr_value` VALUES (17058, 304, 16, '2026-03-16 15:56:31', NULL, 0);
INSERT INTO `room_attr_value` VALUES (17059, 304, 20, '2026-03-16 15:56:31', NULL, 0);
INSERT INTO `room_attr_value` VALUES (17060, 304, 23, '2026-03-16 15:56:31', NULL, 0);
INSERT INTO `room_attr_value` VALUES (17061, 304, 27, '2026-03-16 15:56:31', NULL, 0);
INSERT INTO `room_attr_value` VALUES (17062, 305, 9, '2026-03-16 15:56:32', NULL, 0);
INSERT INTO `room_attr_value` VALUES (17063, 305, 17, '2026-03-16 15:56:32', NULL, 0);
INSERT INTO `room_attr_value` VALUES (17064, 305, 20, '2026-03-16 15:56:32', NULL, 0);
INSERT INTO `room_attr_value` VALUES (17065, 305, 23, '2026-03-16 15:56:32', NULL, 0);
INSERT INTO `room_attr_value` VALUES (17066, 305, 27, '2026-03-16 15:56:32', NULL, 0);
INSERT INTO `room_attr_value` VALUES (17067, 307, 8, '2026-03-16 15:56:33', NULL, 0);
INSERT INTO `room_attr_value` VALUES (17068, 307, 16, '2026-03-16 15:56:33', NULL, 0);
INSERT INTO `room_attr_value` VALUES (17069, 307, 21, '2026-03-16 15:56:33', NULL, 0);
INSERT INTO `room_attr_value` VALUES (17070, 307, 24, '2026-03-16 15:56:33', NULL, 0);
INSERT INTO `room_attr_value` VALUES (17071, 307, 27, '2026-03-16 15:56:33', NULL, 0);
INSERT INTO `room_attr_value` VALUES (17072, 308, 10, '2026-03-16 15:56:33', NULL, 0);
INSERT INTO `room_attr_value` VALUES (17073, 308, 18, '2026-03-16 15:56:33', NULL, 0);
INSERT INTO `room_attr_value` VALUES (17074, 308, 20, '2026-03-16 15:56:33', NULL, 0);
INSERT INTO `room_attr_value` VALUES (17075, 308, 23, '2026-03-16 15:56:33', NULL, 0);
INSERT INTO `room_attr_value` VALUES (17076, 308, 27, '2026-03-16 15:56:33', NULL, 0);
INSERT INTO `room_attr_value` VALUES (17077, 309, 9, '2026-03-16 15:56:34', NULL, 0);
INSERT INTO `room_attr_value` VALUES (17078, 309, 16, '2026-03-16 15:56:34', NULL, 0);
INSERT INTO `room_attr_value` VALUES (17079, 309, 22, '2026-03-16 15:56:34', NULL, 0);
INSERT INTO `room_attr_value` VALUES (17080, 309, 25, '2026-03-16 15:56:34', NULL, 0);
INSERT INTO `room_attr_value` VALUES (17081, 309, 28, '2026-03-16 15:56:34', NULL, 0);
INSERT INTO `room_attr_value` VALUES (17082, 310, 8, '2026-03-16 15:56:35', NULL, 0);
INSERT INTO `room_attr_value` VALUES (17083, 310, 15, '2026-03-16 15:56:35', NULL, 0);
INSERT INTO `room_attr_value` VALUES (17084, 310, 20, '2026-03-16 15:56:35', NULL, 0);
INSERT INTO `room_attr_value` VALUES (17085, 310, 24, '2026-03-16 15:56:35', NULL, 0);
INSERT INTO `room_attr_value` VALUES (17086, 310, 28, '2026-03-16 15:56:35', NULL, 0);
INSERT INTO `room_attr_value` VALUES (17087, 311, 9, '2026-03-16 15:56:36', NULL, 0);
INSERT INTO `room_attr_value` VALUES (17088, 311, 17, '2026-03-16 15:56:36', NULL, 0);
INSERT INTO `room_attr_value` VALUES (17089, 311, 21, '2026-03-16 15:56:36', NULL, 0);
INSERT INTO `room_attr_value` VALUES (17090, 311, 23, '2026-03-16 15:56:36', NULL, 0);
INSERT INTO `room_attr_value` VALUES (17091, 311, 27, '2026-03-16 15:56:36', NULL, 0);
INSERT INTO `room_attr_value` VALUES (17092, 312, 10, '2026-03-16 15:56:37', NULL, 0);
INSERT INTO `room_attr_value` VALUES (17093, 312, 18, '2026-03-16 15:56:37', NULL, 0);
INSERT INTO `room_attr_value` VALUES (17094, 312, 19, '2026-03-16 15:56:37', NULL, 0);
INSERT INTO `room_attr_value` VALUES (17095, 312, 23, '2026-03-16 15:56:37', NULL, 0);
INSERT INTO `room_attr_value` VALUES (17096, 312, 27, '2026-03-16 15:56:37', NULL, 0);
INSERT INTO `room_attr_value` VALUES (17097, 293, 8, '2026-03-16 15:58:08', NULL, 0);
INSERT INTO `room_attr_value` VALUES (17098, 293, 15, '2026-03-16 15:58:08', NULL, 0);
INSERT INTO `room_attr_value` VALUES (17099, 293, 19, '2026-03-16 15:58:08', NULL, 0);
INSERT INTO `room_attr_value` VALUES (17100, 293, 24, '2026-03-16 15:58:08', NULL, 0);
INSERT INTO `room_attr_value` VALUES (17101, 293, 27, '2026-03-16 15:58:08', NULL, 0);
INSERT INTO `room_attr_value` VALUES (17102, 294, 8, '2026-03-16 15:58:09', NULL, 0);
INSERT INTO `room_attr_value` VALUES (17103, 294, 16, '2026-03-16 15:58:09', NULL, 0);
INSERT INTO `room_attr_value` VALUES (17104, 294, 20, '2026-03-16 15:58:09', NULL, 0);
INSERT INTO `room_attr_value` VALUES (17105, 294, 23, '2026-03-16 15:58:09', NULL, 0);
INSERT INTO `room_attr_value` VALUES (17106, 294, 27, '2026-03-16 15:58:09', NULL, 0);
INSERT INTO `room_attr_value` VALUES (17107, 295, 9, '2026-03-16 15:58:10', NULL, 0);
INSERT INTO `room_attr_value` VALUES (17108, 295, 17, '2026-03-16 15:58:10', NULL, 0);
INSERT INTO `room_attr_value` VALUES (17109, 295, 20, '2026-03-16 15:58:10', NULL, 0);
INSERT INTO `room_attr_value` VALUES (17110, 295, 23, '2026-03-16 15:58:10', NULL, 0);
INSERT INTO `room_attr_value` VALUES (17111, 295, 27, '2026-03-16 15:58:10', NULL, 0);
INSERT INTO `room_attr_value` VALUES (17112, 296, 9, '2026-03-16 15:58:11', NULL, 0);
INSERT INTO `room_attr_value` VALUES (17113, 296, 17, '2026-03-16 15:58:11', NULL, 0);
INSERT INTO `room_attr_value` VALUES (17114, 296, 19, '2026-03-16 15:58:11', NULL, 0);
INSERT INTO `room_attr_value` VALUES (17115, 296, 24, '2026-03-16 15:58:11', NULL, 0);
INSERT INTO `room_attr_value` VALUES (17116, 296, 27, '2026-03-16 15:58:11', NULL, 0);
INSERT INTO `room_attr_value` VALUES (17117, 297, 8, '2026-03-16 15:58:12', NULL, 0);
INSERT INTO `room_attr_value` VALUES (17118, 297, 16, '2026-03-16 15:58:12', NULL, 0);
INSERT INTO `room_attr_value` VALUES (17119, 297, 21, '2026-03-16 15:58:12', NULL, 0);
INSERT INTO `room_attr_value` VALUES (17120, 297, 24, '2026-03-16 15:58:12', NULL, 0);
INSERT INTO `room_attr_value` VALUES (17121, 297, 27, '2026-03-16 15:58:12', NULL, 0);
INSERT INTO `room_attr_value` VALUES (17122, 298, 10, '2026-03-16 15:58:12', NULL, 0);
INSERT INTO `room_attr_value` VALUES (17123, 298, 18, '2026-03-16 15:58:12', NULL, 0);
INSERT INTO `room_attr_value` VALUES (17124, 298, 20, '2026-03-16 15:58:12', NULL, 0);
INSERT INTO `room_attr_value` VALUES (17125, 298, 23, '2026-03-16 15:58:12', NULL, 0);
INSERT INTO `room_attr_value` VALUES (17126, 298, 27, '2026-03-16 15:58:12', NULL, 0);
INSERT INTO `room_attr_value` VALUES (17127, 299, 9, '2026-03-16 15:58:13', NULL, 0);
INSERT INTO `room_attr_value` VALUES (17128, 299, 16, '2026-03-16 15:58:13', NULL, 0);
INSERT INTO `room_attr_value` VALUES (17129, 299, 22, '2026-03-16 15:58:13', NULL, 0);
INSERT INTO `room_attr_value` VALUES (17130, 299, 25, '2026-03-16 15:58:13', NULL, 0);
INSERT INTO `room_attr_value` VALUES (17131, 299, 28, '2026-03-16 15:58:13', NULL, 0);
INSERT INTO `room_attr_value` VALUES (17132, 300, 8, '2026-03-16 15:58:14', NULL, 0);
INSERT INTO `room_attr_value` VALUES (17133, 300, 15, '2026-03-16 15:58:14', NULL, 0);
INSERT INTO `room_attr_value` VALUES (17134, 300, 20, '2026-03-16 15:58:14', NULL, 0);
INSERT INTO `room_attr_value` VALUES (17135, 300, 24, '2026-03-16 15:58:14', NULL, 0);
INSERT INTO `room_attr_value` VALUES (17136, 300, 28, '2026-03-16 15:58:14', NULL, 0);
INSERT INTO `room_attr_value` VALUES (17137, 301, 9, '2026-03-16 15:58:15', NULL, 0);
INSERT INTO `room_attr_value` VALUES (17138, 301, 17, '2026-03-16 15:58:15', NULL, 0);
INSERT INTO `room_attr_value` VALUES (17139, 301, 21, '2026-03-16 15:58:15', NULL, 0);
INSERT INTO `room_attr_value` VALUES (17140, 301, 23, '2026-03-16 15:58:15', NULL, 0);
INSERT INTO `room_attr_value` VALUES (17141, 301, 27, '2026-03-16 15:58:15', NULL, 0);
INSERT INTO `room_attr_value` VALUES (17142, 302, 10, '2026-03-16 15:58:16', NULL, 0);
INSERT INTO `room_attr_value` VALUES (17143, 302, 18, '2026-03-16 15:58:16', NULL, 0);
INSERT INTO `room_attr_value` VALUES (17144, 302, 19, '2026-03-16 15:58:16', NULL, 0);
INSERT INTO `room_attr_value` VALUES (17145, 302, 23, '2026-03-16 15:58:16', NULL, 0);
INSERT INTO `room_attr_value` VALUES (17146, 302, 27, '2026-03-16 15:58:16', NULL, 0);
INSERT INTO `room_attr_value` VALUES (17147, 2, 10, '2026-03-16 15:59:21', NULL, 0);
INSERT INTO `room_attr_value` VALUES (17148, 2, 16, '2026-03-16 15:59:21', NULL, 0);
INSERT INTO `room_attr_value` VALUES (17149, 2, 22, '2026-03-16 15:59:21', NULL, 0);
INSERT INTO `room_attr_value` VALUES (17150, 2, 25, '2026-03-16 15:59:21', NULL, 0);
INSERT INTO `room_attr_value` VALUES (17151, 8, 8, '2026-03-16 15:59:22', NULL, 0);
INSERT INTO `room_attr_value` VALUES (17152, 8, 15, '2026-03-16 15:59:22', NULL, 0);
INSERT INTO `room_attr_value` VALUES (17153, 8, 22, '2026-03-16 15:59:22', NULL, 0);
INSERT INTO `room_attr_value` VALUES (17154, 8, 25, '2026-03-16 15:59:22', NULL, 0);
INSERT INTO `room_attr_value` VALUES (17155, 8, 27, '2026-03-16 15:59:22', NULL, 0);
INSERT INTO `room_attr_value` VALUES (17156, 9, 8, '2026-03-16 15:59:23', NULL, 0);
INSERT INTO `room_attr_value` VALUES (17157, 9, 15, '2026-03-16 15:59:23', NULL, 0);
INSERT INTO `room_attr_value` VALUES (17158, 9, 19, '2026-03-16 15:59:23', NULL, 0);
INSERT INTO `room_attr_value` VALUES (17159, 9, 24, '2026-03-16 15:59:23', NULL, 0);
INSERT INTO `room_attr_value` VALUES (17160, 9, 27, '2026-03-16 15:59:23', NULL, 0);
INSERT INTO `room_attr_value` VALUES (17161, 10, 8, '2026-03-16 15:59:24', NULL, 0);
INSERT INTO `room_attr_value` VALUES (17162, 10, 15, '2026-03-16 15:59:24', NULL, 0);
INSERT INTO `room_attr_value` VALUES (17163, 10, 20, '2026-03-16 15:59:24', NULL, 0);
INSERT INTO `room_attr_value` VALUES (17164, 10, 23, '2026-03-16 15:59:24', NULL, 0);
INSERT INTO `room_attr_value` VALUES (17165, 10, 27, '2026-03-16 15:59:24', NULL, 0);
INSERT INTO `room_attr_value` VALUES (17166, 11, 9, '2026-03-16 15:59:25', NULL, 0);
INSERT INTO `room_attr_value` VALUES (17167, 11, 17, '2026-03-16 15:59:25', NULL, 0);
INSERT INTO `room_attr_value` VALUES (17168, 11, 20, '2026-03-16 15:59:25', NULL, 0);
INSERT INTO `room_attr_value` VALUES (17169, 11, 23, '2026-03-16 15:59:25', NULL, 0);
INSERT INTO `room_attr_value` VALUES (17170, 11, 27, '2026-03-16 15:59:25', NULL, 0);
INSERT INTO `room_attr_value` VALUES (17171, 12, 8, '2026-03-16 15:59:26', NULL, 0);
INSERT INTO `room_attr_value` VALUES (17172, 12, 16, '2026-03-16 15:59:26', NULL, 0);
INSERT INTO `room_attr_value` VALUES (17173, 12, 22, '2026-03-16 15:59:26', NULL, 0);
INSERT INTO `room_attr_value` VALUES (17174, 12, 25, '2026-03-16 15:59:26', NULL, 0);
INSERT INTO `room_attr_value` VALUES (17175, 12, 27, '2026-03-16 15:59:26', NULL, 0);
INSERT INTO `room_attr_value` VALUES (17176, 3, 9, '2026-03-16 16:01:10', NULL, 0);
INSERT INTO `room_attr_value` VALUES (17177, 3, 17, '2026-03-16 16:01:10', NULL, 0);
INSERT INTO `room_attr_value` VALUES (17178, 3, 20, '2026-03-16 16:01:10', NULL, 0);
INSERT INTO `room_attr_value` VALUES (17179, 3, 23, '2026-03-16 16:01:10', NULL, 0);
INSERT INTO `room_attr_value` VALUES (17180, 3, 27, '2026-03-16 16:01:10', NULL, 0);
INSERT INTO `room_attr_value` VALUES (17181, 13, 10, '2026-03-16 16:01:11', NULL, 0);
INSERT INTO `room_attr_value` VALUES (17182, 13, 18, '2026-03-16 16:01:11', NULL, 0);
INSERT INTO `room_attr_value` VALUES (17183, 14, 9, '2026-03-16 16:01:12', NULL, 0);
INSERT INTO `room_attr_value` VALUES (17184, 14, 17, '2026-03-16 16:01:12', NULL, 0);
INSERT INTO `room_attr_value` VALUES (17185, 14, 20, '2026-03-16 16:01:12', NULL, 0);
INSERT INTO `room_attr_value` VALUES (17186, 14, 23, '2026-03-16 16:01:12', NULL, 0);
INSERT INTO `room_attr_value` VALUES (17187, 14, 27, '2026-03-16 16:01:12', NULL, 0);
INSERT INTO `room_attr_value` VALUES (17188, 15, 8, '2026-03-16 16:01:13', NULL, 0);
INSERT INTO `room_attr_value` VALUES (17189, 15, 16, '2026-03-16 16:01:13', NULL, 0);
INSERT INTO `room_attr_value` VALUES (17190, 15, 20, '2026-03-16 16:01:13', NULL, 0);
INSERT INTO `room_attr_value` VALUES (17191, 15, 23, '2026-03-16 16:01:13', NULL, 0);
INSERT INTO `room_attr_value` VALUES (17192, 15, 27, '2026-03-16 16:01:13', NULL, 0);
INSERT INTO `room_attr_value` VALUES (17193, 16, 8, '2026-03-16 16:01:14', NULL, 0);
INSERT INTO `room_attr_value` VALUES (17194, 16, 16, '2026-03-16 16:01:14', NULL, 0);
INSERT INTO `room_attr_value` VALUES (17195, 16, 19, '2026-03-16 16:01:14', NULL, 0);
INSERT INTO `room_attr_value` VALUES (17196, 16, 24, '2026-03-16 16:01:14', NULL, 0);
INSERT INTO `room_attr_value` VALUES (17197, 16, 27, '2026-03-16 16:01:14', NULL, 0);
INSERT INTO `room_attr_value` VALUES (17198, 17, 10, '2026-03-16 16:01:15', NULL, 0);
INSERT INTO `room_attr_value` VALUES (17199, 17, 18, '2026-03-16 16:01:15', NULL, 0);
INSERT INTO `room_attr_value` VALUES (17200, 17, 20, '2026-03-16 16:01:15', NULL, 0);
INSERT INTO `room_attr_value` VALUES (17201, 17, 23, '2026-03-16 16:01:15', NULL, 0);
INSERT INTO `room_attr_value` VALUES (17202, 17, 27, '2026-03-16 16:01:15', NULL, 0);
INSERT INTO `room_attr_value` VALUES (17203, 283, 8, '2026-03-16 16:03:40', NULL, 0);
INSERT INTO `room_attr_value` VALUES (17204, 283, 15, '2026-03-16 16:03:40', NULL, 0);
INSERT INTO `room_attr_value` VALUES (17205, 283, 19, '2026-03-16 16:03:40', NULL, 0);
INSERT INTO `room_attr_value` VALUES (17206, 283, 24, '2026-03-16 16:03:40', NULL, 0);
INSERT INTO `room_attr_value` VALUES (17207, 283, 27, '2026-03-16 16:03:40', NULL, 0);
INSERT INTO `room_attr_value` VALUES (17208, 284, 8, '2026-03-16 16:03:41', NULL, 0);
INSERT INTO `room_attr_value` VALUES (17209, 284, 16, '2026-03-16 16:03:41', NULL, 0);
INSERT INTO `room_attr_value` VALUES (17210, 284, 20, '2026-03-16 16:03:41', NULL, 0);
INSERT INTO `room_attr_value` VALUES (17211, 284, 23, '2026-03-16 16:03:41', NULL, 0);
INSERT INTO `room_attr_value` VALUES (17212, 284, 27, '2026-03-16 16:03:41', NULL, 0);
INSERT INTO `room_attr_value` VALUES (17213, 285, 9, '2026-03-16 16:03:42', NULL, 0);
INSERT INTO `room_attr_value` VALUES (17214, 285, 17, '2026-03-16 16:03:42', NULL, 0);
INSERT INTO `room_attr_value` VALUES (17215, 285, 20, '2026-03-16 16:03:42', NULL, 0);
INSERT INTO `room_attr_value` VALUES (17216, 285, 23, '2026-03-16 16:03:42', NULL, 0);
INSERT INTO `room_attr_value` VALUES (17217, 285, 27, '2026-03-16 16:03:42', NULL, 0);
INSERT INTO `room_attr_value` VALUES (17218, 286, 9, '2026-03-16 16:03:43', NULL, 0);
INSERT INTO `room_attr_value` VALUES (17219, 286, 17, '2026-03-16 16:03:43', NULL, 0);
INSERT INTO `room_attr_value` VALUES (17220, 286, 19, '2026-03-16 16:03:43', NULL, 0);
INSERT INTO `room_attr_value` VALUES (17221, 286, 24, '2026-03-16 16:03:43', NULL, 0);
INSERT INTO `room_attr_value` VALUES (17222, 286, 27, '2026-03-16 16:03:43', NULL, 0);
INSERT INTO `room_attr_value` VALUES (17223, 287, 8, '2026-03-16 16:03:44', NULL, 0);
INSERT INTO `room_attr_value` VALUES (17224, 287, 16, '2026-03-16 16:03:44', NULL, 0);
INSERT INTO `room_attr_value` VALUES (17225, 287, 21, '2026-03-16 16:03:44', NULL, 0);
INSERT INTO `room_attr_value` VALUES (17226, 287, 24, '2026-03-16 16:03:44', NULL, 0);
INSERT INTO `room_attr_value` VALUES (17227, 287, 27, '2026-03-16 16:03:44', NULL, 0);
INSERT INTO `room_attr_value` VALUES (17228, 288, 10, '2026-03-16 16:03:44', NULL, 0);
INSERT INTO `room_attr_value` VALUES (17229, 288, 18, '2026-03-16 16:03:44', NULL, 0);
INSERT INTO `room_attr_value` VALUES (17230, 288, 20, '2026-03-16 16:03:44', NULL, 0);
INSERT INTO `room_attr_value` VALUES (17231, 288, 23, '2026-03-16 16:03:44', NULL, 0);
INSERT INTO `room_attr_value` VALUES (17232, 288, 27, '2026-03-16 16:03:44', NULL, 0);
INSERT INTO `room_attr_value` VALUES (17233, 289, 9, '2026-03-16 16:03:46', NULL, 0);
INSERT INTO `room_attr_value` VALUES (17234, 289, 16, '2026-03-16 16:03:46', NULL, 0);
INSERT INTO `room_attr_value` VALUES (17235, 289, 22, '2026-03-16 16:03:46', NULL, 0);
INSERT INTO `room_attr_value` VALUES (17236, 289, 25, '2026-03-16 16:03:46', NULL, 0);
INSERT INTO `room_attr_value` VALUES (17237, 289, 28, '2026-03-16 16:03:46', NULL, 0);
INSERT INTO `room_attr_value` VALUES (17238, 290, 8, '2026-03-16 16:03:46', NULL, 0);
INSERT INTO `room_attr_value` VALUES (17239, 290, 15, '2026-03-16 16:03:46', NULL, 0);
INSERT INTO `room_attr_value` VALUES (17240, 290, 20, '2026-03-16 16:03:46', NULL, 0);
INSERT INTO `room_attr_value` VALUES (17241, 290, 24, '2026-03-16 16:03:46', NULL, 0);
INSERT INTO `room_attr_value` VALUES (17242, 290, 28, '2026-03-16 16:03:46', NULL, 0);
INSERT INTO `room_attr_value` VALUES (17243, 291, 9, '2026-03-16 16:03:47', NULL, 0);
INSERT INTO `room_attr_value` VALUES (17244, 291, 17, '2026-03-16 16:03:47', NULL, 0);
INSERT INTO `room_attr_value` VALUES (17245, 291, 21, '2026-03-16 16:03:47', NULL, 0);
INSERT INTO `room_attr_value` VALUES (17246, 291, 23, '2026-03-16 16:03:47', NULL, 0);
INSERT INTO `room_attr_value` VALUES (17247, 291, 27, '2026-03-16 16:03:47', NULL, 0);
INSERT INTO `room_attr_value` VALUES (17248, 292, 10, '2026-03-16 16:03:48', NULL, 0);
INSERT INTO `room_attr_value` VALUES (17249, 292, 18, '2026-03-16 16:03:48', NULL, 0);
INSERT INTO `room_attr_value` VALUES (17250, 292, 19, '2026-03-16 16:03:48', NULL, 0);
INSERT INTO `room_attr_value` VALUES (17251, 292, 23, '2026-03-16 16:03:48', NULL, 0);
INSERT INTO `room_attr_value` VALUES (17252, 292, 27, '2026-03-16 16:03:48', NULL, 0);

-- ----------------------------
-- Table structure for room_facility
-- ----------------------------
DROP TABLE IF EXISTS `room_facility`;
CREATE TABLE `room_facility`  (
  `id` bigint(20) NOT NULL AUTO_INCREMENT,
  `room_id` bigint(20) NULL DEFAULT NULL COMMENT '房间id',
  `facility_id` bigint(20) NULL DEFAULT NULL COMMENT '房间设施id',
  `create_time` timestamp NULL DEFAULT NULL COMMENT '创建时间',
  `update_time` timestamp NULL DEFAULT NULL COMMENT '更新时间',
  `is_deleted` tinyint(4) NULL DEFAULT 0 COMMENT '是否删除',
  PRIMARY KEY (`id`) USING BTREE
) ENGINE = InnoDB AUTO_INCREMENT = 17742 CHARACTER SET = utf8mb4 COLLATE = utf8mb4_general_ci COMMENT = '房间&配套关联表' ROW_FORMAT = Dynamic;

-- ----------------------------
-- Records of room_facility
-- ----------------------------
INSERT INTO `room_facility` VALUES (1, 2, 28, '2023-06-20 19:14:46', NULL, 1);
INSERT INTO `room_facility` VALUES (2, 2, 29, '2023-06-20 19:14:46', NULL, 1);
INSERT INTO `room_facility` VALUES (3, 2, 30, '2023-06-20 19:14:46', NULL, 1);
INSERT INTO `room_facility` VALUES (4, 3, 28, '2023-06-21 10:35:16', NULL, 1);
INSERT INTO `room_facility` VALUES (5, 3, 29, '2023-06-21 10:35:16', NULL, 1);
INSERT INTO `room_facility` VALUES (6, 3, 30, '2023-06-21 10:35:16', NULL, 1);
INSERT INTO `room_facility` VALUES (7, 3, 28, '2023-06-21 11:30:13', NULL, 1);
INSERT INTO `room_facility` VALUES (8, 3, 29, '2023-06-21 11:30:13', NULL, 1);
INSERT INTO `room_facility` VALUES (9, 3, 30, '2023-06-21 11:30:13', NULL, 1);
INSERT INTO `room_facility` VALUES (10, 3, 28, '2023-06-21 11:56:46', NULL, 1);
INSERT INTO `room_facility` VALUES (11, 3, 29, '2023-06-21 11:56:46', NULL, 1);
INSERT INTO `room_facility` VALUES (12, 3, 30, '2023-06-21 11:56:46', NULL, 1);
INSERT INTO `room_facility` VALUES (13, 4, 28, '2023-06-21 11:57:14', NULL, 1);
INSERT INTO `room_facility` VALUES (14, 4, 29, '2023-06-21 11:57:14', NULL, 1);
INSERT INTO `room_facility` VALUES (15, 4, 30, '2023-06-21 11:57:14', NULL, 1);
INSERT INTO `room_facility` VALUES (16, 7, 28, '2023-07-18 16:07:09', NULL, 1);
INSERT INTO `room_facility` VALUES (17, 2, 28, '2023-07-22 10:43:45', NULL, 1);
INSERT INTO `room_facility` VALUES (18, 2, 29, '2023-07-22 10:43:45', NULL, 1);
INSERT INTO `room_facility` VALUES (19, 2, 30, '2023-07-22 10:43:45', NULL, 1);
INSERT INTO `room_facility` VALUES (20, 2, 28, '2023-08-10 18:54:16', NULL, 1);
INSERT INTO `room_facility` VALUES (21, 2, 29, '2023-08-10 18:54:16', NULL, 1);
INSERT INTO `room_facility` VALUES (22, 2, 30, '2023-08-10 18:54:16', NULL, 1);
INSERT INTO `room_facility` VALUES (23, 2, 48, '2023-08-10 18:54:16', NULL, 1);
INSERT INTO `room_facility` VALUES (24, 2, 49, '2023-08-10 18:54:16', NULL, 1);
INSERT INTO `room_facility` VALUES (25, 2, 50, '2023-08-10 18:54:16', NULL, 1);
INSERT INTO `room_facility` VALUES (26, 2, 51, '2023-08-10 18:54:16', NULL, 1);
INSERT INTO `room_facility` VALUES (27, 2, 54, '2023-08-10 18:54:16', NULL, 1);
INSERT INTO `room_facility` VALUES (28, 2, 52, '2023-08-10 18:54:16', NULL, 1);
INSERT INTO `room_facility` VALUES (29, 2, 53, '2023-08-10 18:54:16', NULL, 1);
INSERT INTO `room_facility` VALUES (30, 2, 55, '2023-08-10 18:54:16', NULL, 1);
INSERT INTO `room_facility` VALUES (31, 2, 56, '2023-08-10 18:54:16', NULL, 1);
INSERT INTO `room_facility` VALUES (32, 2, 28, '2023-08-10 19:42:49', NULL, 1);
INSERT INTO `room_facility` VALUES (33, 2, 29, '2023-08-10 19:42:49', NULL, 1);
INSERT INTO `room_facility` VALUES (34, 2, 30, '2023-08-10 19:42:49', NULL, 1);
INSERT INTO `room_facility` VALUES (35, 2, 48, '2023-08-10 19:42:49', NULL, 1);
INSERT INTO `room_facility` VALUES (36, 2, 49, '2023-08-10 19:42:49', NULL, 1);
INSERT INTO `room_facility` VALUES (37, 2, 50, '2023-08-10 19:42:49', NULL, 1);
INSERT INTO `room_facility` VALUES (38, 2, 51, '2023-08-10 19:42:49', NULL, 1);
INSERT INTO `room_facility` VALUES (39, 2, 54, '2023-08-10 19:42:49', NULL, 1);
INSERT INTO `room_facility` VALUES (40, 2, 52, '2023-08-10 19:42:49', NULL, 1);
INSERT INTO `room_facility` VALUES (41, 2, 53, '2023-08-10 19:42:49', NULL, 1);
INSERT INTO `room_facility` VALUES (42, 2, 55, '2023-08-10 19:42:49', NULL, 1);
INSERT INTO `room_facility` VALUES (43, 2, 56, '2023-08-10 19:42:49', NULL, 1);
INSERT INTO `room_facility` VALUES (44, 3, 28, '2023-08-11 08:35:33', NULL, 1);
INSERT INTO `room_facility` VALUES (45, 3, 29, '2023-08-11 08:35:33', NULL, 1);
INSERT INTO `room_facility` VALUES (46, 3, 30, '2023-08-11 08:35:33', NULL, 1);
INSERT INTO `room_facility` VALUES (47, 3, 48, '2023-08-11 08:35:33', NULL, 1);
INSERT INTO `room_facility` VALUES (48, 3, 49, '2023-08-11 08:35:33', NULL, 1);
INSERT INTO `room_facility` VALUES (49, 3, 50, '2023-08-11 08:35:33', NULL, 1);
INSERT INTO `room_facility` VALUES (50, 3, 51, '2023-08-11 08:35:33', NULL, 1);
INSERT INTO `room_facility` VALUES (51, 3, 53, '2023-08-11 08:35:33', NULL, 1);
INSERT INTO `room_facility` VALUES (52, 3, 52, '2023-08-11 08:35:33', NULL, 1);
INSERT INTO `room_facility` VALUES (53, 3, 54, '2023-08-11 08:35:33', NULL, 1);
INSERT INTO `room_facility` VALUES (54, 3, 55, '2023-08-11 08:35:33', NULL, 1);
INSERT INTO `room_facility` VALUES (55, 3, 56, '2023-08-11 08:35:33', NULL, 1);
INSERT INTO `room_facility` VALUES (56, 2, 28, '2023-08-11 08:41:28', NULL, 1);
INSERT INTO `room_facility` VALUES (57, 2, 29, '2023-08-11 08:41:28', NULL, 1);
INSERT INTO `room_facility` VALUES (58, 2, 30, '2023-08-11 08:41:28', NULL, 1);
INSERT INTO `room_facility` VALUES (59, 2, 48, '2023-08-11 08:41:28', NULL, 1);
INSERT INTO `room_facility` VALUES (60, 2, 49, '2023-08-11 08:41:28', NULL, 1);
INSERT INTO `room_facility` VALUES (61, 2, 50, '2023-08-11 08:41:28', NULL, 1);
INSERT INTO `room_facility` VALUES (62, 2, 51, '2023-08-11 08:41:28', NULL, 1);
INSERT INTO `room_facility` VALUES (63, 2, 54, '2023-08-11 08:41:28', NULL, 1);
INSERT INTO `room_facility` VALUES (64, 2, 52, '2023-08-11 08:41:28', NULL, 1);
INSERT INTO `room_facility` VALUES (65, 2, 53, '2023-08-11 08:41:28', NULL, 1);
INSERT INTO `room_facility` VALUES (66, 2, 55, '2023-08-11 08:41:28', NULL, 1);
INSERT INTO `room_facility` VALUES (67, 2, 56, '2023-08-11 08:41:28', NULL, 1);
INSERT INTO `room_facility` VALUES (68, 3, 28, '2023-08-11 08:41:35', NULL, 1);
INSERT INTO `room_facility` VALUES (69, 3, 29, '2023-08-11 08:41:35', NULL, 1);
INSERT INTO `room_facility` VALUES (70, 3, 30, '2023-08-11 08:41:35', NULL, 1);
INSERT INTO `room_facility` VALUES (71, 3, 48, '2023-08-11 08:41:35', NULL, 1);
INSERT INTO `room_facility` VALUES (72, 3, 49, '2023-08-11 08:41:35', NULL, 1);
INSERT INTO `room_facility` VALUES (73, 3, 50, '2023-08-11 08:41:35', NULL, 1);
INSERT INTO `room_facility` VALUES (74, 3, 51, '2023-08-11 08:41:35', NULL, 1);
INSERT INTO `room_facility` VALUES (75, 3, 53, '2023-08-11 08:41:35', NULL, 1);
INSERT INTO `room_facility` VALUES (76, 3, 52, '2023-08-11 08:41:35', NULL, 1);
INSERT INTO `room_facility` VALUES (77, 3, 54, '2023-08-11 08:41:35', NULL, 1);
INSERT INTO `room_facility` VALUES (78, 3, 55, '2023-08-11 08:41:35', NULL, 1);
INSERT INTO `room_facility` VALUES (79, 3, 56, '2023-08-11 08:41:35', NULL, 1);
INSERT INTO `room_facility` VALUES (80, 8, 28, '2023-08-13 23:39:37', NULL, 1);
INSERT INTO `room_facility` VALUES (81, 8, 29, '2023-08-13 23:39:37', NULL, 1);
INSERT INTO `room_facility` VALUES (82, 8, 30, '2023-08-13 23:39:37', NULL, 1);
INSERT INTO `room_facility` VALUES (83, 8, 48, '2023-08-13 23:39:37', NULL, 1);
INSERT INTO `room_facility` VALUES (84, 8, 49, '2023-08-13 23:39:37', NULL, 1);
INSERT INTO `room_facility` VALUES (85, 8, 50, '2023-08-13 23:39:37', NULL, 1);
INSERT INTO `room_facility` VALUES (86, 8, 51, '2023-08-13 23:39:37', NULL, 1);
INSERT INTO `room_facility` VALUES (87, 8, 52, '2023-08-13 23:39:37', NULL, 1);
INSERT INTO `room_facility` VALUES (88, 8, 53, '2023-08-13 23:39:37', NULL, 1);
INSERT INTO `room_facility` VALUES (89, 8, 54, '2023-08-13 23:39:37', NULL, 1);
INSERT INTO `room_facility` VALUES (90, 8, 55, '2023-08-13 23:39:37', NULL, 1);
INSERT INTO `room_facility` VALUES (91, 8, 56, '2023-08-13 23:39:37', NULL, 1);
INSERT INTO `room_facility` VALUES (92, 9, 28, '2023-08-13 23:40:50', NULL, 1);
INSERT INTO `room_facility` VALUES (93, 9, 29, '2023-08-13 23:40:50', NULL, 1);
INSERT INTO `room_facility` VALUES (94, 9, 30, '2023-08-13 23:40:50', NULL, 1);
INSERT INTO `room_facility` VALUES (95, 9, 48, '2023-08-13 23:40:50', NULL, 1);
INSERT INTO `room_facility` VALUES (96, 9, 49, '2023-08-13 23:40:50', NULL, 1);
INSERT INTO `room_facility` VALUES (97, 9, 50, '2023-08-13 23:40:50', NULL, 1);
INSERT INTO `room_facility` VALUES (98, 9, 51, '2023-08-13 23:40:50', NULL, 1);
INSERT INTO `room_facility` VALUES (99, 9, 52, '2023-08-13 23:40:50', NULL, 1);
INSERT INTO `room_facility` VALUES (100, 9, 53, '2023-08-13 23:40:50', NULL, 1);
INSERT INTO `room_facility` VALUES (101, 9, 54, '2023-08-13 23:40:50', NULL, 1);
INSERT INTO `room_facility` VALUES (102, 9, 55, '2023-08-13 23:40:50', NULL, 1);
INSERT INTO `room_facility` VALUES (103, 9, 56, '2023-08-13 23:40:50', NULL, 1);
INSERT INTO `room_facility` VALUES (104, 10, 28, '2023-08-13 23:42:02', NULL, 1);
INSERT INTO `room_facility` VALUES (105, 10, 29, '2023-08-13 23:42:02', NULL, 1);
INSERT INTO `room_facility` VALUES (106, 10, 30, '2023-08-13 23:42:02', NULL, 1);
INSERT INTO `room_facility` VALUES (107, 10, 48, '2023-08-13 23:42:02', NULL, 1);
INSERT INTO `room_facility` VALUES (108, 10, 49, '2023-08-13 23:42:02', NULL, 1);
INSERT INTO `room_facility` VALUES (109, 10, 50, '2023-08-13 23:42:02', NULL, 1);
INSERT INTO `room_facility` VALUES (110, 10, 51, '2023-08-13 23:42:02', NULL, 1);
INSERT INTO `room_facility` VALUES (111, 10, 52, '2023-08-13 23:42:02', NULL, 1);
INSERT INTO `room_facility` VALUES (112, 10, 53, '2023-08-13 23:42:02', NULL, 1);
INSERT INTO `room_facility` VALUES (113, 10, 54, '2023-08-13 23:42:02', NULL, 1);
INSERT INTO `room_facility` VALUES (114, 10, 55, '2023-08-13 23:42:02', NULL, 1);
INSERT INTO `room_facility` VALUES (115, 10, 56, '2023-08-13 23:42:02', NULL, 1);
INSERT INTO `room_facility` VALUES (116, 2, 28, '2023-08-13 23:44:58', NULL, 1);
INSERT INTO `room_facility` VALUES (117, 2, 29, '2023-08-13 23:44:58', NULL, 1);
INSERT INTO `room_facility` VALUES (118, 2, 30, '2023-08-13 23:44:58', NULL, 1);
INSERT INTO `room_facility` VALUES (119, 2, 48, '2023-08-13 23:44:58', NULL, 1);
INSERT INTO `room_facility` VALUES (120, 2, 49, '2023-08-13 23:44:58', NULL, 1);
INSERT INTO `room_facility` VALUES (121, 2, 50, '2023-08-13 23:44:58', NULL, 1);
INSERT INTO `room_facility` VALUES (122, 2, 51, '2023-08-13 23:44:58', NULL, 1);
INSERT INTO `room_facility` VALUES (123, 2, 54, '2023-08-13 23:44:58', NULL, 1);
INSERT INTO `room_facility` VALUES (124, 2, 52, '2023-08-13 23:44:58', NULL, 1);
INSERT INTO `room_facility` VALUES (125, 2, 53, '2023-08-13 23:44:58', NULL, 1);
INSERT INTO `room_facility` VALUES (126, 2, 55, '2023-08-13 23:44:58', NULL, 1);
INSERT INTO `room_facility` VALUES (127, 2, 56, '2023-08-13 23:44:58', NULL, 1);
INSERT INTO `room_facility` VALUES (128, 9, 28, '2023-08-13 23:47:56', NULL, 1);
INSERT INTO `room_facility` VALUES (129, 9, 29, '2023-08-13 23:47:56', NULL, 1);
INSERT INTO `room_facility` VALUES (130, 9, 30, '2023-08-13 23:47:56', NULL, 1);
INSERT INTO `room_facility` VALUES (131, 9, 48, '2023-08-13 23:47:56', NULL, 1);
INSERT INTO `room_facility` VALUES (132, 9, 49, '2023-08-13 23:47:56', NULL, 1);
INSERT INTO `room_facility` VALUES (133, 9, 50, '2023-08-13 23:47:56', NULL, 1);
INSERT INTO `room_facility` VALUES (134, 9, 51, '2023-08-13 23:47:56', NULL, 1);
INSERT INTO `room_facility` VALUES (135, 9, 52, '2023-08-13 23:47:56', NULL, 1);
INSERT INTO `room_facility` VALUES (136, 9, 53, '2023-08-13 23:47:56', NULL, 1);
INSERT INTO `room_facility` VALUES (137, 9, 54, '2023-08-13 23:47:56', NULL, 1);
INSERT INTO `room_facility` VALUES (138, 9, 55, '2023-08-13 23:47:56', NULL, 1);
INSERT INTO `room_facility` VALUES (139, 9, 56, '2023-08-13 23:47:56', NULL, 1);
INSERT INTO `room_facility` VALUES (140, 9, 28, '2023-08-13 23:54:31', NULL, 1);
INSERT INTO `room_facility` VALUES (141, 9, 29, '2023-08-13 23:54:31', NULL, 1);
INSERT INTO `room_facility` VALUES (142, 9, 30, '2023-08-13 23:54:31', NULL, 1);
INSERT INTO `room_facility` VALUES (143, 9, 48, '2023-08-13 23:54:31', NULL, 1);
INSERT INTO `room_facility` VALUES (144, 9, 49, '2023-08-13 23:54:31', NULL, 1);
INSERT INTO `room_facility` VALUES (145, 9, 50, '2023-08-13 23:54:31', NULL, 1);
INSERT INTO `room_facility` VALUES (146, 9, 51, '2023-08-13 23:54:31', NULL, 1);
INSERT INTO `room_facility` VALUES (147, 9, 52, '2023-08-13 23:54:31', NULL, 1);
INSERT INTO `room_facility` VALUES (148, 9, 53, '2023-08-13 23:54:31', NULL, 1);
INSERT INTO `room_facility` VALUES (149, 9, 54, '2023-08-13 23:54:31', NULL, 1);
INSERT INTO `room_facility` VALUES (150, 9, 55, '2023-08-13 23:54:31', NULL, 1);
INSERT INTO `room_facility` VALUES (151, 9, 56, '2023-08-13 23:54:31', NULL, 1);
INSERT INTO `room_facility` VALUES (152, 11, 28, '2023-08-13 23:57:42', NULL, 1);
INSERT INTO `room_facility` VALUES (153, 11, 29, '2023-08-13 23:57:42', NULL, 1);
INSERT INTO `room_facility` VALUES (154, 11, 30, '2023-08-13 23:57:42', NULL, 1);
INSERT INTO `room_facility` VALUES (155, 11, 48, '2023-08-13 23:57:42', NULL, 1);
INSERT INTO `room_facility` VALUES (156, 11, 49, '2023-08-13 23:57:42', NULL, 1);
INSERT INTO `room_facility` VALUES (157, 11, 50, '2023-08-13 23:57:42', NULL, 1);
INSERT INTO `room_facility` VALUES (158, 11, 51, '2023-08-13 23:57:42', NULL, 1);
INSERT INTO `room_facility` VALUES (159, 11, 52, '2023-08-13 23:57:42', NULL, 1);
INSERT INTO `room_facility` VALUES (160, 11, 53, '2023-08-13 23:57:42', NULL, 1);
INSERT INTO `room_facility` VALUES (161, 11, 54, '2023-08-13 23:57:42', NULL, 1);
INSERT INTO `room_facility` VALUES (162, 11, 55, '2023-08-13 23:57:42', NULL, 1);
INSERT INTO `room_facility` VALUES (163, 11, 56, '2023-08-13 23:57:42', NULL, 1);
INSERT INTO `room_facility` VALUES (164, 12, 28, '2023-08-13 23:58:53', NULL, 1);
INSERT INTO `room_facility` VALUES (165, 12, 29, '2023-08-13 23:58:53', NULL, 1);
INSERT INTO `room_facility` VALUES (166, 12, 30, '2023-08-13 23:58:53', NULL, 1);
INSERT INTO `room_facility` VALUES (167, 12, 48, '2023-08-13 23:58:53', NULL, 1);
INSERT INTO `room_facility` VALUES (168, 12, 49, '2023-08-13 23:58:53', NULL, 1);
INSERT INTO `room_facility` VALUES (169, 12, 50, '2023-08-13 23:58:53', NULL, 1);
INSERT INTO `room_facility` VALUES (170, 12, 51, '2023-08-13 23:58:53', NULL, 1);
INSERT INTO `room_facility` VALUES (171, 12, 52, '2023-08-13 23:58:53', NULL, 1);
INSERT INTO `room_facility` VALUES (172, 12, 53, '2023-08-13 23:58:53', NULL, 1);
INSERT INTO `room_facility` VALUES (173, 12, 54, '2023-08-13 23:58:53', NULL, 1);
INSERT INTO `room_facility` VALUES (174, 12, 55, '2023-08-13 23:58:53', NULL, 1);
INSERT INTO `room_facility` VALUES (175, 12, 56, '2023-08-13 23:58:53', NULL, 1);
INSERT INTO `room_facility` VALUES (176, 13, 49, '2023-08-13 23:59:50', NULL, 1);
INSERT INTO `room_facility` VALUES (177, 13, 28, '2023-08-13 23:59:50', NULL, 1);
INSERT INTO `room_facility` VALUES (178, 13, 29, '2023-08-13 23:59:50', NULL, 1);
INSERT INTO `room_facility` VALUES (179, 13, 30, '2023-08-13 23:59:50', NULL, 1);
INSERT INTO `room_facility` VALUES (180, 13, 48, '2023-08-13 23:59:50', NULL, 1);
INSERT INTO `room_facility` VALUES (181, 13, 50, '2023-08-13 23:59:50', NULL, 1);
INSERT INTO `room_facility` VALUES (182, 13, 51, '2023-08-13 23:59:50', NULL, 1);
INSERT INTO `room_facility` VALUES (183, 13, 52, '2023-08-13 23:59:50', NULL, 1);
INSERT INTO `room_facility` VALUES (184, 13, 53, '2023-08-13 23:59:50', NULL, 1);
INSERT INTO `room_facility` VALUES (185, 13, 54, '2023-08-13 23:59:50', NULL, 1);
INSERT INTO `room_facility` VALUES (186, 13, 55, '2023-08-13 23:59:50', NULL, 1);
INSERT INTO `room_facility` VALUES (187, 13, 56, '2023-08-13 23:59:50', NULL, 1);
INSERT INTO `room_facility` VALUES (188, 11, 28, '2023-08-14 00:00:35', NULL, 1);
INSERT INTO `room_facility` VALUES (189, 11, 29, '2023-08-14 00:00:35', NULL, 1);
INSERT INTO `room_facility` VALUES (190, 11, 30, '2023-08-14 00:00:35', NULL, 1);
INSERT INTO `room_facility` VALUES (191, 11, 48, '2023-08-14 00:00:35', NULL, 1);
INSERT INTO `room_facility` VALUES (192, 11, 49, '2023-08-14 00:00:35', NULL, 1);
INSERT INTO `room_facility` VALUES (193, 11, 50, '2023-08-14 00:00:35', NULL, 1);
INSERT INTO `room_facility` VALUES (194, 11, 51, '2023-08-14 00:00:35', NULL, 1);
INSERT INTO `room_facility` VALUES (195, 11, 52, '2023-08-14 00:00:35', NULL, 1);
INSERT INTO `room_facility` VALUES (196, 11, 53, '2023-08-14 00:00:35', NULL, 1);
INSERT INTO `room_facility` VALUES (197, 11, 54, '2023-08-14 00:00:35', NULL, 1);
INSERT INTO `room_facility` VALUES (198, 11, 55, '2023-08-14 00:00:35', NULL, 1);
INSERT INTO `room_facility` VALUES (199, 11, 56, '2023-08-14 00:00:35', NULL, 1);
INSERT INTO `room_facility` VALUES (200, 14, 28, '2023-08-14 00:06:39', NULL, 1);
INSERT INTO `room_facility` VALUES (201, 14, 29, '2023-08-14 00:06:39', NULL, 1);
INSERT INTO `room_facility` VALUES (202, 14, 30, '2023-08-14 00:06:39', NULL, 1);
INSERT INTO `room_facility` VALUES (203, 14, 48, '2023-08-14 00:06:39', NULL, 1);
INSERT INTO `room_facility` VALUES (204, 14, 49, '2023-08-14 00:06:39', NULL, 1);
INSERT INTO `room_facility` VALUES (205, 14, 50, '2023-08-14 00:06:39', NULL, 1);
INSERT INTO `room_facility` VALUES (206, 14, 51, '2023-08-14 00:06:39', NULL, 1);
INSERT INTO `room_facility` VALUES (207, 14, 52, '2023-08-14 00:06:39', NULL, 1);
INSERT INTO `room_facility` VALUES (208, 14, 53, '2023-08-14 00:06:39', NULL, 1);
INSERT INTO `room_facility` VALUES (209, 14, 54, '2023-08-14 00:06:39', NULL, 1);
INSERT INTO `room_facility` VALUES (210, 14, 55, '2023-08-14 00:06:39', NULL, 1);
INSERT INTO `room_facility` VALUES (211, 14, 56, '2023-08-14 00:06:39', NULL, 1);
INSERT INTO `room_facility` VALUES (212, 15, 28, '2023-08-14 00:07:43', NULL, 1);
INSERT INTO `room_facility` VALUES (213, 15, 29, '2023-08-14 00:07:43', NULL, 1);
INSERT INTO `room_facility` VALUES (214, 15, 30, '2023-08-14 00:07:43', NULL, 1);
INSERT INTO `room_facility` VALUES (215, 15, 48, '2023-08-14 00:07:43', NULL, 1);
INSERT INTO `room_facility` VALUES (216, 15, 49, '2023-08-14 00:07:43', NULL, 1);
INSERT INTO `room_facility` VALUES (217, 15, 50, '2023-08-14 00:07:43', NULL, 1);
INSERT INTO `room_facility` VALUES (218, 15, 51, '2023-08-14 00:07:43', NULL, 1);
INSERT INTO `room_facility` VALUES (219, 15, 52, '2023-08-14 00:07:43', NULL, 1);
INSERT INTO `room_facility` VALUES (220, 15, 53, '2023-08-14 00:07:43', NULL, 1);
INSERT INTO `room_facility` VALUES (221, 15, 54, '2023-08-14 00:07:43', NULL, 1);
INSERT INTO `room_facility` VALUES (222, 15, 55, '2023-08-14 00:07:43', NULL, 1);
INSERT INTO `room_facility` VALUES (223, 15, 56, '2023-08-14 00:07:43', NULL, 1);
INSERT INTO `room_facility` VALUES (224, 12, 28, '2023-08-14 00:07:58', NULL, 1);
INSERT INTO `room_facility` VALUES (225, 12, 29, '2023-08-14 00:07:58', NULL, 1);
INSERT INTO `room_facility` VALUES (226, 12, 30, '2023-08-14 00:07:58', NULL, 1);
INSERT INTO `room_facility` VALUES (227, 12, 48, '2023-08-14 00:07:58', NULL, 1);
INSERT INTO `room_facility` VALUES (228, 12, 49, '2023-08-14 00:07:58', NULL, 1);
INSERT INTO `room_facility` VALUES (229, 12, 50, '2023-08-14 00:07:58', NULL, 1);
INSERT INTO `room_facility` VALUES (230, 12, 51, '2023-08-14 00:07:58', NULL, 1);
INSERT INTO `room_facility` VALUES (231, 12, 52, '2023-08-14 00:07:58', NULL, 1);
INSERT INTO `room_facility` VALUES (232, 12, 53, '2023-08-14 00:07:58', NULL, 1);
INSERT INTO `room_facility` VALUES (233, 12, 54, '2023-08-14 00:07:58', NULL, 1);
INSERT INTO `room_facility` VALUES (234, 12, 55, '2023-08-14 00:07:58', NULL, 1);
INSERT INTO `room_facility` VALUES (235, 12, 56, '2023-08-14 00:07:58', NULL, 1);
INSERT INTO `room_facility` VALUES (236, 16, 28, '2023-08-14 00:09:07', NULL, 1);
INSERT INTO `room_facility` VALUES (237, 16, 29, '2023-08-14 00:09:07', NULL, 1);
INSERT INTO `room_facility` VALUES (238, 16, 30, '2023-08-14 00:09:07', NULL, 1);
INSERT INTO `room_facility` VALUES (239, 16, 48, '2023-08-14 00:09:07', NULL, 1);
INSERT INTO `room_facility` VALUES (240, 16, 49, '2023-08-14 00:09:07', NULL, 1);
INSERT INTO `room_facility` VALUES (241, 16, 50, '2023-08-14 00:09:07', NULL, 1);
INSERT INTO `room_facility` VALUES (242, 16, 51, '2023-08-14 00:09:07', NULL, 1);
INSERT INTO `room_facility` VALUES (243, 16, 52, '2023-08-14 00:09:07', NULL, 1);
INSERT INTO `room_facility` VALUES (244, 16, 53, '2023-08-14 00:09:07', NULL, 1);
INSERT INTO `room_facility` VALUES (245, 16, 54, '2023-08-14 00:09:07', NULL, 1);
INSERT INTO `room_facility` VALUES (246, 16, 55, '2023-08-14 00:09:07', NULL, 1);
INSERT INTO `room_facility` VALUES (247, 16, 56, '2023-08-14 00:09:07', NULL, 1);
INSERT INTO `room_facility` VALUES (248, 17, 28, '2023-08-14 10:36:19', NULL, 1);
INSERT INTO `room_facility` VALUES (249, 17, 29, '2023-08-14 10:36:19', NULL, 1);
INSERT INTO `room_facility` VALUES (250, 17, 30, '2023-08-14 10:36:19', NULL, 1);
INSERT INTO `room_facility` VALUES (251, 17, 48, '2023-08-14 10:36:19', NULL, 1);
INSERT INTO `room_facility` VALUES (252, 17, 49, '2023-08-14 10:36:19', NULL, 1);
INSERT INTO `room_facility` VALUES (253, 17, 50, '2023-08-14 10:36:19', NULL, 1);
INSERT INTO `room_facility` VALUES (254, 17, 51, '2023-08-14 10:36:19', NULL, 1);
INSERT INTO `room_facility` VALUES (255, 17, 52, '2023-08-14 10:36:19', NULL, 1);
INSERT INTO `room_facility` VALUES (256, 17, 53, '2023-08-14 10:36:19', NULL, 1);
INSERT INTO `room_facility` VALUES (257, 17, 54, '2023-08-14 10:36:19', NULL, 1);
INSERT INTO `room_facility` VALUES (258, 17, 55, '2023-08-14 10:36:19', NULL, 1);
INSERT INTO `room_facility` VALUES (259, 17, 56, '2023-08-14 10:36:19', NULL, 1);
INSERT INTO `room_facility` VALUES (260, 2, 28, '2023-08-14 12:31:24', NULL, 1);
INSERT INTO `room_facility` VALUES (261, 2, 29, '2023-08-14 12:31:24', NULL, 1);
INSERT INTO `room_facility` VALUES (262, 2, 30, '2023-08-14 12:31:24', NULL, 1);
INSERT INTO `room_facility` VALUES (263, 2, 48, '2023-08-14 12:31:24', NULL, 1);
INSERT INTO `room_facility` VALUES (264, 2, 49, '2023-08-14 12:31:24', NULL, 1);
INSERT INTO `room_facility` VALUES (265, 2, 50, '2023-08-14 12:31:24', NULL, 1);
INSERT INTO `room_facility` VALUES (266, 2, 51, '2023-08-14 12:31:24', NULL, 1);
INSERT INTO `room_facility` VALUES (267, 2, 54, '2023-08-14 12:31:24', NULL, 1);
INSERT INTO `room_facility` VALUES (268, 2, 52, '2023-08-14 12:31:24', NULL, 1);
INSERT INTO `room_facility` VALUES (269, 2, 53, '2023-08-14 12:31:24', NULL, 1);
INSERT INTO `room_facility` VALUES (270, 2, 55, '2023-08-14 12:31:24', NULL, 1);
INSERT INTO `room_facility` VALUES (271, 2, 56, '2023-08-14 12:31:24', NULL, 1);
INSERT INTO `room_facility` VALUES (272, 3, 28, '2023-08-14 12:31:46', NULL, 1);
INSERT INTO `room_facility` VALUES (273, 3, 29, '2023-08-14 12:31:46', NULL, 1);
INSERT INTO `room_facility` VALUES (274, 3, 30, '2023-08-14 12:31:46', NULL, 1);
INSERT INTO `room_facility` VALUES (275, 3, 48, '2023-08-14 12:31:46', NULL, 1);
INSERT INTO `room_facility` VALUES (276, 3, 49, '2023-08-14 12:31:46', NULL, 1);
INSERT INTO `room_facility` VALUES (277, 3, 50, '2023-08-14 12:31:46', NULL, 1);
INSERT INTO `room_facility` VALUES (278, 3, 51, '2023-08-14 12:31:46', NULL, 1);
INSERT INTO `room_facility` VALUES (279, 3, 53, '2023-08-14 12:31:46', NULL, 1);
INSERT INTO `room_facility` VALUES (280, 3, 52, '2023-08-14 12:31:46', NULL, 1);
INSERT INTO `room_facility` VALUES (281, 3, 54, '2023-08-14 12:31:46', NULL, 1);
INSERT INTO `room_facility` VALUES (282, 3, 55, '2023-08-14 12:31:46', NULL, 1);
INSERT INTO `room_facility` VALUES (283, 3, 56, '2023-08-14 12:31:46', NULL, 1);
INSERT INTO `room_facility` VALUES (284, 8, 28, '2023-08-14 12:32:33', NULL, 1);
INSERT INTO `room_facility` VALUES (285, 8, 29, '2023-08-14 12:32:33', NULL, 1);
INSERT INTO `room_facility` VALUES (286, 8, 30, '2023-08-14 12:32:33', NULL, 1);
INSERT INTO `room_facility` VALUES (287, 8, 48, '2023-08-14 12:32:33', NULL, 1);
INSERT INTO `room_facility` VALUES (288, 8, 49, '2023-08-14 12:32:33', NULL, 1);
INSERT INTO `room_facility` VALUES (289, 8, 50, '2023-08-14 12:32:33', NULL, 1);
INSERT INTO `room_facility` VALUES (290, 8, 51, '2023-08-14 12:32:33', NULL, 1);
INSERT INTO `room_facility` VALUES (291, 8, 52, '2023-08-14 12:32:33', NULL, 1);
INSERT INTO `room_facility` VALUES (292, 8, 53, '2023-08-14 12:32:33', NULL, 1);
INSERT INTO `room_facility` VALUES (293, 8, 54, '2023-08-14 12:32:33', NULL, 1);
INSERT INTO `room_facility` VALUES (294, 8, 55, '2023-08-14 12:32:33', NULL, 1);
INSERT INTO `room_facility` VALUES (295, 8, 56, '2023-08-14 12:32:33', NULL, 1);
INSERT INTO `room_facility` VALUES (296, 9, 28, '2023-08-14 12:32:42', NULL, 1);
INSERT INTO `room_facility` VALUES (297, 9, 29, '2023-08-14 12:32:42', NULL, 1);
INSERT INTO `room_facility` VALUES (298, 9, 30, '2023-08-14 12:32:42', NULL, 1);
INSERT INTO `room_facility` VALUES (299, 9, 48, '2023-08-14 12:32:42', NULL, 1);
INSERT INTO `room_facility` VALUES (300, 9, 49, '2023-08-14 12:32:42', NULL, 1);
INSERT INTO `room_facility` VALUES (301, 9, 50, '2023-08-14 12:32:42', NULL, 1);
INSERT INTO `room_facility` VALUES (302, 9, 51, '2023-08-14 12:32:42', NULL, 1);
INSERT INTO `room_facility` VALUES (303, 9, 52, '2023-08-14 12:32:42', NULL, 1);
INSERT INTO `room_facility` VALUES (304, 9, 53, '2023-08-14 12:32:42', NULL, 1);
INSERT INTO `room_facility` VALUES (305, 9, 54, '2023-08-14 12:32:42', NULL, 1);
INSERT INTO `room_facility` VALUES (306, 9, 55, '2023-08-14 12:32:42', NULL, 1);
INSERT INTO `room_facility` VALUES (307, 9, 56, '2023-08-14 12:32:42', NULL, 1);
INSERT INTO `room_facility` VALUES (308, 9, 28, '2023-08-14 12:32:53', NULL, 1);
INSERT INTO `room_facility` VALUES (309, 9, 29, '2023-08-14 12:32:53', NULL, 1);
INSERT INTO `room_facility` VALUES (310, 9, 30, '2023-08-14 12:32:53', NULL, 1);
INSERT INTO `room_facility` VALUES (311, 9, 48, '2023-08-14 12:32:53', NULL, 1);
INSERT INTO `room_facility` VALUES (312, 9, 49, '2023-08-14 12:32:53', NULL, 1);
INSERT INTO `room_facility` VALUES (313, 9, 50, '2023-08-14 12:32:53', NULL, 1);
INSERT INTO `room_facility` VALUES (314, 9, 51, '2023-08-14 12:32:53', NULL, 1);
INSERT INTO `room_facility` VALUES (315, 9, 52, '2023-08-14 12:32:53', NULL, 1);
INSERT INTO `room_facility` VALUES (316, 9, 53, '2023-08-14 12:32:53', NULL, 1);
INSERT INTO `room_facility` VALUES (317, 9, 54, '2023-08-14 12:32:53', NULL, 1);
INSERT INTO `room_facility` VALUES (318, 9, 55, '2023-08-14 12:32:53', NULL, 1);
INSERT INTO `room_facility` VALUES (319, 9, 56, '2023-08-14 12:32:53', NULL, 1);
INSERT INTO `room_facility` VALUES (320, 10, 28, '2023-08-14 12:33:13', NULL, 1);
INSERT INTO `room_facility` VALUES (321, 10, 29, '2023-08-14 12:33:13', NULL, 1);
INSERT INTO `room_facility` VALUES (322, 10, 30, '2023-08-14 12:33:13', NULL, 1);
INSERT INTO `room_facility` VALUES (323, 10, 48, '2023-08-14 12:33:13', NULL, 1);
INSERT INTO `room_facility` VALUES (324, 10, 49, '2023-08-14 12:33:13', NULL, 1);
INSERT INTO `room_facility` VALUES (325, 10, 50, '2023-08-14 12:33:13', NULL, 1);
INSERT INTO `room_facility` VALUES (326, 10, 51, '2023-08-14 12:33:13', NULL, 1);
INSERT INTO `room_facility` VALUES (327, 10, 52, '2023-08-14 12:33:13', NULL, 1);
INSERT INTO `room_facility` VALUES (328, 10, 53, '2023-08-14 12:33:13', NULL, 1);
INSERT INTO `room_facility` VALUES (329, 10, 54, '2023-08-14 12:33:13', NULL, 1);
INSERT INTO `room_facility` VALUES (330, 10, 55, '2023-08-14 12:33:13', NULL, 1);
INSERT INTO `room_facility` VALUES (331, 10, 56, '2023-08-14 12:33:13', NULL, 1);
INSERT INTO `room_facility` VALUES (332, 11, 28, '2023-08-14 12:33:33', NULL, 1);
INSERT INTO `room_facility` VALUES (333, 11, 29, '2023-08-14 12:33:33', NULL, 1);
INSERT INTO `room_facility` VALUES (334, 11, 30, '2023-08-14 12:33:33', NULL, 1);
INSERT INTO `room_facility` VALUES (335, 11, 48, '2023-08-14 12:33:33', NULL, 1);
INSERT INTO `room_facility` VALUES (336, 11, 49, '2023-08-14 12:33:33', NULL, 1);
INSERT INTO `room_facility` VALUES (337, 11, 50, '2023-08-14 12:33:33', NULL, 1);
INSERT INTO `room_facility` VALUES (338, 11, 51, '2023-08-14 12:33:33', NULL, 1);
INSERT INTO `room_facility` VALUES (339, 11, 52, '2023-08-14 12:33:33', NULL, 1);
INSERT INTO `room_facility` VALUES (340, 11, 53, '2023-08-14 12:33:33', NULL, 1);
INSERT INTO `room_facility` VALUES (341, 11, 54, '2023-08-14 12:33:33', NULL, 1);
INSERT INTO `room_facility` VALUES (342, 11, 55, '2023-08-14 12:33:33', NULL, 1);
INSERT INTO `room_facility` VALUES (343, 11, 56, '2023-08-14 12:33:33', NULL, 1);
INSERT INTO `room_facility` VALUES (344, 12, 28, '2023-08-14 12:33:45', NULL, 1);
INSERT INTO `room_facility` VALUES (345, 12, 29, '2023-08-14 12:33:45', NULL, 1);
INSERT INTO `room_facility` VALUES (346, 12, 30, '2023-08-14 12:33:45', NULL, 1);
INSERT INTO `room_facility` VALUES (347, 12, 48, '2023-08-14 12:33:45', NULL, 1);
INSERT INTO `room_facility` VALUES (348, 12, 49, '2023-08-14 12:33:45', NULL, 1);
INSERT INTO `room_facility` VALUES (349, 12, 50, '2023-08-14 12:33:45', NULL, 1);
INSERT INTO `room_facility` VALUES (350, 12, 51, '2023-08-14 12:33:45', NULL, 1);
INSERT INTO `room_facility` VALUES (351, 12, 52, '2023-08-14 12:33:45', NULL, 1);
INSERT INTO `room_facility` VALUES (352, 12, 53, '2023-08-14 12:33:45', NULL, 1);
INSERT INTO `room_facility` VALUES (353, 12, 54, '2023-08-14 12:33:45', NULL, 1);
INSERT INTO `room_facility` VALUES (354, 12, 55, '2023-08-14 12:33:45', NULL, 1);
INSERT INTO `room_facility` VALUES (355, 12, 56, '2023-08-14 12:33:45', NULL, 1);
INSERT INTO `room_facility` VALUES (356, 13, 49, '2023-08-14 12:33:57', NULL, 1);
INSERT INTO `room_facility` VALUES (357, 13, 28, '2023-08-14 12:33:57', NULL, 1);
INSERT INTO `room_facility` VALUES (358, 13, 29, '2023-08-14 12:33:57', NULL, 1);
INSERT INTO `room_facility` VALUES (359, 13, 30, '2023-08-14 12:33:57', NULL, 1);
INSERT INTO `room_facility` VALUES (360, 13, 48, '2023-08-14 12:33:57', NULL, 1);
INSERT INTO `room_facility` VALUES (361, 13, 50, '2023-08-14 12:33:57', NULL, 1);
INSERT INTO `room_facility` VALUES (362, 13, 51, '2023-08-14 12:33:57', NULL, 1);
INSERT INTO `room_facility` VALUES (363, 13, 52, '2023-08-14 12:33:57', NULL, 1);
INSERT INTO `room_facility` VALUES (364, 13, 53, '2023-08-14 12:33:57', NULL, 1);
INSERT INTO `room_facility` VALUES (365, 13, 54, '2023-08-14 12:33:57', NULL, 1);
INSERT INTO `room_facility` VALUES (366, 13, 55, '2023-08-14 12:33:57', NULL, 1);
INSERT INTO `room_facility` VALUES (367, 13, 56, '2023-08-14 12:33:57', NULL, 1);
INSERT INTO `room_facility` VALUES (368, 14, 28, '2023-08-14 12:34:08', NULL, 1);
INSERT INTO `room_facility` VALUES (369, 14, 29, '2023-08-14 12:34:08', NULL, 1);
INSERT INTO `room_facility` VALUES (370, 14, 30, '2023-08-14 12:34:08', NULL, 1);
INSERT INTO `room_facility` VALUES (371, 14, 48, '2023-08-14 12:34:08', NULL, 1);
INSERT INTO `room_facility` VALUES (372, 14, 49, '2023-08-14 12:34:08', NULL, 1);
INSERT INTO `room_facility` VALUES (373, 14, 50, '2023-08-14 12:34:08', NULL, 1);
INSERT INTO `room_facility` VALUES (374, 14, 51, '2023-08-14 12:34:08', NULL, 1);
INSERT INTO `room_facility` VALUES (375, 14, 52, '2023-08-14 12:34:08', NULL, 1);
INSERT INTO `room_facility` VALUES (376, 14, 53, '2023-08-14 12:34:08', NULL, 1);
INSERT INTO `room_facility` VALUES (377, 14, 54, '2023-08-14 12:34:08', NULL, 1);
INSERT INTO `room_facility` VALUES (378, 14, 55, '2023-08-14 12:34:08', NULL, 1);
INSERT INTO `room_facility` VALUES (379, 14, 56, '2023-08-14 12:34:08', NULL, 1);
INSERT INTO `room_facility` VALUES (380, 15, 28, '2023-08-14 12:34:20', NULL, 1);
INSERT INTO `room_facility` VALUES (381, 15, 29, '2023-08-14 12:34:20', NULL, 1);
INSERT INTO `room_facility` VALUES (382, 15, 30, '2023-08-14 12:34:20', NULL, 1);
INSERT INTO `room_facility` VALUES (383, 15, 48, '2023-08-14 12:34:20', NULL, 1);
INSERT INTO `room_facility` VALUES (384, 15, 49, '2023-08-14 12:34:20', NULL, 1);
INSERT INTO `room_facility` VALUES (385, 15, 50, '2023-08-14 12:34:20', NULL, 1);
INSERT INTO `room_facility` VALUES (386, 15, 51, '2023-08-14 12:34:20', NULL, 1);
INSERT INTO `room_facility` VALUES (387, 15, 52, '2023-08-14 12:34:20', NULL, 1);
INSERT INTO `room_facility` VALUES (388, 15, 53, '2023-08-14 12:34:20', NULL, 1);
INSERT INTO `room_facility` VALUES (389, 15, 54, '2023-08-14 12:34:20', NULL, 1);
INSERT INTO `room_facility` VALUES (390, 15, 55, '2023-08-14 12:34:20', NULL, 1);
INSERT INTO `room_facility` VALUES (391, 15, 56, '2023-08-14 12:34:20', NULL, 1);
INSERT INTO `room_facility` VALUES (392, 16, 28, '2023-08-14 12:34:45', NULL, 1);
INSERT INTO `room_facility` VALUES (393, 16, 29, '2023-08-14 12:34:45', NULL, 1);
INSERT INTO `room_facility` VALUES (394, 16, 30, '2023-08-14 12:34:45', NULL, 1);
INSERT INTO `room_facility` VALUES (395, 16, 48, '2023-08-14 12:34:45', NULL, 1);
INSERT INTO `room_facility` VALUES (396, 16, 49, '2023-08-14 12:34:45', NULL, 1);
INSERT INTO `room_facility` VALUES (397, 16, 50, '2023-08-14 12:34:45', NULL, 1);
INSERT INTO `room_facility` VALUES (398, 16, 51, '2023-08-14 12:34:45', NULL, 1);
INSERT INTO `room_facility` VALUES (399, 16, 52, '2023-08-14 12:34:45', NULL, 1);
INSERT INTO `room_facility` VALUES (400, 16, 53, '2023-08-14 12:34:45', NULL, 1);
INSERT INTO `room_facility` VALUES (401, 16, 54, '2023-08-14 12:34:45', NULL, 1);
INSERT INTO `room_facility` VALUES (402, 16, 55, '2023-08-14 12:34:45', NULL, 1);
INSERT INTO `room_facility` VALUES (403, 16, 56, '2023-08-14 12:34:45', NULL, 1);
INSERT INTO `room_facility` VALUES (404, 17, 28, '2023-08-14 12:35:08', NULL, 1);
INSERT INTO `room_facility` VALUES (405, 17, 29, '2023-08-14 12:35:08', NULL, 1);
INSERT INTO `room_facility` VALUES (406, 17, 30, '2023-08-14 12:35:08', NULL, 1);
INSERT INTO `room_facility` VALUES (407, 17, 48, '2023-08-14 12:35:08', NULL, 1);
INSERT INTO `room_facility` VALUES (408, 17, 49, '2023-08-14 12:35:08', NULL, 1);
INSERT INTO `room_facility` VALUES (409, 17, 50, '2023-08-14 12:35:08', NULL, 1);
INSERT INTO `room_facility` VALUES (410, 17, 51, '2023-08-14 12:35:08', NULL, 1);
INSERT INTO `room_facility` VALUES (411, 17, 52, '2023-08-14 12:35:08', NULL, 1);
INSERT INTO `room_facility` VALUES (412, 17, 53, '2023-08-14 12:35:08', NULL, 1);
INSERT INTO `room_facility` VALUES (413, 17, 54, '2023-08-14 12:35:08', NULL, 1);
INSERT INTO `room_facility` VALUES (414, 17, 55, '2023-08-14 12:35:08', NULL, 1);
INSERT INTO `room_facility` VALUES (415, 17, 56, '2023-08-14 12:35:08', NULL, 1);
INSERT INTO `room_facility` VALUES (416, 2, 28, '2023-08-19 15:46:10', NULL, 1);
INSERT INTO `room_facility` VALUES (417, 2, 29, '2023-08-19 15:46:10', NULL, 1);
INSERT INTO `room_facility` VALUES (418, 2, 30, '2023-08-19 15:46:10', NULL, 1);
INSERT INTO `room_facility` VALUES (419, 2, 48, '2023-08-19 15:46:10', NULL, 1);
INSERT INTO `room_facility` VALUES (420, 2, 49, '2023-08-19 15:46:10', NULL, 1);
INSERT INTO `room_facility` VALUES (421, 2, 50, '2023-08-19 15:46:10', NULL, 1);
INSERT INTO `room_facility` VALUES (422, 2, 51, '2023-08-19 15:46:10', NULL, 1);
INSERT INTO `room_facility` VALUES (423, 2, 54, '2023-08-19 15:46:10', NULL, 1);
INSERT INTO `room_facility` VALUES (424, 2, 52, '2023-08-19 15:46:10', NULL, 1);
INSERT INTO `room_facility` VALUES (425, 2, 53, '2023-08-19 15:46:10', NULL, 1);
INSERT INTO `room_facility` VALUES (426, 2, 55, '2023-08-19 15:46:10', NULL, 1);
INSERT INTO `room_facility` VALUES (427, 2, 56, '2023-08-19 15:46:10', NULL, 1);
INSERT INTO `room_facility` VALUES (428, 3, 28, '2023-08-19 15:46:32', NULL, 1);
INSERT INTO `room_facility` VALUES (429, 3, 29, '2023-08-19 15:46:32', NULL, 1);
INSERT INTO `room_facility` VALUES (430, 3, 30, '2023-08-19 15:46:32', NULL, 1);
INSERT INTO `room_facility` VALUES (431, 3, 48, '2023-08-19 15:46:32', NULL, 1);
INSERT INTO `room_facility` VALUES (432, 3, 49, '2023-08-19 15:46:32', NULL, 1);
INSERT INTO `room_facility` VALUES (433, 3, 50, '2023-08-19 15:46:32', NULL, 1);
INSERT INTO `room_facility` VALUES (434, 3, 51, '2023-08-19 15:46:32', NULL, 1);
INSERT INTO `room_facility` VALUES (435, 3, 53, '2023-08-19 15:46:32', NULL, 1);
INSERT INTO `room_facility` VALUES (436, 3, 52, '2023-08-19 15:46:32', NULL, 1);
INSERT INTO `room_facility` VALUES (437, 3, 54, '2023-08-19 15:46:32', NULL, 1);
INSERT INTO `room_facility` VALUES (438, 3, 55, '2023-08-19 15:46:32', NULL, 1);
INSERT INTO `room_facility` VALUES (439, 3, 56, '2023-08-19 15:46:32', NULL, 1);
INSERT INTO `room_facility` VALUES (440, 8, 28, '2023-08-19 15:46:49', NULL, 1);
INSERT INTO `room_facility` VALUES (441, 8, 29, '2023-08-19 15:46:49', NULL, 1);
INSERT INTO `room_facility` VALUES (442, 8, 30, '2023-08-19 15:46:49', NULL, 1);
INSERT INTO `room_facility` VALUES (443, 8, 48, '2023-08-19 15:46:49', NULL, 1);
INSERT INTO `room_facility` VALUES (444, 8, 49, '2023-08-19 15:46:49', NULL, 1);
INSERT INTO `room_facility` VALUES (445, 8, 50, '2023-08-19 15:46:49', NULL, 1);
INSERT INTO `room_facility` VALUES (446, 8, 51, '2023-08-19 15:46:49', NULL, 1);
INSERT INTO `room_facility` VALUES (447, 8, 52, '2023-08-19 15:46:49', NULL, 1);
INSERT INTO `room_facility` VALUES (448, 8, 53, '2023-08-19 15:46:49', NULL, 1);
INSERT INTO `room_facility` VALUES (449, 8, 54, '2023-08-19 15:46:49', NULL, 1);
INSERT INTO `room_facility` VALUES (450, 8, 55, '2023-08-19 15:46:49', NULL, 1);
INSERT INTO `room_facility` VALUES (451, 8, 56, '2023-08-19 15:46:49', NULL, 1);
INSERT INTO `room_facility` VALUES (452, 9, 28, '2023-08-19 15:47:08', NULL, 1);
INSERT INTO `room_facility` VALUES (453, 9, 29, '2023-08-19 15:47:08', NULL, 1);
INSERT INTO `room_facility` VALUES (454, 9, 30, '2023-08-19 15:47:08', NULL, 1);
INSERT INTO `room_facility` VALUES (455, 9, 48, '2023-08-19 15:47:08', NULL, 1);
INSERT INTO `room_facility` VALUES (456, 9, 49, '2023-08-19 15:47:08', NULL, 1);
INSERT INTO `room_facility` VALUES (457, 9, 50, '2023-08-19 15:47:08', NULL, 1);
INSERT INTO `room_facility` VALUES (458, 9, 51, '2023-08-19 15:47:08', NULL, 1);
INSERT INTO `room_facility` VALUES (459, 9, 52, '2023-08-19 15:47:08', NULL, 1);
INSERT INTO `room_facility` VALUES (460, 9, 53, '2023-08-19 15:47:08', NULL, 1);
INSERT INTO `room_facility` VALUES (461, 9, 54, '2023-08-19 15:47:08', NULL, 1);
INSERT INTO `room_facility` VALUES (462, 9, 55, '2023-08-19 15:47:08', NULL, 1);
INSERT INTO `room_facility` VALUES (463, 9, 56, '2023-08-19 15:47:08', NULL, 1);
INSERT INTO `room_facility` VALUES (464, 10, 28, '2023-08-19 15:47:28', NULL, 1);
INSERT INTO `room_facility` VALUES (465, 10, 29, '2023-08-19 15:47:28', NULL, 1);
INSERT INTO `room_facility` VALUES (466, 10, 30, '2023-08-19 15:47:28', NULL, 1);
INSERT INTO `room_facility` VALUES (467, 10, 48, '2023-08-19 15:47:28', NULL, 1);
INSERT INTO `room_facility` VALUES (468, 10, 49, '2023-08-19 15:47:28', NULL, 1);
INSERT INTO `room_facility` VALUES (469, 10, 50, '2023-08-19 15:47:28', NULL, 1);
INSERT INTO `room_facility` VALUES (470, 10, 51, '2023-08-19 15:47:28', NULL, 1);
INSERT INTO `room_facility` VALUES (471, 10, 52, '2023-08-19 15:47:28', NULL, 1);
INSERT INTO `room_facility` VALUES (472, 10, 53, '2023-08-19 15:47:28', NULL, 1);
INSERT INTO `room_facility` VALUES (473, 10, 54, '2023-08-19 15:47:28', NULL, 1);
INSERT INTO `room_facility` VALUES (474, 10, 55, '2023-08-19 15:47:28', NULL, 1);
INSERT INTO `room_facility` VALUES (475, 10, 56, '2023-08-19 15:47:28', NULL, 1);
INSERT INTO `room_facility` VALUES (476, 12, 28, '2023-08-19 15:47:45', NULL, 1);
INSERT INTO `room_facility` VALUES (477, 12, 29, '2023-08-19 15:47:45', NULL, 1);
INSERT INTO `room_facility` VALUES (478, 12, 30, '2023-08-19 15:47:45', NULL, 1);
INSERT INTO `room_facility` VALUES (479, 12, 48, '2023-08-19 15:47:45', NULL, 1);
INSERT INTO `room_facility` VALUES (480, 12, 49, '2023-08-19 15:47:45', NULL, 1);
INSERT INTO `room_facility` VALUES (481, 12, 50, '2023-08-19 15:47:45', NULL, 1);
INSERT INTO `room_facility` VALUES (482, 12, 51, '2023-08-19 15:47:45', NULL, 1);
INSERT INTO `room_facility` VALUES (483, 12, 52, '2023-08-19 15:47:45', NULL, 1);
INSERT INTO `room_facility` VALUES (484, 12, 53, '2023-08-19 15:47:45', NULL, 1);
INSERT INTO `room_facility` VALUES (485, 12, 54, '2023-08-19 15:47:45', NULL, 1);
INSERT INTO `room_facility` VALUES (486, 12, 55, '2023-08-19 15:47:45', NULL, 1);
INSERT INTO `room_facility` VALUES (487, 12, 56, '2023-08-19 15:47:45', NULL, 1);
INSERT INTO `room_facility` VALUES (488, 11, 28, '2023-08-19 15:48:04', NULL, 1);
INSERT INTO `room_facility` VALUES (489, 11, 29, '2023-08-19 15:48:04', NULL, 1);
INSERT INTO `room_facility` VALUES (490, 11, 30, '2023-08-19 15:48:04', NULL, 1);
INSERT INTO `room_facility` VALUES (491, 11, 48, '2023-08-19 15:48:04', NULL, 1);
INSERT INTO `room_facility` VALUES (492, 11, 49, '2023-08-19 15:48:04', NULL, 1);
INSERT INTO `room_facility` VALUES (493, 11, 50, '2023-08-19 15:48:04', NULL, 1);
INSERT INTO `room_facility` VALUES (494, 11, 51, '2023-08-19 15:48:04', NULL, 1);
INSERT INTO `room_facility` VALUES (495, 11, 52, '2023-08-19 15:48:04', NULL, 1);
INSERT INTO `room_facility` VALUES (496, 11, 53, '2023-08-19 15:48:04', NULL, 1);
INSERT INTO `room_facility` VALUES (497, 11, 54, '2023-08-19 15:48:04', NULL, 1);
INSERT INTO `room_facility` VALUES (498, 11, 55, '2023-08-19 15:48:04', NULL, 1);
INSERT INTO `room_facility` VALUES (499, 11, 56, '2023-08-19 15:48:04', NULL, 1);
INSERT INTO `room_facility` VALUES (500, 13, 49, '2023-08-19 15:48:26', NULL, 1);
INSERT INTO `room_facility` VALUES (501, 13, 28, '2023-08-19 15:48:26', NULL, 1);
INSERT INTO `room_facility` VALUES (502, 13, 29, '2023-08-19 15:48:26', NULL, 1);
INSERT INTO `room_facility` VALUES (503, 13, 30, '2023-08-19 15:48:26', NULL, 1);
INSERT INTO `room_facility` VALUES (504, 13, 48, '2023-08-19 15:48:26', NULL, 1);
INSERT INTO `room_facility` VALUES (505, 13, 50, '2023-08-19 15:48:26', NULL, 1);
INSERT INTO `room_facility` VALUES (506, 13, 51, '2023-08-19 15:48:26', NULL, 1);
INSERT INTO `room_facility` VALUES (507, 13, 52, '2023-08-19 15:48:26', NULL, 1);
INSERT INTO `room_facility` VALUES (508, 13, 53, '2023-08-19 15:48:26', NULL, 1);
INSERT INTO `room_facility` VALUES (509, 13, 54, '2023-08-19 15:48:26', NULL, 1);
INSERT INTO `room_facility` VALUES (510, 13, 55, '2023-08-19 15:48:26', NULL, 1);
INSERT INTO `room_facility` VALUES (511, 13, 56, '2023-08-19 15:48:26', NULL, 1);
INSERT INTO `room_facility` VALUES (512, 14, 28, '2023-08-19 15:48:46', NULL, 1);
INSERT INTO `room_facility` VALUES (513, 14, 29, '2023-08-19 15:48:46', NULL, 1);
INSERT INTO `room_facility` VALUES (514, 14, 30, '2023-08-19 15:48:46', NULL, 1);
INSERT INTO `room_facility` VALUES (515, 14, 48, '2023-08-19 15:48:46', NULL, 1);
INSERT INTO `room_facility` VALUES (516, 14, 49, '2023-08-19 15:48:46', NULL, 1);
INSERT INTO `room_facility` VALUES (517, 14, 50, '2023-08-19 15:48:46', NULL, 1);
INSERT INTO `room_facility` VALUES (518, 14, 51, '2023-08-19 15:48:46', NULL, 1);
INSERT INTO `room_facility` VALUES (519, 14, 52, '2023-08-19 15:48:46', NULL, 1);
INSERT INTO `room_facility` VALUES (520, 14, 53, '2023-08-19 15:48:46', NULL, 1);
INSERT INTO `room_facility` VALUES (521, 14, 54, '2023-08-19 15:48:46', NULL, 1);
INSERT INTO `room_facility` VALUES (522, 14, 55, '2023-08-19 15:48:46', NULL, 1);
INSERT INTO `room_facility` VALUES (523, 14, 56, '2023-08-19 15:48:46', NULL, 1);
INSERT INTO `room_facility` VALUES (524, 15, 28, '2023-08-19 15:49:04', NULL, 1);
INSERT INTO `room_facility` VALUES (525, 15, 29, '2023-08-19 15:49:04', NULL, 1);
INSERT INTO `room_facility` VALUES (526, 15, 30, '2023-08-19 15:49:04', NULL, 1);
INSERT INTO `room_facility` VALUES (527, 15, 48, '2023-08-19 15:49:04', NULL, 1);
INSERT INTO `room_facility` VALUES (528, 15, 49, '2023-08-19 15:49:04', NULL, 1);
INSERT INTO `room_facility` VALUES (529, 15, 50, '2023-08-19 15:49:04', NULL, 1);
INSERT INTO `room_facility` VALUES (530, 15, 51, '2023-08-19 15:49:04', NULL, 1);
INSERT INTO `room_facility` VALUES (531, 15, 52, '2023-08-19 15:49:04', NULL, 1);
INSERT INTO `room_facility` VALUES (532, 15, 53, '2023-08-19 15:49:04', NULL, 1);
INSERT INTO `room_facility` VALUES (533, 15, 54, '2023-08-19 15:49:04', NULL, 1);
INSERT INTO `room_facility` VALUES (534, 15, 55, '2023-08-19 15:49:04', NULL, 1);
INSERT INTO `room_facility` VALUES (535, 15, 56, '2023-08-19 15:49:04', NULL, 1);
INSERT INTO `room_facility` VALUES (536, 16, 28, '2023-08-19 15:49:22', NULL, 1);
INSERT INTO `room_facility` VALUES (537, 16, 29, '2023-08-19 15:49:22', NULL, 1);
INSERT INTO `room_facility` VALUES (538, 16, 30, '2023-08-19 15:49:22', NULL, 1);
INSERT INTO `room_facility` VALUES (539, 16, 48, '2023-08-19 15:49:22', NULL, 1);
INSERT INTO `room_facility` VALUES (540, 16, 49, '2023-08-19 15:49:22', NULL, 1);
INSERT INTO `room_facility` VALUES (541, 16, 50, '2023-08-19 15:49:22', NULL, 1);
INSERT INTO `room_facility` VALUES (542, 16, 51, '2023-08-19 15:49:22', NULL, 1);
INSERT INTO `room_facility` VALUES (543, 16, 52, '2023-08-19 15:49:22', NULL, 1);
INSERT INTO `room_facility` VALUES (544, 16, 53, '2023-08-19 15:49:22', NULL, 1);
INSERT INTO `room_facility` VALUES (545, 16, 54, '2023-08-19 15:49:22', NULL, 1);
INSERT INTO `room_facility` VALUES (546, 16, 55, '2023-08-19 15:49:22', NULL, 1);
INSERT INTO `room_facility` VALUES (547, 16, 56, '2023-08-19 15:49:22', NULL, 1);
INSERT INTO `room_facility` VALUES (548, 17, 28, '2023-08-19 15:49:38', NULL, 1);
INSERT INTO `room_facility` VALUES (549, 17, 29, '2023-08-19 15:49:38', NULL, 1);
INSERT INTO `room_facility` VALUES (550, 17, 30, '2023-08-19 15:49:38', NULL, 1);
INSERT INTO `room_facility` VALUES (551, 17, 48, '2023-08-19 15:49:38', NULL, 1);
INSERT INTO `room_facility` VALUES (552, 17, 49, '2023-08-19 15:49:38', NULL, 1);
INSERT INTO `room_facility` VALUES (553, 17, 50, '2023-08-19 15:49:38', NULL, 1);
INSERT INTO `room_facility` VALUES (554, 17, 51, '2023-08-19 15:49:38', NULL, 1);
INSERT INTO `room_facility` VALUES (555, 17, 52, '2023-08-19 15:49:38', NULL, 1);
INSERT INTO `room_facility` VALUES (556, 17, 53, '2023-08-19 15:49:38', NULL, 1);
INSERT INTO `room_facility` VALUES (557, 17, 54, '2023-08-19 15:49:38', NULL, 1);
INSERT INTO `room_facility` VALUES (558, 17, 55, '2023-08-19 15:49:38', NULL, 1);
INSERT INTO `room_facility` VALUES (559, 17, 56, '2023-08-19 15:49:38', NULL, 1);
INSERT INTO `room_facility` VALUES (16943, 273, 55, '2026-03-14 16:13:16', '2026-03-14 16:13:16', 1);
INSERT INTO `room_facility` VALUES (16944, 273, 49, '2026-03-14 16:13:16', '2026-03-14 16:13:16', 1);
INSERT INTO `room_facility` VALUES (16945, 273, 29, '2026-03-14 16:13:16', '2026-03-14 16:13:16', 1);
INSERT INTO `room_facility` VALUES (16946, 273, 28, '2026-03-14 16:13:16', '2026-03-14 16:13:16', 1);
INSERT INTO `room_facility` VALUES (16947, 274, 49, '2026-03-14 16:13:16', '2026-03-14 16:13:16', 1);
INSERT INTO `room_facility` VALUES (16948, 274, 30, '2026-03-14 16:13:16', '2026-03-14 16:13:16', 1);
INSERT INTO `room_facility` VALUES (16949, 274, 29, '2026-03-14 16:13:16', '2026-03-14 16:13:16', 1);
INSERT INTO `room_facility` VALUES (16950, 274, 28, '2026-03-14 16:13:16', '2026-03-14 16:13:16', 1);
INSERT INTO `room_facility` VALUES (16951, 275, 54, '2026-03-14 16:13:16', '2026-03-14 16:13:16', 1);
INSERT INTO `room_facility` VALUES (16952, 275, 50, '2026-03-14 16:13:16', '2026-03-14 16:13:16', 1);
INSERT INTO `room_facility` VALUES (16953, 275, 29, '2026-03-14 16:13:16', '2026-03-14 16:13:16', 1);
INSERT INTO `room_facility` VALUES (16954, 275, 28, '2026-03-14 16:13:16', '2026-03-14 16:13:16', 1);
INSERT INTO `room_facility` VALUES (16955, 276, 49, '2026-03-14 16:13:16', '2026-03-14 16:13:16', 1);
INSERT INTO `room_facility` VALUES (16956, 276, 48, '2026-03-14 16:13:16', '2026-03-14 16:13:16', 1);
INSERT INTO `room_facility` VALUES (16957, 276, 29, '2026-03-14 16:13:16', '2026-03-14 16:13:16', 1);
INSERT INTO `room_facility` VALUES (16958, 276, 28, '2026-03-14 16:13:16', '2026-03-14 16:13:16', 1);
INSERT INTO `room_facility` VALUES (16959, 277, 55, '2026-03-14 16:13:16', '2026-03-14 16:13:16', 1);
INSERT INTO `room_facility` VALUES (16960, 277, 49, '2026-03-14 16:13:16', '2026-03-14 16:13:16', 1);
INSERT INTO `room_facility` VALUES (16961, 277, 30, '2026-03-14 16:13:16', '2026-03-14 16:13:16', 1);
INSERT INTO `room_facility` VALUES (16962, 277, 28, '2026-03-14 16:13:16', '2026-03-14 16:13:16', 1);
INSERT INTO `room_facility` VALUES (16963, 278, 56, '2026-03-14 16:13:16', '2026-03-14 16:13:16', 1);
INSERT INTO `room_facility` VALUES (16964, 278, 30, '2026-03-14 16:13:16', '2026-03-14 16:13:16', 1);
INSERT INTO `room_facility` VALUES (16965, 278, 29, '2026-03-14 16:13:16', '2026-03-14 16:13:16', 1);
INSERT INTO `room_facility` VALUES (16966, 278, 28, '2026-03-14 16:13:16', '2026-03-14 16:13:16', 1);
INSERT INTO `room_facility` VALUES (16967, 279, 55, '2026-03-14 16:13:16', '2026-03-14 16:13:16', 1);
INSERT INTO `room_facility` VALUES (16968, 279, 50, '2026-03-14 16:13:16', '2026-03-14 16:13:16', 1);
INSERT INTO `room_facility` VALUES (16969, 279, 49, '2026-03-14 16:13:16', '2026-03-14 16:13:16', 1);
INSERT INTO `room_facility` VALUES (16970, 279, 28, '2026-03-14 16:13:16', '2026-03-14 16:13:16', 1);
INSERT INTO `room_facility` VALUES (16971, 280, 54, '2026-03-14 16:13:16', '2026-03-14 16:13:16', 1);
INSERT INTO `room_facility` VALUES (16972, 280, 49, '2026-03-14 16:13:16', '2026-03-14 16:13:16', 1);
INSERT INTO `room_facility` VALUES (16973, 280, 29, '2026-03-14 16:13:16', '2026-03-14 16:13:16', 1);
INSERT INTO `room_facility` VALUES (16974, 280, 28, '2026-03-14 16:13:16', '2026-03-14 16:13:16', 1);
INSERT INTO `room_facility` VALUES (16975, 281, 51, '2026-03-14 16:13:16', '2026-03-14 16:13:16', 1);
INSERT INTO `room_facility` VALUES (16976, 281, 30, '2026-03-14 16:13:16', '2026-03-14 16:13:16', 1);
INSERT INTO `room_facility` VALUES (16977, 281, 29, '2026-03-14 16:13:16', '2026-03-14 16:13:16', 1);
INSERT INTO `room_facility` VALUES (16978, 281, 28, '2026-03-14 16:13:16', '2026-03-14 16:13:16', 1);
INSERT INTO `room_facility` VALUES (16979, 282, 56, '2026-03-14 16:13:16', '2026-03-14 16:13:16', 1);
INSERT INTO `room_facility` VALUES (16980, 282, 30, '2026-03-14 16:13:16', '2026-03-14 16:13:16', 1);
INSERT INTO `room_facility` VALUES (16981, 282, 29, '2026-03-14 16:13:16', '2026-03-14 16:13:16', 1);
INSERT INTO `room_facility` VALUES (16982, 282, 28, '2026-03-14 16:13:16', '2026-03-14 16:13:16', 1);
INSERT INTO `room_facility` VALUES (16983, 283, 55, '2026-03-14 16:13:16', '2026-03-14 16:13:16', 1);
INSERT INTO `room_facility` VALUES (16984, 283, 49, '2026-03-14 16:13:16', '2026-03-14 16:13:16', 1);
INSERT INTO `room_facility` VALUES (16985, 283, 29, '2026-03-14 16:13:16', '2026-03-14 16:13:16', 1);
INSERT INTO `room_facility` VALUES (16986, 283, 28, '2026-03-14 16:13:16', '2026-03-14 16:13:16', 1);
INSERT INTO `room_facility` VALUES (16987, 284, 49, '2026-03-14 16:13:16', '2026-03-14 16:13:16', 1);
INSERT INTO `room_facility` VALUES (16988, 284, 30, '2026-03-14 16:13:16', '2026-03-14 16:13:16', 1);
INSERT INTO `room_facility` VALUES (16989, 284, 29, '2026-03-14 16:13:16', '2026-03-14 16:13:16', 1);
INSERT INTO `room_facility` VALUES (16990, 284, 28, '2026-03-14 16:13:16', '2026-03-14 16:13:16', 1);
INSERT INTO `room_facility` VALUES (16991, 285, 54, '2026-03-14 16:13:16', '2026-03-14 16:13:16', 1);
INSERT INTO `room_facility` VALUES (16992, 285, 50, '2026-03-14 16:13:16', '2026-03-14 16:13:16', 1);
INSERT INTO `room_facility` VALUES (16993, 285, 29, '2026-03-14 16:13:16', '2026-03-14 16:13:16', 1);
INSERT INTO `room_facility` VALUES (16994, 285, 28, '2026-03-14 16:13:16', '2026-03-14 16:13:16', 1);
INSERT INTO `room_facility` VALUES (16995, 286, 49, '2026-03-14 16:13:16', '2026-03-14 16:13:16', 1);
INSERT INTO `room_facility` VALUES (16996, 286, 48, '2026-03-14 16:13:16', '2026-03-14 16:13:16', 1);
INSERT INTO `room_facility` VALUES (16997, 286, 29, '2026-03-14 16:13:16', '2026-03-14 16:13:16', 1);
INSERT INTO `room_facility` VALUES (16998, 286, 28, '2026-03-14 16:13:16', '2026-03-14 16:13:16', 1);
INSERT INTO `room_facility` VALUES (16999, 287, 55, '2026-03-14 16:13:16', '2026-03-14 16:13:16', 1);
INSERT INTO `room_facility` VALUES (17000, 287, 49, '2026-03-14 16:13:16', '2026-03-14 16:13:16', 1);
INSERT INTO `room_facility` VALUES (17001, 287, 30, '2026-03-14 16:13:16', '2026-03-14 16:13:16', 1);
INSERT INTO `room_facility` VALUES (17002, 287, 28, '2026-03-14 16:13:16', '2026-03-14 16:13:16', 1);
INSERT INTO `room_facility` VALUES (17003, 288, 56, '2026-03-14 16:13:16', '2026-03-14 16:13:16', 1);
INSERT INTO `room_facility` VALUES (17004, 288, 30, '2026-03-14 16:13:16', '2026-03-14 16:13:16', 1);
INSERT INTO `room_facility` VALUES (17005, 288, 29, '2026-03-14 16:13:16', '2026-03-14 16:13:16', 1);
INSERT INTO `room_facility` VALUES (17006, 288, 28, '2026-03-14 16:13:16', '2026-03-14 16:13:16', 1);
INSERT INTO `room_facility` VALUES (17007, 289, 55, '2026-03-14 16:13:16', '2026-03-14 16:13:16', 1);
INSERT INTO `room_facility` VALUES (17008, 289, 50, '2026-03-14 16:13:16', '2026-03-14 16:13:16', 1);
INSERT INTO `room_facility` VALUES (17009, 289, 49, '2026-03-14 16:13:16', '2026-03-14 16:13:16', 1);
INSERT INTO `room_facility` VALUES (17010, 289, 28, '2026-03-14 16:13:16', '2026-03-14 16:13:16', 1);
INSERT INTO `room_facility` VALUES (17011, 290, 54, '2026-03-14 16:13:16', '2026-03-14 16:13:16', 1);
INSERT INTO `room_facility` VALUES (17012, 290, 49, '2026-03-14 16:13:16', '2026-03-14 16:13:16', 1);
INSERT INTO `room_facility` VALUES (17013, 290, 29, '2026-03-14 16:13:16', '2026-03-14 16:13:16', 1);
INSERT INTO `room_facility` VALUES (17014, 290, 28, '2026-03-14 16:13:16', '2026-03-14 16:13:16', 1);
INSERT INTO `room_facility` VALUES (17015, 291, 51, '2026-03-14 16:13:16', '2026-03-14 16:13:16', 1);
INSERT INTO `room_facility` VALUES (17016, 291, 30, '2026-03-14 16:13:16', '2026-03-14 16:13:16', 1);
INSERT INTO `room_facility` VALUES (17017, 291, 29, '2026-03-14 16:13:16', '2026-03-14 16:13:16', 1);
INSERT INTO `room_facility` VALUES (17018, 291, 28, '2026-03-14 16:13:16', '2026-03-14 16:13:16', 1);
INSERT INTO `room_facility` VALUES (17019, 292, 56, '2026-03-14 16:13:16', '2026-03-14 16:13:16', 1);
INSERT INTO `room_facility` VALUES (17020, 292, 30, '2026-03-14 16:13:16', '2026-03-14 16:13:16', 1);
INSERT INTO `room_facility` VALUES (17021, 292, 29, '2026-03-14 16:13:16', '2026-03-14 16:13:16', 1);
INSERT INTO `room_facility` VALUES (17022, 292, 28, '2026-03-14 16:13:16', '2026-03-14 16:13:16', 1);
INSERT INTO `room_facility` VALUES (17023, 293, 55, '2026-03-14 16:13:16', '2026-03-14 16:13:16', 1);
INSERT INTO `room_facility` VALUES (17024, 293, 49, '2026-03-14 16:13:16', '2026-03-14 16:13:16', 1);
INSERT INTO `room_facility` VALUES (17025, 293, 29, '2026-03-14 16:13:16', '2026-03-14 16:13:16', 1);
INSERT INTO `room_facility` VALUES (17026, 293, 28, '2026-03-14 16:13:16', '2026-03-14 16:13:16', 1);
INSERT INTO `room_facility` VALUES (17027, 294, 49, '2026-03-14 16:13:16', '2026-03-14 16:13:16', 1);
INSERT INTO `room_facility` VALUES (17028, 294, 30, '2026-03-14 16:13:16', '2026-03-14 16:13:16', 1);
INSERT INTO `room_facility` VALUES (17029, 294, 29, '2026-03-14 16:13:16', '2026-03-14 16:13:16', 1);
INSERT INTO `room_facility` VALUES (17030, 294, 28, '2026-03-14 16:13:16', '2026-03-14 16:13:16', 1);
INSERT INTO `room_facility` VALUES (17031, 295, 54, '2026-03-14 16:13:16', '2026-03-14 16:13:16', 1);
INSERT INTO `room_facility` VALUES (17032, 295, 50, '2026-03-14 16:13:16', '2026-03-14 16:13:16', 1);
INSERT INTO `room_facility` VALUES (17033, 295, 29, '2026-03-14 16:13:16', '2026-03-14 16:13:16', 1);
INSERT INTO `room_facility` VALUES (17034, 295, 28, '2026-03-14 16:13:16', '2026-03-14 16:13:16', 1);
INSERT INTO `room_facility` VALUES (17035, 296, 49, '2026-03-14 16:13:16', '2026-03-14 16:13:16', 1);
INSERT INTO `room_facility` VALUES (17036, 296, 48, '2026-03-14 16:13:16', '2026-03-14 16:13:16', 1);
INSERT INTO `room_facility` VALUES (17037, 296, 29, '2026-03-14 16:13:16', '2026-03-14 16:13:16', 1);
INSERT INTO `room_facility` VALUES (17038, 296, 28, '2026-03-14 16:13:16', '2026-03-14 16:13:16', 1);
INSERT INTO `room_facility` VALUES (17039, 297, 55, '2026-03-14 16:13:16', '2026-03-14 16:13:16', 1);
INSERT INTO `room_facility` VALUES (17040, 297, 49, '2026-03-14 16:13:16', '2026-03-14 16:13:16', 1);
INSERT INTO `room_facility` VALUES (17041, 297, 30, '2026-03-14 16:13:16', '2026-03-14 16:13:16', 1);
INSERT INTO `room_facility` VALUES (17042, 297, 28, '2026-03-14 16:13:16', '2026-03-14 16:13:16', 1);
INSERT INTO `room_facility` VALUES (17043, 298, 56, '2026-03-14 16:13:16', '2026-03-14 16:13:16', 1);
INSERT INTO `room_facility` VALUES (17044, 298, 30, '2026-03-14 16:13:16', '2026-03-14 16:13:16', 1);
INSERT INTO `room_facility` VALUES (17045, 298, 29, '2026-03-14 16:13:16', '2026-03-14 16:13:16', 1);
INSERT INTO `room_facility` VALUES (17046, 298, 28, '2026-03-14 16:13:16', '2026-03-14 16:13:16', 1);
INSERT INTO `room_facility` VALUES (17047, 299, 55, '2026-03-14 16:13:16', '2026-03-14 16:13:16', 1);
INSERT INTO `room_facility` VALUES (17048, 299, 50, '2026-03-14 16:13:16', '2026-03-14 16:13:16', 1);
INSERT INTO `room_facility` VALUES (17049, 299, 49, '2026-03-14 16:13:16', '2026-03-14 16:13:16', 1);
INSERT INTO `room_facility` VALUES (17050, 299, 28, '2026-03-14 16:13:16', '2026-03-14 16:13:16', 1);
INSERT INTO `room_facility` VALUES (17051, 300, 54, '2026-03-14 16:13:16', '2026-03-14 16:13:16', 1);
INSERT INTO `room_facility` VALUES (17052, 300, 49, '2026-03-14 16:13:16', '2026-03-14 16:13:16', 1);
INSERT INTO `room_facility` VALUES (17053, 300, 29, '2026-03-14 16:13:16', '2026-03-14 16:13:16', 1);
INSERT INTO `room_facility` VALUES (17054, 300, 28, '2026-03-14 16:13:16', '2026-03-14 16:13:16', 1);
INSERT INTO `room_facility` VALUES (17055, 301, 51, '2026-03-14 16:13:16', '2026-03-14 16:13:16', 1);
INSERT INTO `room_facility` VALUES (17056, 301, 30, '2026-03-14 16:13:16', '2026-03-14 16:13:16', 1);
INSERT INTO `room_facility` VALUES (17057, 301, 29, '2026-03-14 16:13:16', '2026-03-14 16:13:16', 1);
INSERT INTO `room_facility` VALUES (17058, 301, 28, '2026-03-14 16:13:16', '2026-03-14 16:13:16', 1);
INSERT INTO `room_facility` VALUES (17059, 302, 56, '2026-03-14 16:13:16', '2026-03-14 16:13:16', 1);
INSERT INTO `room_facility` VALUES (17060, 302, 30, '2026-03-14 16:13:16', '2026-03-14 16:13:16', 1);
INSERT INTO `room_facility` VALUES (17061, 302, 29, '2026-03-14 16:13:16', '2026-03-14 16:13:16', 1);
INSERT INTO `room_facility` VALUES (17062, 302, 28, '2026-03-14 16:13:16', '2026-03-14 16:13:16', 1);
INSERT INTO `room_facility` VALUES (17063, 303, 55, '2026-03-14 16:13:16', '2026-03-14 16:13:16', 1);
INSERT INTO `room_facility` VALUES (17064, 303, 49, '2026-03-14 16:13:16', '2026-03-14 16:13:16', 1);
INSERT INTO `room_facility` VALUES (17065, 303, 29, '2026-03-14 16:13:16', '2026-03-14 16:13:16', 1);
INSERT INTO `room_facility` VALUES (17066, 303, 28, '2026-03-14 16:13:16', '2026-03-14 16:13:16', 1);
INSERT INTO `room_facility` VALUES (17067, 304, 49, '2026-03-14 16:13:16', '2026-03-14 16:13:16', 1);
INSERT INTO `room_facility` VALUES (17068, 304, 30, '2026-03-14 16:13:16', '2026-03-14 16:13:16', 1);
INSERT INTO `room_facility` VALUES (17069, 304, 29, '2026-03-14 16:13:16', '2026-03-14 16:13:16', 1);
INSERT INTO `room_facility` VALUES (17070, 304, 28, '2026-03-14 16:13:16', '2026-03-14 16:13:16', 1);
INSERT INTO `room_facility` VALUES (17071, 305, 54, '2026-03-14 16:13:16', '2026-03-14 16:13:16', 1);
INSERT INTO `room_facility` VALUES (17072, 305, 50, '2026-03-14 16:13:16', '2026-03-14 16:13:16', 1);
INSERT INTO `room_facility` VALUES (17073, 305, 29, '2026-03-14 16:13:16', '2026-03-14 16:13:16', 1);
INSERT INTO `room_facility` VALUES (17074, 305, 28, '2026-03-14 16:13:16', '2026-03-14 16:13:16', 1);
INSERT INTO `room_facility` VALUES (17075, 306, 49, '2026-03-14 16:13:16', '2026-03-14 16:13:16', 1);
INSERT INTO `room_facility` VALUES (17076, 306, 48, '2026-03-14 16:13:16', '2026-03-14 16:13:16', 1);
INSERT INTO `room_facility` VALUES (17077, 306, 29, '2026-03-14 16:13:16', '2026-03-14 16:13:16', 1);
INSERT INTO `room_facility` VALUES (17078, 306, 28, '2026-03-14 16:13:16', '2026-03-14 16:13:16', 1);
INSERT INTO `room_facility` VALUES (17079, 307, 55, '2026-03-14 16:13:16', '2026-03-14 16:13:16', 1);
INSERT INTO `room_facility` VALUES (17080, 307, 49, '2026-03-14 16:13:16', '2026-03-14 16:13:16', 1);
INSERT INTO `room_facility` VALUES (17081, 307, 30, '2026-03-14 16:13:16', '2026-03-14 16:13:16', 1);
INSERT INTO `room_facility` VALUES (17082, 307, 28, '2026-03-14 16:13:16', '2026-03-14 16:13:16', 1);
INSERT INTO `room_facility` VALUES (17083, 308, 56, '2026-03-14 16:13:16', '2026-03-14 16:13:16', 1);
INSERT INTO `room_facility` VALUES (17084, 308, 30, '2026-03-14 16:13:16', '2026-03-14 16:13:16', 1);
INSERT INTO `room_facility` VALUES (17085, 308, 29, '2026-03-14 16:13:16', '2026-03-14 16:13:16', 1);
INSERT INTO `room_facility` VALUES (17086, 308, 28, '2026-03-14 16:13:16', '2026-03-14 16:13:16', 1);
INSERT INTO `room_facility` VALUES (17087, 309, 55, '2026-03-14 16:13:16', '2026-03-14 16:13:16', 1);
INSERT INTO `room_facility` VALUES (17088, 309, 50, '2026-03-14 16:13:16', '2026-03-14 16:13:16', 1);
INSERT INTO `room_facility` VALUES (17089, 309, 49, '2026-03-14 16:13:16', '2026-03-14 16:13:16', 1);
INSERT INTO `room_facility` VALUES (17090, 309, 28, '2026-03-14 16:13:16', '2026-03-14 16:13:16', 1);
INSERT INTO `room_facility` VALUES (17091, 310, 54, '2026-03-14 16:13:16', '2026-03-14 16:13:16', 1);
INSERT INTO `room_facility` VALUES (17092, 310, 49, '2026-03-14 16:13:16', '2026-03-14 16:13:16', 1);
INSERT INTO `room_facility` VALUES (17093, 310, 29, '2026-03-14 16:13:16', '2026-03-14 16:13:16', 1);
INSERT INTO `room_facility` VALUES (17094, 310, 28, '2026-03-14 16:13:16', '2026-03-14 16:13:16', 1);
INSERT INTO `room_facility` VALUES (17095, 311, 51, '2026-03-14 16:13:16', '2026-03-14 16:13:16', 1);
INSERT INTO `room_facility` VALUES (17096, 311, 30, '2026-03-14 16:13:16', '2026-03-14 16:13:16', 1);
INSERT INTO `room_facility` VALUES (17097, 311, 29, '2026-03-14 16:13:16', '2026-03-14 16:13:16', 1);
INSERT INTO `room_facility` VALUES (17098, 311, 28, '2026-03-14 16:13:16', '2026-03-14 16:13:16', 1);
INSERT INTO `room_facility` VALUES (17099, 312, 56, '2026-03-14 16:13:16', '2026-03-14 16:13:16', 1);
INSERT INTO `room_facility` VALUES (17100, 312, 30, '2026-03-14 16:13:16', '2026-03-14 16:13:16', 1);
INSERT INTO `room_facility` VALUES (17101, 312, 29, '2026-03-14 16:13:16', '2026-03-14 16:13:16', 1);
INSERT INTO `room_facility` VALUES (17102, 312, 28, '2026-03-14 16:13:16', '2026-03-14 16:13:16', 1);
INSERT INTO `room_facility` VALUES (17103, 313, 55, '2026-03-14 16:13:16', '2026-03-14 16:13:16', 1);
INSERT INTO `room_facility` VALUES (17104, 313, 49, '2026-03-14 16:13:16', '2026-03-14 16:13:16', 1);
INSERT INTO `room_facility` VALUES (17105, 313, 29, '2026-03-14 16:13:16', '2026-03-14 16:13:16', 1);
INSERT INTO `room_facility` VALUES (17106, 313, 28, '2026-03-14 16:13:16', '2026-03-14 16:13:16', 1);
INSERT INTO `room_facility` VALUES (17107, 314, 49, '2026-03-14 16:13:16', '2026-03-14 16:13:16', 1);
INSERT INTO `room_facility` VALUES (17108, 314, 30, '2026-03-14 16:13:16', '2026-03-14 16:13:16', 1);
INSERT INTO `room_facility` VALUES (17109, 314, 29, '2026-03-14 16:13:16', '2026-03-14 16:13:16', 1);
INSERT INTO `room_facility` VALUES (17110, 314, 28, '2026-03-14 16:13:16', '2026-03-14 16:13:16', 1);
INSERT INTO `room_facility` VALUES (17111, 315, 54, '2026-03-14 16:13:16', '2026-03-14 16:13:16', 1);
INSERT INTO `room_facility` VALUES (17112, 315, 50, '2026-03-14 16:13:16', '2026-03-14 16:13:16', 1);
INSERT INTO `room_facility` VALUES (17113, 315, 29, '2026-03-14 16:13:16', '2026-03-14 16:13:16', 1);
INSERT INTO `room_facility` VALUES (17114, 315, 28, '2026-03-14 16:13:16', '2026-03-14 16:13:16', 1);
INSERT INTO `room_facility` VALUES (17115, 316, 49, '2026-03-14 16:13:16', '2026-03-14 16:13:16', 1);
INSERT INTO `room_facility` VALUES (17116, 316, 48, '2026-03-14 16:13:16', '2026-03-14 16:13:16', 1);
INSERT INTO `room_facility` VALUES (17117, 316, 29, '2026-03-14 16:13:16', '2026-03-14 16:13:16', 1);
INSERT INTO `room_facility` VALUES (17118, 316, 28, '2026-03-14 16:13:16', '2026-03-14 16:13:16', 1);
INSERT INTO `room_facility` VALUES (17119, 317, 55, '2026-03-14 16:13:16', '2026-03-14 16:13:16', 1);
INSERT INTO `room_facility` VALUES (17120, 317, 49, '2026-03-14 16:13:16', '2026-03-14 16:13:16', 1);
INSERT INTO `room_facility` VALUES (17121, 317, 30, '2026-03-14 16:13:16', '2026-03-14 16:13:16', 1);
INSERT INTO `room_facility` VALUES (17122, 317, 28, '2026-03-14 16:13:16', '2026-03-14 16:13:16', 1);
INSERT INTO `room_facility` VALUES (17123, 318, 56, '2026-03-14 16:13:16', '2026-03-14 16:13:16', 1);
INSERT INTO `room_facility` VALUES (17124, 318, 30, '2026-03-14 16:13:16', '2026-03-14 16:13:16', 1);
INSERT INTO `room_facility` VALUES (17125, 318, 29, '2026-03-14 16:13:16', '2026-03-14 16:13:16', 1);
INSERT INTO `room_facility` VALUES (17126, 318, 28, '2026-03-14 16:13:16', '2026-03-14 16:13:16', 1);
INSERT INTO `room_facility` VALUES (17127, 319, 55, '2026-03-14 16:13:16', '2026-03-14 16:13:16', 1);
INSERT INTO `room_facility` VALUES (17128, 319, 50, '2026-03-14 16:13:16', '2026-03-14 16:13:16', 1);
INSERT INTO `room_facility` VALUES (17129, 319, 49, '2026-03-14 16:13:16', '2026-03-14 16:13:16', 1);
INSERT INTO `room_facility` VALUES (17130, 319, 28, '2026-03-14 16:13:16', '2026-03-14 16:13:16', 1);
INSERT INTO `room_facility` VALUES (17131, 320, 54, '2026-03-14 16:13:16', '2026-03-14 16:13:16', 1);
INSERT INTO `room_facility` VALUES (17132, 320, 49, '2026-03-14 16:13:16', '2026-03-14 16:13:16', 1);
INSERT INTO `room_facility` VALUES (17133, 320, 29, '2026-03-14 16:13:16', '2026-03-14 16:13:16', 1);
INSERT INTO `room_facility` VALUES (17134, 320, 28, '2026-03-14 16:13:16', '2026-03-14 16:13:16', 1);
INSERT INTO `room_facility` VALUES (17135, 321, 51, '2026-03-14 16:13:16', '2026-03-14 16:13:16', 1);
INSERT INTO `room_facility` VALUES (17136, 321, 30, '2026-03-14 16:13:16', '2026-03-14 16:13:16', 1);
INSERT INTO `room_facility` VALUES (17137, 321, 29, '2026-03-14 16:13:16', '2026-03-14 16:13:16', 1);
INSERT INTO `room_facility` VALUES (17138, 321, 28, '2026-03-14 16:13:16', '2026-03-14 16:13:16', 1);
INSERT INTO `room_facility` VALUES (17139, 322, 56, '2026-03-14 16:13:16', '2026-03-14 16:13:16', 1);
INSERT INTO `room_facility` VALUES (17140, 322, 30, '2026-03-14 16:13:16', '2026-03-14 16:13:16', 1);
INSERT INTO `room_facility` VALUES (17141, 322, 29, '2026-03-14 16:13:16', '2026-03-14 16:13:16', 1);
INSERT INTO `room_facility` VALUES (17142, 322, 28, '2026-03-14 16:13:16', '2026-03-14 16:13:16', 1);
INSERT INTO `room_facility` VALUES (17198, 273, 28, '2026-03-15 17:25:38', NULL, 1);
INSERT INTO `room_facility` VALUES (17199, 273, 29, '2026-03-15 17:25:38', NULL, 1);
INSERT INTO `room_facility` VALUES (17200, 273, 49, '2026-03-15 17:25:38', NULL, 1);
INSERT INTO `room_facility` VALUES (17201, 273, 55, '2026-03-15 17:25:38', NULL, 1);
INSERT INTO `room_facility` VALUES (17202, 2, 28, '2026-03-15 17:27:11', NULL, 1);
INSERT INTO `room_facility` VALUES (17203, 2, 29, '2026-03-15 17:27:11', NULL, 1);
INSERT INTO `room_facility` VALUES (17204, 2, 30, '2026-03-15 17:27:11', NULL, 1);
INSERT INTO `room_facility` VALUES (17205, 2, 48, '2026-03-15 17:27:11', NULL, 1);
INSERT INTO `room_facility` VALUES (17206, 2, 49, '2026-03-15 17:27:11', NULL, 1);
INSERT INTO `room_facility` VALUES (17207, 2, 50, '2026-03-15 17:27:11', NULL, 1);
INSERT INTO `room_facility` VALUES (17208, 2, 51, '2026-03-15 17:27:11', NULL, 1);
INSERT INTO `room_facility` VALUES (17209, 2, 52, '2026-03-15 17:27:11', NULL, 1);
INSERT INTO `room_facility` VALUES (17210, 2, 53, '2026-03-15 17:27:11', NULL, 1);
INSERT INTO `room_facility` VALUES (17211, 2, 54, '2026-03-15 17:27:11', NULL, 1);
INSERT INTO `room_facility` VALUES (17212, 2, 55, '2026-03-15 17:27:11', NULL, 1);
INSERT INTO `room_facility` VALUES (17213, 2, 56, '2026-03-15 17:27:11', NULL, 1);
INSERT INTO `room_facility` VALUES (17214, 2, 28, '2026-03-15 17:45:08', NULL, 1);
INSERT INTO `room_facility` VALUES (17215, 2, 29, '2026-03-15 17:45:09', NULL, 1);
INSERT INTO `room_facility` VALUES (17216, 2, 30, '2026-03-15 17:45:09', NULL, 1);
INSERT INTO `room_facility` VALUES (17217, 2, 48, '2026-03-15 17:45:09', NULL, 1);
INSERT INTO `room_facility` VALUES (17218, 2, 49, '2026-03-15 17:45:09', NULL, 1);
INSERT INTO `room_facility` VALUES (17219, 2, 50, '2026-03-15 17:45:09', NULL, 1);
INSERT INTO `room_facility` VALUES (17220, 2, 51, '2026-03-15 17:45:09', NULL, 1);
INSERT INTO `room_facility` VALUES (17221, 2, 52, '2026-03-15 17:45:09', NULL, 1);
INSERT INTO `room_facility` VALUES (17222, 2, 53, '2026-03-15 17:45:09', NULL, 1);
INSERT INTO `room_facility` VALUES (17223, 2, 54, '2026-03-15 17:45:09', NULL, 1);
INSERT INTO `room_facility` VALUES (17224, 2, 55, '2026-03-15 17:45:09', NULL, 1);
INSERT INTO `room_facility` VALUES (17225, 2, 56, '2026-03-15 17:45:09', NULL, 1);
INSERT INTO `room_facility` VALUES (17226, 2, 28, '2026-03-15 17:59:14', NULL, 1);
INSERT INTO `room_facility` VALUES (17227, 2, 29, '2026-03-15 17:59:14', NULL, 1);
INSERT INTO `room_facility` VALUES (17228, 2, 30, '2026-03-15 17:59:14', NULL, 1);
INSERT INTO `room_facility` VALUES (17229, 2, 48, '2026-03-15 17:59:14', NULL, 1);
INSERT INTO `room_facility` VALUES (17230, 2, 49, '2026-03-15 17:59:14', NULL, 1);
INSERT INTO `room_facility` VALUES (17231, 2, 50, '2026-03-15 17:59:14', NULL, 1);
INSERT INTO `room_facility` VALUES (17232, 2, 51, '2026-03-15 17:59:14', NULL, 1);
INSERT INTO `room_facility` VALUES (17233, 2, 52, '2026-03-15 17:59:14', NULL, 1);
INSERT INTO `room_facility` VALUES (17234, 2, 53, '2026-03-15 17:59:14', NULL, 1);
INSERT INTO `room_facility` VALUES (17235, 2, 54, '2026-03-15 17:59:14', NULL, 1);
INSERT INTO `room_facility` VALUES (17236, 2, 55, '2026-03-15 17:59:14', NULL, 1);
INSERT INTO `room_facility` VALUES (17237, 2, 56, '2026-03-15 17:59:14', NULL, 1);
INSERT INTO `room_facility` VALUES (17238, 2, 28, '2026-03-15 21:07:11', NULL, 1);
INSERT INTO `room_facility` VALUES (17239, 2, 29, '2026-03-15 21:07:11', NULL, 1);
INSERT INTO `room_facility` VALUES (17240, 2, 30, '2026-03-15 21:07:11', NULL, 1);
INSERT INTO `room_facility` VALUES (17241, 2, 48, '2026-03-15 21:07:11', NULL, 1);
INSERT INTO `room_facility` VALUES (17242, 2, 49, '2026-03-15 21:07:11', NULL, 1);
INSERT INTO `room_facility` VALUES (17243, 2, 50, '2026-03-15 21:07:11', NULL, 1);
INSERT INTO `room_facility` VALUES (17244, 2, 51, '2026-03-15 21:07:11', NULL, 1);
INSERT INTO `room_facility` VALUES (17245, 2, 52, '2026-03-15 21:07:11', NULL, 1);
INSERT INTO `room_facility` VALUES (17246, 2, 53, '2026-03-15 21:07:11', NULL, 1);
INSERT INTO `room_facility` VALUES (17247, 2, 54, '2026-03-15 21:07:11', NULL, 1);
INSERT INTO `room_facility` VALUES (17248, 2, 55, '2026-03-15 21:07:11', NULL, 1);
INSERT INTO `room_facility` VALUES (17249, 2, 56, '2026-03-15 21:07:11', NULL, 1);
INSERT INTO `room_facility` VALUES (17250, 2, 28, '2026-03-15 21:16:55', NULL, 1);
INSERT INTO `room_facility` VALUES (17251, 2, 29, '2026-03-15 21:16:55', NULL, 1);
INSERT INTO `room_facility` VALUES (17252, 2, 30, '2026-03-15 21:16:55', NULL, 1);
INSERT INTO `room_facility` VALUES (17253, 2, 48, '2026-03-15 21:16:55', NULL, 1);
INSERT INTO `room_facility` VALUES (17254, 2, 49, '2026-03-15 21:16:55', NULL, 1);
INSERT INTO `room_facility` VALUES (17255, 2, 50, '2026-03-15 21:16:55', NULL, 1);
INSERT INTO `room_facility` VALUES (17256, 2, 51, '2026-03-15 21:16:55', NULL, 1);
INSERT INTO `room_facility` VALUES (17257, 2, 52, '2026-03-15 21:16:55', NULL, 1);
INSERT INTO `room_facility` VALUES (17258, 2, 53, '2026-03-15 21:16:55', NULL, 1);
INSERT INTO `room_facility` VALUES (17259, 2, 54, '2026-03-15 21:16:55', NULL, 1);
INSERT INTO `room_facility` VALUES (17260, 2, 55, '2026-03-15 21:16:55', NULL, 1);
INSERT INTO `room_facility` VALUES (17261, 2, 56, '2026-03-15 21:16:55', NULL, 1);
INSERT INTO `room_facility` VALUES (17262, 273, 28, '2026-03-16 15:01:55', NULL, 1);
INSERT INTO `room_facility` VALUES (17263, 273, 29, '2026-03-16 15:01:55', NULL, 1);
INSERT INTO `room_facility` VALUES (17264, 273, 49, '2026-03-16 15:01:55', NULL, 1);
INSERT INTO `room_facility` VALUES (17265, 273, 55, '2026-03-16 15:01:55', NULL, 1);
INSERT INTO `room_facility` VALUES (17266, 306, 28, '2026-03-16 15:02:25', NULL, 1);
INSERT INTO `room_facility` VALUES (17267, 306, 29, '2026-03-16 15:02:25', NULL, 1);
INSERT INTO `room_facility` VALUES (17268, 306, 48, '2026-03-16 15:02:25', NULL, 1);
INSERT INTO `room_facility` VALUES (17269, 306, 49, '2026-03-16 15:02:25', NULL, 1);
INSERT INTO `room_facility` VALUES (17270, 274, 28, '2026-03-16 15:02:43', NULL, 1);
INSERT INTO `room_facility` VALUES (17271, 274, 29, '2026-03-16 15:02:43', NULL, 1);
INSERT INTO `room_facility` VALUES (17272, 274, 30, '2026-03-16 15:02:43', NULL, 1);
INSERT INTO `room_facility` VALUES (17273, 274, 49, '2026-03-16 15:02:43', NULL, 1);
INSERT INTO `room_facility` VALUES (17274, 293, 28, '2026-03-16 15:03:45', NULL, 1);
INSERT INTO `room_facility` VALUES (17275, 293, 29, '2026-03-16 15:03:45', NULL, 1);
INSERT INTO `room_facility` VALUES (17276, 293, 49, '2026-03-16 15:03:45', NULL, 1);
INSERT INTO `room_facility` VALUES (17277, 293, 55, '2026-03-16 15:03:45', NULL, 1);
INSERT INTO `room_facility` VALUES (17278, 3, 28, '2026-03-16 15:04:03', NULL, 1);
INSERT INTO `room_facility` VALUES (17279, 3, 29, '2026-03-16 15:04:03', NULL, 1);
INSERT INTO `room_facility` VALUES (17280, 3, 30, '2026-03-16 15:04:03', NULL, 1);
INSERT INTO `room_facility` VALUES (17281, 3, 48, '2026-03-16 15:04:03', NULL, 1);
INSERT INTO `room_facility` VALUES (17282, 3, 49, '2026-03-16 15:04:03', NULL, 1);
INSERT INTO `room_facility` VALUES (17283, 3, 50, '2026-03-16 15:04:03', NULL, 1);
INSERT INTO `room_facility` VALUES (17284, 3, 51, '2026-03-16 15:04:03', NULL, 1);
INSERT INTO `room_facility` VALUES (17285, 3, 52, '2026-03-16 15:04:03', NULL, 1);
INSERT INTO `room_facility` VALUES (17286, 3, 53, '2026-03-16 15:04:03', NULL, 1);
INSERT INTO `room_facility` VALUES (17287, 3, 54, '2026-03-16 15:04:03', NULL, 1);
INSERT INTO `room_facility` VALUES (17288, 3, 55, '2026-03-16 15:04:03', NULL, 1);
INSERT INTO `room_facility` VALUES (17289, 3, 56, '2026-03-16 15:04:03', NULL, 1);
INSERT INTO `room_facility` VALUES (17290, 8, 28, '2026-03-16 15:04:13', NULL, 1);
INSERT INTO `room_facility` VALUES (17291, 8, 29, '2026-03-16 15:04:13', NULL, 1);
INSERT INTO `room_facility` VALUES (17292, 8, 30, '2026-03-16 15:04:13', NULL, 1);
INSERT INTO `room_facility` VALUES (17293, 8, 48, '2026-03-16 15:04:13', NULL, 1);
INSERT INTO `room_facility` VALUES (17294, 8, 49, '2026-03-16 15:04:13', NULL, 1);
INSERT INTO `room_facility` VALUES (17295, 8, 50, '2026-03-16 15:04:13', NULL, 1);
INSERT INTO `room_facility` VALUES (17296, 8, 51, '2026-03-16 15:04:13', NULL, 1);
INSERT INTO `room_facility` VALUES (17297, 8, 52, '2026-03-16 15:04:13', NULL, 1);
INSERT INTO `room_facility` VALUES (17298, 8, 53, '2026-03-16 15:04:13', NULL, 1);
INSERT INTO `room_facility` VALUES (17299, 8, 54, '2026-03-16 15:04:13', NULL, 1);
INSERT INTO `room_facility` VALUES (17300, 8, 55, '2026-03-16 15:04:13', NULL, 1);
INSERT INTO `room_facility` VALUES (17301, 8, 56, '2026-03-16 15:04:13', NULL, 1);
INSERT INTO `room_facility` VALUES (17302, 10, 28, '2026-03-16 15:04:22', NULL, 1);
INSERT INTO `room_facility` VALUES (17303, 10, 29, '2026-03-16 15:04:22', NULL, 1);
INSERT INTO `room_facility` VALUES (17304, 10, 30, '2026-03-16 15:04:22', NULL, 1);
INSERT INTO `room_facility` VALUES (17305, 10, 48, '2026-03-16 15:04:22', NULL, 1);
INSERT INTO `room_facility` VALUES (17306, 10, 49, '2026-03-16 15:04:22', NULL, 1);
INSERT INTO `room_facility` VALUES (17307, 10, 50, '2026-03-16 15:04:22', NULL, 1);
INSERT INTO `room_facility` VALUES (17308, 10, 51, '2026-03-16 15:04:22', NULL, 1);
INSERT INTO `room_facility` VALUES (17309, 10, 52, '2026-03-16 15:04:22', NULL, 1);
INSERT INTO `room_facility` VALUES (17310, 10, 53, '2026-03-16 15:04:22', NULL, 1);
INSERT INTO `room_facility` VALUES (17311, 10, 54, '2026-03-16 15:04:22', NULL, 1);
INSERT INTO `room_facility` VALUES (17312, 10, 55, '2026-03-16 15:04:22', NULL, 1);
INSERT INTO `room_facility` VALUES (17313, 10, 56, '2026-03-16 15:04:22', NULL, 1);
INSERT INTO `room_facility` VALUES (17314, 9, 28, '2026-03-16 15:04:31', NULL, 1);
INSERT INTO `room_facility` VALUES (17315, 9, 29, '2026-03-16 15:04:31', NULL, 1);
INSERT INTO `room_facility` VALUES (17316, 9, 30, '2026-03-16 15:04:31', NULL, 1);
INSERT INTO `room_facility` VALUES (17317, 9, 48, '2026-03-16 15:04:31', NULL, 1);
INSERT INTO `room_facility` VALUES (17318, 9, 49, '2026-03-16 15:04:31', NULL, 1);
INSERT INTO `room_facility` VALUES (17319, 9, 50, '2026-03-16 15:04:31', NULL, 1);
INSERT INTO `room_facility` VALUES (17320, 9, 51, '2026-03-16 15:04:31', NULL, 1);
INSERT INTO `room_facility` VALUES (17321, 9, 52, '2026-03-16 15:04:31', NULL, 1);
INSERT INTO `room_facility` VALUES (17322, 9, 53, '2026-03-16 15:04:31', NULL, 1);
INSERT INTO `room_facility` VALUES (17323, 9, 54, '2026-03-16 15:04:31', NULL, 1);
INSERT INTO `room_facility` VALUES (17324, 9, 55, '2026-03-16 15:04:31', NULL, 1);
INSERT INTO `room_facility` VALUES (17325, 9, 56, '2026-03-16 15:04:31', NULL, 1);
INSERT INTO `room_facility` VALUES (17326, 11, 28, '2026-03-16 15:04:43', NULL, 1);
INSERT INTO `room_facility` VALUES (17327, 11, 29, '2026-03-16 15:04:43', NULL, 1);
INSERT INTO `room_facility` VALUES (17328, 11, 30, '2026-03-16 15:04:43', NULL, 1);
INSERT INTO `room_facility` VALUES (17329, 11, 48, '2026-03-16 15:04:43', NULL, 1);
INSERT INTO `room_facility` VALUES (17330, 11, 49, '2026-03-16 15:04:43', NULL, 1);
INSERT INTO `room_facility` VALUES (17331, 11, 50, '2026-03-16 15:04:43', NULL, 1);
INSERT INTO `room_facility` VALUES (17332, 11, 51, '2026-03-16 15:04:43', NULL, 1);
INSERT INTO `room_facility` VALUES (17333, 11, 52, '2026-03-16 15:04:43', NULL, 1);
INSERT INTO `room_facility` VALUES (17334, 11, 53, '2026-03-16 15:04:43', NULL, 1);
INSERT INTO `room_facility` VALUES (17335, 11, 54, '2026-03-16 15:04:43', NULL, 1);
INSERT INTO `room_facility` VALUES (17336, 11, 55, '2026-03-16 15:04:43', NULL, 1);
INSERT INTO `room_facility` VALUES (17337, 11, 56, '2026-03-16 15:04:43', NULL, 1);
INSERT INTO `room_facility` VALUES (17338, 12, 28, '2026-03-16 15:05:13', NULL, 1);
INSERT INTO `room_facility` VALUES (17339, 12, 29, '2026-03-16 15:05:13', NULL, 1);
INSERT INTO `room_facility` VALUES (17340, 12, 30, '2026-03-16 15:05:13', NULL, 1);
INSERT INTO `room_facility` VALUES (17341, 12, 48, '2026-03-16 15:05:13', NULL, 1);
INSERT INTO `room_facility` VALUES (17342, 12, 49, '2026-03-16 15:05:13', NULL, 1);
INSERT INTO `room_facility` VALUES (17343, 12, 50, '2026-03-16 15:05:13', NULL, 1);
INSERT INTO `room_facility` VALUES (17344, 12, 51, '2026-03-16 15:05:13', NULL, 1);
INSERT INTO `room_facility` VALUES (17345, 12, 52, '2026-03-16 15:05:13', NULL, 1);
INSERT INTO `room_facility` VALUES (17346, 12, 53, '2026-03-16 15:05:13', NULL, 1);
INSERT INTO `room_facility` VALUES (17347, 12, 54, '2026-03-16 15:05:13', NULL, 1);
INSERT INTO `room_facility` VALUES (17348, 12, 55, '2026-03-16 15:05:13', NULL, 1);
INSERT INTO `room_facility` VALUES (17349, 12, 56, '2026-03-16 15:05:13', NULL, 1);
INSERT INTO `room_facility` VALUES (17350, 13, 28, '2026-03-16 15:05:25', NULL, 1);
INSERT INTO `room_facility` VALUES (17351, 13, 29, '2026-03-16 15:05:25', NULL, 1);
INSERT INTO `room_facility` VALUES (17352, 13, 30, '2026-03-16 15:05:25', NULL, 1);
INSERT INTO `room_facility` VALUES (17353, 13, 48, '2026-03-16 15:05:25', NULL, 1);
INSERT INTO `room_facility` VALUES (17354, 13, 49, '2026-03-16 15:05:25', NULL, 1);
INSERT INTO `room_facility` VALUES (17355, 13, 50, '2026-03-16 15:05:25', NULL, 1);
INSERT INTO `room_facility` VALUES (17356, 13, 51, '2026-03-16 15:05:25', NULL, 1);
INSERT INTO `room_facility` VALUES (17357, 13, 52, '2026-03-16 15:05:25', NULL, 1);
INSERT INTO `room_facility` VALUES (17358, 13, 53, '2026-03-16 15:05:25', NULL, 1);
INSERT INTO `room_facility` VALUES (17359, 13, 54, '2026-03-16 15:05:25', NULL, 1);
INSERT INTO `room_facility` VALUES (17360, 13, 55, '2026-03-16 15:05:25', NULL, 1);
INSERT INTO `room_facility` VALUES (17361, 13, 56, '2026-03-16 15:05:25', NULL, 1);
INSERT INTO `room_facility` VALUES (17362, 14, 28, '2026-03-16 15:05:38', NULL, 1);
INSERT INTO `room_facility` VALUES (17363, 14, 29, '2026-03-16 15:05:38', NULL, 1);
INSERT INTO `room_facility` VALUES (17364, 14, 30, '2026-03-16 15:05:38', NULL, 1);
INSERT INTO `room_facility` VALUES (17365, 14, 48, '2026-03-16 15:05:38', NULL, 1);
INSERT INTO `room_facility` VALUES (17366, 14, 49, '2026-03-16 15:05:38', NULL, 1);
INSERT INTO `room_facility` VALUES (17367, 14, 50, '2026-03-16 15:05:38', NULL, 1);
INSERT INTO `room_facility` VALUES (17368, 14, 51, '2026-03-16 15:05:38', NULL, 1);
INSERT INTO `room_facility` VALUES (17369, 14, 52, '2026-03-16 15:05:38', NULL, 1);
INSERT INTO `room_facility` VALUES (17370, 14, 53, '2026-03-16 15:05:38', NULL, 1);
INSERT INTO `room_facility` VALUES (17371, 14, 54, '2026-03-16 15:05:38', NULL, 1);
INSERT INTO `room_facility` VALUES (17372, 14, 55, '2026-03-16 15:05:38', NULL, 1);
INSERT INTO `room_facility` VALUES (17373, 14, 56, '2026-03-16 15:05:38', NULL, 1);
INSERT INTO `room_facility` VALUES (17374, 15, 28, '2026-03-16 15:30:03', NULL, 1);
INSERT INTO `room_facility` VALUES (17375, 15, 29, '2026-03-16 15:30:03', NULL, 1);
INSERT INTO `room_facility` VALUES (17376, 15, 30, '2026-03-16 15:30:03', NULL, 1);
INSERT INTO `room_facility` VALUES (17377, 15, 48, '2026-03-16 15:30:03', NULL, 1);
INSERT INTO `room_facility` VALUES (17378, 15, 49, '2026-03-16 15:30:03', NULL, 1);
INSERT INTO `room_facility` VALUES (17379, 15, 50, '2026-03-16 15:30:03', NULL, 1);
INSERT INTO `room_facility` VALUES (17380, 15, 51, '2026-03-16 15:30:03', NULL, 1);
INSERT INTO `room_facility` VALUES (17381, 15, 52, '2026-03-16 15:30:03', NULL, 1);
INSERT INTO `room_facility` VALUES (17382, 15, 53, '2026-03-16 15:30:03', NULL, 1);
INSERT INTO `room_facility` VALUES (17383, 15, 54, '2026-03-16 15:30:03', NULL, 1);
INSERT INTO `room_facility` VALUES (17384, 15, 55, '2026-03-16 15:30:03', NULL, 1);
INSERT INTO `room_facility` VALUES (17385, 15, 56, '2026-03-16 15:30:03', NULL, 1);
INSERT INTO `room_facility` VALUES (17386, 16, 28, '2026-03-16 15:45:09', NULL, 1);
INSERT INTO `room_facility` VALUES (17387, 16, 29, '2026-03-16 15:45:09', NULL, 1);
INSERT INTO `room_facility` VALUES (17388, 16, 30, '2026-03-16 15:45:09', NULL, 1);
INSERT INTO `room_facility` VALUES (17389, 16, 48, '2026-03-16 15:45:09', NULL, 1);
INSERT INTO `room_facility` VALUES (17390, 16, 49, '2026-03-16 15:45:09', NULL, 1);
INSERT INTO `room_facility` VALUES (17391, 16, 50, '2026-03-16 15:45:09', NULL, 1);
INSERT INTO `room_facility` VALUES (17392, 16, 51, '2026-03-16 15:45:09', NULL, 1);
INSERT INTO `room_facility` VALUES (17393, 16, 52, '2026-03-16 15:45:09', NULL, 1);
INSERT INTO `room_facility` VALUES (17394, 16, 53, '2026-03-16 15:45:09', NULL, 1);
INSERT INTO `room_facility` VALUES (17395, 16, 54, '2026-03-16 15:45:09', NULL, 1);
INSERT INTO `room_facility` VALUES (17396, 16, 55, '2026-03-16 15:45:09', NULL, 1);
INSERT INTO `room_facility` VALUES (17397, 16, 56, '2026-03-16 15:45:09', NULL, 1);
INSERT INTO `room_facility` VALUES (17398, 313, 28, '2026-03-16 15:53:47', NULL, 0);
INSERT INTO `room_facility` VALUES (17399, 313, 29, '2026-03-16 15:53:47', NULL, 0);
INSERT INTO `room_facility` VALUES (17400, 313, 49, '2026-03-16 15:53:47', NULL, 0);
INSERT INTO `room_facility` VALUES (17401, 313, 55, '2026-03-16 15:53:47', NULL, 0);
INSERT INTO `room_facility` VALUES (17402, 314, 28, '2026-03-16 15:53:48', NULL, 0);
INSERT INTO `room_facility` VALUES (17403, 314, 29, '2026-03-16 15:53:48', NULL, 0);
INSERT INTO `room_facility` VALUES (17404, 314, 30, '2026-03-16 15:53:48', NULL, 0);
INSERT INTO `room_facility` VALUES (17405, 314, 49, '2026-03-16 15:53:48', NULL, 0);
INSERT INTO `room_facility` VALUES (17406, 315, 28, '2026-03-16 15:53:49', NULL, 0);
INSERT INTO `room_facility` VALUES (17407, 315, 29, '2026-03-16 15:53:49', NULL, 0);
INSERT INTO `room_facility` VALUES (17408, 315, 50, '2026-03-16 15:53:49', NULL, 0);
INSERT INTO `room_facility` VALUES (17409, 315, 54, '2026-03-16 15:53:49', NULL, 0);
INSERT INTO `room_facility` VALUES (17410, 316, 28, '2026-03-16 15:53:50', NULL, 0);
INSERT INTO `room_facility` VALUES (17411, 316, 29, '2026-03-16 15:53:50', NULL, 0);
INSERT INTO `room_facility` VALUES (17412, 316, 48, '2026-03-16 15:53:50', NULL, 0);
INSERT INTO `room_facility` VALUES (17413, 316, 49, '2026-03-16 15:53:50', NULL, 0);
INSERT INTO `room_facility` VALUES (17414, 317, 28, '2026-03-16 15:53:50', NULL, 0);
INSERT INTO `room_facility` VALUES (17415, 317, 30, '2026-03-16 15:53:50', NULL, 0);
INSERT INTO `room_facility` VALUES (17416, 317, 49, '2026-03-16 15:53:50', NULL, 0);
INSERT INTO `room_facility` VALUES (17417, 317, 55, '2026-03-16 15:53:50', NULL, 0);
INSERT INTO `room_facility` VALUES (17418, 318, 28, '2026-03-16 15:53:51', NULL, 0);
INSERT INTO `room_facility` VALUES (17419, 318, 29, '2026-03-16 15:53:51', NULL, 0);
INSERT INTO `room_facility` VALUES (17420, 318, 30, '2026-03-16 15:53:51', NULL, 0);
INSERT INTO `room_facility` VALUES (17421, 318, 56, '2026-03-16 15:53:51', NULL, 0);
INSERT INTO `room_facility` VALUES (17422, 319, 28, '2026-03-16 15:53:52', NULL, 0);
INSERT INTO `room_facility` VALUES (17423, 319, 49, '2026-03-16 15:53:52', NULL, 0);
INSERT INTO `room_facility` VALUES (17424, 319, 50, '2026-03-16 15:53:52', NULL, 0);
INSERT INTO `room_facility` VALUES (17425, 319, 55, '2026-03-16 15:53:52', NULL, 0);
INSERT INTO `room_facility` VALUES (17426, 320, 28, '2026-03-16 15:53:53', NULL, 0);
INSERT INTO `room_facility` VALUES (17427, 320, 29, '2026-03-16 15:53:53', NULL, 0);
INSERT INTO `room_facility` VALUES (17428, 320, 49, '2026-03-16 15:53:53', NULL, 0);
INSERT INTO `room_facility` VALUES (17429, 320, 54, '2026-03-16 15:53:53', NULL, 0);
INSERT INTO `room_facility` VALUES (17430, 321, 28, '2026-03-16 15:53:53', NULL, 0);
INSERT INTO `room_facility` VALUES (17431, 321, 29, '2026-03-16 15:53:53', NULL, 0);
INSERT INTO `room_facility` VALUES (17432, 321, 30, '2026-03-16 15:53:53', NULL, 0);
INSERT INTO `room_facility` VALUES (17433, 321, 51, '2026-03-16 15:53:53', NULL, 0);
INSERT INTO `room_facility` VALUES (17434, 322, 28, '2026-03-16 15:53:54', NULL, 0);
INSERT INTO `room_facility` VALUES (17435, 322, 29, '2026-03-16 15:53:54', NULL, 0);
INSERT INTO `room_facility` VALUES (17436, 322, 30, '2026-03-16 15:53:54', NULL, 0);
INSERT INTO `room_facility` VALUES (17437, 322, 56, '2026-03-16 15:53:54', NULL, 0);
INSERT INTO `room_facility` VALUES (17438, 273, 28, '2026-03-16 15:55:32', NULL, 0);
INSERT INTO `room_facility` VALUES (17439, 273, 29, '2026-03-16 15:55:32', NULL, 0);
INSERT INTO `room_facility` VALUES (17440, 273, 49, '2026-03-16 15:55:32', NULL, 0);
INSERT INTO `room_facility` VALUES (17441, 273, 55, '2026-03-16 15:55:32', NULL, 0);
INSERT INTO `room_facility` VALUES (17442, 274, 28, '2026-03-16 15:55:32', NULL, 0);
INSERT INTO `room_facility` VALUES (17443, 274, 29, '2026-03-16 15:55:32', NULL, 0);
INSERT INTO `room_facility` VALUES (17444, 274, 30, '2026-03-16 15:55:32', NULL, 0);
INSERT INTO `room_facility` VALUES (17445, 274, 49, '2026-03-16 15:55:32', NULL, 0);
INSERT INTO `room_facility` VALUES (17446, 275, 28, '2026-03-16 15:55:33', NULL, 0);
INSERT INTO `room_facility` VALUES (17447, 275, 29, '2026-03-16 15:55:33', NULL, 0);
INSERT INTO `room_facility` VALUES (17448, 275, 50, '2026-03-16 15:55:33', NULL, 0);
INSERT INTO `room_facility` VALUES (17449, 275, 54, '2026-03-16 15:55:33', NULL, 0);
INSERT INTO `room_facility` VALUES (17450, 276, 28, '2026-03-16 15:55:34', NULL, 0);
INSERT INTO `room_facility` VALUES (17451, 276, 29, '2026-03-16 15:55:34', NULL, 0);
INSERT INTO `room_facility` VALUES (17452, 276, 48, '2026-03-16 15:55:34', NULL, 0);
INSERT INTO `room_facility` VALUES (17453, 276, 49, '2026-03-16 15:55:34', NULL, 0);
INSERT INTO `room_facility` VALUES (17454, 277, 28, '2026-03-16 15:55:35', NULL, 0);
INSERT INTO `room_facility` VALUES (17455, 277, 30, '2026-03-16 15:55:35', NULL, 0);
INSERT INTO `room_facility` VALUES (17456, 277, 49, '2026-03-16 15:55:35', NULL, 0);
INSERT INTO `room_facility` VALUES (17457, 277, 55, '2026-03-16 15:55:35', NULL, 0);
INSERT INTO `room_facility` VALUES (17458, 278, 28, '2026-03-16 15:55:36', NULL, 0);
INSERT INTO `room_facility` VALUES (17459, 278, 29, '2026-03-16 15:55:36', NULL, 0);
INSERT INTO `room_facility` VALUES (17460, 278, 30, '2026-03-16 15:55:36', NULL, 0);
INSERT INTO `room_facility` VALUES (17461, 278, 56, '2026-03-16 15:55:36', NULL, 0);
INSERT INTO `room_facility` VALUES (17462, 279, 28, '2026-03-16 15:55:37', NULL, 0);
INSERT INTO `room_facility` VALUES (17463, 279, 49, '2026-03-16 15:55:37', NULL, 0);
INSERT INTO `room_facility` VALUES (17464, 279, 50, '2026-03-16 15:55:37', NULL, 0);
INSERT INTO `room_facility` VALUES (17465, 279, 55, '2026-03-16 15:55:37', NULL, 0);
INSERT INTO `room_facility` VALUES (17466, 280, 28, '2026-03-16 15:55:38', NULL, 0);
INSERT INTO `room_facility` VALUES (17467, 280, 29, '2026-03-16 15:55:38', NULL, 0);
INSERT INTO `room_facility` VALUES (17468, 280, 49, '2026-03-16 15:55:38', NULL, 0);
INSERT INTO `room_facility` VALUES (17469, 280, 54, '2026-03-16 15:55:38', NULL, 0);
INSERT INTO `room_facility` VALUES (17470, 281, 28, '2026-03-16 15:55:39', NULL, 0);
INSERT INTO `room_facility` VALUES (17471, 281, 29, '2026-03-16 15:55:39', NULL, 0);
INSERT INTO `room_facility` VALUES (17472, 281, 30, '2026-03-16 15:55:39', NULL, 0);
INSERT INTO `room_facility` VALUES (17473, 281, 51, '2026-03-16 15:55:39', NULL, 0);
INSERT INTO `room_facility` VALUES (17474, 282, 28, '2026-03-16 15:55:39', NULL, 0);
INSERT INTO `room_facility` VALUES (17475, 282, 29, '2026-03-16 15:55:39', NULL, 0);
INSERT INTO `room_facility` VALUES (17476, 282, 30, '2026-03-16 15:55:39', NULL, 0);
INSERT INTO `room_facility` VALUES (17477, 282, 56, '2026-03-16 15:55:39', NULL, 0);
INSERT INTO `room_facility` VALUES (17478, 306, 28, '2026-03-16 15:56:29', NULL, 0);
INSERT INTO `room_facility` VALUES (17479, 306, 29, '2026-03-16 15:56:29', NULL, 0);
INSERT INTO `room_facility` VALUES (17480, 306, 48, '2026-03-16 15:56:29', NULL, 0);
INSERT INTO `room_facility` VALUES (17481, 306, 49, '2026-03-16 15:56:29', NULL, 0);
INSERT INTO `room_facility` VALUES (17482, 303, 28, '2026-03-16 15:56:30', NULL, 0);
INSERT INTO `room_facility` VALUES (17483, 303, 29, '2026-03-16 15:56:30', NULL, 0);
INSERT INTO `room_facility` VALUES (17484, 303, 49, '2026-03-16 15:56:30', NULL, 0);
INSERT INTO `room_facility` VALUES (17485, 303, 55, '2026-03-16 15:56:30', NULL, 0);
INSERT INTO `room_facility` VALUES (17486, 304, 28, '2026-03-16 15:56:31', NULL, 0);
INSERT INTO `room_facility` VALUES (17487, 304, 29, '2026-03-16 15:56:31', NULL, 0);
INSERT INTO `room_facility` VALUES (17488, 304, 30, '2026-03-16 15:56:31', NULL, 0);
INSERT INTO `room_facility` VALUES (17489, 304, 49, '2026-03-16 15:56:31', NULL, 0);
INSERT INTO `room_facility` VALUES (17490, 305, 28, '2026-03-16 15:56:32', NULL, 0);
INSERT INTO `room_facility` VALUES (17491, 305, 29, '2026-03-16 15:56:32', NULL, 0);
INSERT INTO `room_facility` VALUES (17492, 305, 50, '2026-03-16 15:56:32', NULL, 0);
INSERT INTO `room_facility` VALUES (17493, 305, 54, '2026-03-16 15:56:32', NULL, 0);
INSERT INTO `room_facility` VALUES (17494, 307, 28, '2026-03-16 15:56:33', NULL, 0);
INSERT INTO `room_facility` VALUES (17495, 307, 30, '2026-03-16 15:56:33', NULL, 0);
INSERT INTO `room_facility` VALUES (17496, 307, 49, '2026-03-16 15:56:33', NULL, 0);
INSERT INTO `room_facility` VALUES (17497, 307, 55, '2026-03-16 15:56:33', NULL, 0);
INSERT INTO `room_facility` VALUES (17498, 308, 28, '2026-03-16 15:56:34', NULL, 0);
INSERT INTO `room_facility` VALUES (17499, 308, 29, '2026-03-16 15:56:34', NULL, 0);
INSERT INTO `room_facility` VALUES (17500, 308, 30, '2026-03-16 15:56:34', NULL, 0);
INSERT INTO `room_facility` VALUES (17501, 308, 56, '2026-03-16 15:56:34', NULL, 0);
INSERT INTO `room_facility` VALUES (17502, 309, 28, '2026-03-16 15:56:34', NULL, 0);
INSERT INTO `room_facility` VALUES (17503, 309, 49, '2026-03-16 15:56:34', NULL, 0);
INSERT INTO `room_facility` VALUES (17504, 309, 50, '2026-03-16 15:56:34', NULL, 0);
INSERT INTO `room_facility` VALUES (17505, 309, 55, '2026-03-16 15:56:34', NULL, 0);
INSERT INTO `room_facility` VALUES (17506, 310, 28, '2026-03-16 15:56:35', NULL, 0);
INSERT INTO `room_facility` VALUES (17507, 310, 29, '2026-03-16 15:56:35', NULL, 0);
INSERT INTO `room_facility` VALUES (17508, 310, 49, '2026-03-16 15:56:35', NULL, 0);
INSERT INTO `room_facility` VALUES (17509, 310, 54, '2026-03-16 15:56:35', NULL, 0);
INSERT INTO `room_facility` VALUES (17510, 311, 28, '2026-03-16 15:56:36', NULL, 0);
INSERT INTO `room_facility` VALUES (17511, 311, 29, '2026-03-16 15:56:36', NULL, 0);
INSERT INTO `room_facility` VALUES (17512, 311, 30, '2026-03-16 15:56:36', NULL, 0);
INSERT INTO `room_facility` VALUES (17513, 311, 51, '2026-03-16 15:56:36', NULL, 0);
INSERT INTO `room_facility` VALUES (17514, 312, 28, '2026-03-16 15:56:37', NULL, 0);
INSERT INTO `room_facility` VALUES (17515, 312, 29, '2026-03-16 15:56:37', NULL, 0);
INSERT INTO `room_facility` VALUES (17516, 312, 30, '2026-03-16 15:56:37', NULL, 0);
INSERT INTO `room_facility` VALUES (17517, 312, 56, '2026-03-16 15:56:37', NULL, 0);
INSERT INTO `room_facility` VALUES (17518, 293, 28, '2026-03-16 15:58:08', NULL, 0);
INSERT INTO `room_facility` VALUES (17519, 293, 29, '2026-03-16 15:58:08', NULL, 0);
INSERT INTO `room_facility` VALUES (17520, 293, 49, '2026-03-16 15:58:08', NULL, 0);
INSERT INTO `room_facility` VALUES (17521, 293, 55, '2026-03-16 15:58:08', NULL, 0);
INSERT INTO `room_facility` VALUES (17522, 294, 28, '2026-03-16 15:58:09', NULL, 0);
INSERT INTO `room_facility` VALUES (17523, 294, 29, '2026-03-16 15:58:09', NULL, 0);
INSERT INTO `room_facility` VALUES (17524, 294, 30, '2026-03-16 15:58:09', NULL, 0);
INSERT INTO `room_facility` VALUES (17525, 294, 49, '2026-03-16 15:58:09', NULL, 0);
INSERT INTO `room_facility` VALUES (17526, 295, 28, '2026-03-16 15:58:10', NULL, 0);
INSERT INTO `room_facility` VALUES (17527, 295, 29, '2026-03-16 15:58:10', NULL, 0);
INSERT INTO `room_facility` VALUES (17528, 295, 50, '2026-03-16 15:58:10', NULL, 0);
INSERT INTO `room_facility` VALUES (17529, 295, 54, '2026-03-16 15:58:10', NULL, 0);
INSERT INTO `room_facility` VALUES (17530, 296, 28, '2026-03-16 15:58:11', NULL, 0);
INSERT INTO `room_facility` VALUES (17531, 296, 29, '2026-03-16 15:58:11', NULL, 0);
INSERT INTO `room_facility` VALUES (17532, 296, 48, '2026-03-16 15:58:11', NULL, 0);
INSERT INTO `room_facility` VALUES (17533, 296, 49, '2026-03-16 15:58:11', NULL, 0);
INSERT INTO `room_facility` VALUES (17534, 297, 28, '2026-03-16 15:58:12', NULL, 0);
INSERT INTO `room_facility` VALUES (17535, 297, 30, '2026-03-16 15:58:12', NULL, 0);
INSERT INTO `room_facility` VALUES (17536, 297, 49, '2026-03-16 15:58:12', NULL, 0);
INSERT INTO `room_facility` VALUES (17537, 297, 55, '2026-03-16 15:58:12', NULL, 0);
INSERT INTO `room_facility` VALUES (17538, 298, 28, '2026-03-16 15:58:13', NULL, 0);
INSERT INTO `room_facility` VALUES (17539, 298, 29, '2026-03-16 15:58:13', NULL, 0);
INSERT INTO `room_facility` VALUES (17540, 298, 30, '2026-03-16 15:58:13', NULL, 0);
INSERT INTO `room_facility` VALUES (17541, 298, 56, '2026-03-16 15:58:13', NULL, 0);
INSERT INTO `room_facility` VALUES (17542, 299, 28, '2026-03-16 15:58:13', NULL, 0);
INSERT INTO `room_facility` VALUES (17543, 299, 49, '2026-03-16 15:58:13', NULL, 0);
INSERT INTO `room_facility` VALUES (17544, 299, 50, '2026-03-16 15:58:13', NULL, 0);
INSERT INTO `room_facility` VALUES (17545, 299, 55, '2026-03-16 15:58:13', NULL, 0);
INSERT INTO `room_facility` VALUES (17546, 300, 28, '2026-03-16 15:58:14', NULL, 0);
INSERT INTO `room_facility` VALUES (17547, 300, 29, '2026-03-16 15:58:14', NULL, 0);
INSERT INTO `room_facility` VALUES (17548, 300, 49, '2026-03-16 15:58:14', NULL, 0);
INSERT INTO `room_facility` VALUES (17549, 300, 54, '2026-03-16 15:58:14', NULL, 0);
INSERT INTO `room_facility` VALUES (17550, 301, 28, '2026-03-16 15:58:15', NULL, 0);
INSERT INTO `room_facility` VALUES (17551, 301, 29, '2026-03-16 15:58:15', NULL, 0);
INSERT INTO `room_facility` VALUES (17552, 301, 30, '2026-03-16 15:58:15', NULL, 0);
INSERT INTO `room_facility` VALUES (17553, 301, 51, '2026-03-16 15:58:15', NULL, 0);
INSERT INTO `room_facility` VALUES (17554, 302, 28, '2026-03-16 15:58:16', NULL, 0);
INSERT INTO `room_facility` VALUES (17555, 302, 29, '2026-03-16 15:58:16', NULL, 0);
INSERT INTO `room_facility` VALUES (17556, 302, 30, '2026-03-16 15:58:16', NULL, 0);
INSERT INTO `room_facility` VALUES (17557, 302, 56, '2026-03-16 15:58:16', NULL, 0);
INSERT INTO `room_facility` VALUES (17558, 2, 28, '2026-03-16 15:59:21', NULL, 0);
INSERT INTO `room_facility` VALUES (17559, 2, 29, '2026-03-16 15:59:21', NULL, 0);
INSERT INTO `room_facility` VALUES (17560, 2, 30, '2026-03-16 15:59:21', NULL, 0);
INSERT INTO `room_facility` VALUES (17561, 2, 48, '2026-03-16 15:59:21', NULL, 0);
INSERT INTO `room_facility` VALUES (17562, 2, 49, '2026-03-16 15:59:21', NULL, 0);
INSERT INTO `room_facility` VALUES (17563, 2, 50, '2026-03-16 15:59:21', NULL, 0);
INSERT INTO `room_facility` VALUES (17564, 2, 51, '2026-03-16 15:59:21', NULL, 0);
INSERT INTO `room_facility` VALUES (17565, 2, 52, '2026-03-16 15:59:21', NULL, 0);
INSERT INTO `room_facility` VALUES (17566, 2, 53, '2026-03-16 15:59:21', NULL, 0);
INSERT INTO `room_facility` VALUES (17567, 2, 54, '2026-03-16 15:59:21', NULL, 0);
INSERT INTO `room_facility` VALUES (17568, 2, 55, '2026-03-16 15:59:21', NULL, 0);
INSERT INTO `room_facility` VALUES (17569, 2, 56, '2026-03-16 15:59:21', NULL, 0);
INSERT INTO `room_facility` VALUES (17570, 8, 28, '2026-03-16 15:59:22', NULL, 0);
INSERT INTO `room_facility` VALUES (17571, 8, 29, '2026-03-16 15:59:22', NULL, 0);
INSERT INTO `room_facility` VALUES (17572, 8, 30, '2026-03-16 15:59:22', NULL, 0);
INSERT INTO `room_facility` VALUES (17573, 8, 48, '2026-03-16 15:59:22', NULL, 0);
INSERT INTO `room_facility` VALUES (17574, 8, 49, '2026-03-16 15:59:22', NULL, 0);
INSERT INTO `room_facility` VALUES (17575, 8, 50, '2026-03-16 15:59:22', NULL, 0);
INSERT INTO `room_facility` VALUES (17576, 8, 51, '2026-03-16 15:59:22', NULL, 0);
INSERT INTO `room_facility` VALUES (17577, 8, 52, '2026-03-16 15:59:22', NULL, 0);
INSERT INTO `room_facility` VALUES (17578, 8, 53, '2026-03-16 15:59:22', NULL, 0);
INSERT INTO `room_facility` VALUES (17579, 8, 54, '2026-03-16 15:59:22', NULL, 0);
INSERT INTO `room_facility` VALUES (17580, 8, 55, '2026-03-16 15:59:22', NULL, 0);
INSERT INTO `room_facility` VALUES (17581, 8, 56, '2026-03-16 15:59:22', NULL, 0);
INSERT INTO `room_facility` VALUES (17582, 9, 28, '2026-03-16 15:59:23', NULL, 0);
INSERT INTO `room_facility` VALUES (17583, 9, 29, '2026-03-16 15:59:23', NULL, 0);
INSERT INTO `room_facility` VALUES (17584, 9, 30, '2026-03-16 15:59:23', NULL, 0);
INSERT INTO `room_facility` VALUES (17585, 9, 48, '2026-03-16 15:59:23', NULL, 0);
INSERT INTO `room_facility` VALUES (17586, 9, 49, '2026-03-16 15:59:23', NULL, 0);
INSERT INTO `room_facility` VALUES (17587, 9, 50, '2026-03-16 15:59:23', NULL, 0);
INSERT INTO `room_facility` VALUES (17588, 9, 51, '2026-03-16 15:59:23', NULL, 0);
INSERT INTO `room_facility` VALUES (17589, 9, 52, '2026-03-16 15:59:23', NULL, 0);
INSERT INTO `room_facility` VALUES (17590, 9, 53, '2026-03-16 15:59:23', NULL, 0);
INSERT INTO `room_facility` VALUES (17591, 9, 54, '2026-03-16 15:59:23', NULL, 0);
INSERT INTO `room_facility` VALUES (17592, 9, 55, '2026-03-16 15:59:23', NULL, 0);
INSERT INTO `room_facility` VALUES (17593, 9, 56, '2026-03-16 15:59:23', NULL, 0);
INSERT INTO `room_facility` VALUES (17594, 10, 28, '2026-03-16 15:59:24', NULL, 0);
INSERT INTO `room_facility` VALUES (17595, 10, 29, '2026-03-16 15:59:24', NULL, 0);
INSERT INTO `room_facility` VALUES (17596, 10, 30, '2026-03-16 15:59:24', NULL, 0);
INSERT INTO `room_facility` VALUES (17597, 10, 48, '2026-03-16 15:59:24', NULL, 0);
INSERT INTO `room_facility` VALUES (17598, 10, 49, '2026-03-16 15:59:24', NULL, 0);
INSERT INTO `room_facility` VALUES (17599, 10, 50, '2026-03-16 15:59:24', NULL, 0);
INSERT INTO `room_facility` VALUES (17600, 10, 51, '2026-03-16 15:59:24', NULL, 0);
INSERT INTO `room_facility` VALUES (17601, 10, 52, '2026-03-16 15:59:24', NULL, 0);
INSERT INTO `room_facility` VALUES (17602, 10, 53, '2026-03-16 15:59:24', NULL, 0);
INSERT INTO `room_facility` VALUES (17603, 10, 54, '2026-03-16 15:59:24', NULL, 0);
INSERT INTO `room_facility` VALUES (17604, 10, 55, '2026-03-16 15:59:24', NULL, 0);
INSERT INTO `room_facility` VALUES (17605, 10, 56, '2026-03-16 15:59:24', NULL, 0);
INSERT INTO `room_facility` VALUES (17606, 11, 28, '2026-03-16 15:59:26', NULL, 0);
INSERT INTO `room_facility` VALUES (17607, 11, 29, '2026-03-16 15:59:26', NULL, 0);
INSERT INTO `room_facility` VALUES (17608, 11, 30, '2026-03-16 15:59:26', NULL, 0);
INSERT INTO `room_facility` VALUES (17609, 11, 48, '2026-03-16 15:59:26', NULL, 0);
INSERT INTO `room_facility` VALUES (17610, 11, 49, '2026-03-16 15:59:26', NULL, 0);
INSERT INTO `room_facility` VALUES (17611, 11, 50, '2026-03-16 15:59:26', NULL, 0);
INSERT INTO `room_facility` VALUES (17612, 11, 51, '2026-03-16 15:59:26', NULL, 0);
INSERT INTO `room_facility` VALUES (17613, 11, 52, '2026-03-16 15:59:26', NULL, 0);
INSERT INTO `room_facility` VALUES (17614, 11, 53, '2026-03-16 15:59:26', NULL, 0);
INSERT INTO `room_facility` VALUES (17615, 11, 54, '2026-03-16 15:59:26', NULL, 0);
INSERT INTO `room_facility` VALUES (17616, 11, 55, '2026-03-16 15:59:26', NULL, 0);
INSERT INTO `room_facility` VALUES (17617, 11, 56, '2026-03-16 15:59:26', NULL, 0);
INSERT INTO `room_facility` VALUES (17618, 12, 28, '2026-03-16 15:59:26', NULL, 0);
INSERT INTO `room_facility` VALUES (17619, 12, 29, '2026-03-16 15:59:26', NULL, 0);
INSERT INTO `room_facility` VALUES (17620, 12, 30, '2026-03-16 15:59:26', NULL, 0);
INSERT INTO `room_facility` VALUES (17621, 12, 48, '2026-03-16 15:59:26', NULL, 0);
INSERT INTO `room_facility` VALUES (17622, 12, 49, '2026-03-16 15:59:26', NULL, 0);
INSERT INTO `room_facility` VALUES (17623, 12, 50, '2026-03-16 15:59:26', NULL, 0);
INSERT INTO `room_facility` VALUES (17624, 12, 51, '2026-03-16 15:59:26', NULL, 0);
INSERT INTO `room_facility` VALUES (17625, 12, 52, '2026-03-16 15:59:26', NULL, 0);
INSERT INTO `room_facility` VALUES (17626, 12, 53, '2026-03-16 15:59:26', NULL, 0);
INSERT INTO `room_facility` VALUES (17627, 12, 54, '2026-03-16 15:59:26', NULL, 0);
INSERT INTO `room_facility` VALUES (17628, 12, 55, '2026-03-16 15:59:26', NULL, 0);
INSERT INTO `room_facility` VALUES (17629, 12, 56, '2026-03-16 15:59:26', NULL, 0);
INSERT INTO `room_facility` VALUES (17630, 3, 28, '2026-03-16 16:01:10', NULL, 0);
INSERT INTO `room_facility` VALUES (17631, 3, 29, '2026-03-16 16:01:10', NULL, 0);
INSERT INTO `room_facility` VALUES (17632, 3, 30, '2026-03-16 16:01:10', NULL, 0);
INSERT INTO `room_facility` VALUES (17633, 3, 48, '2026-03-16 16:01:10', NULL, 0);
INSERT INTO `room_facility` VALUES (17634, 3, 49, '2026-03-16 16:01:10', NULL, 0);
INSERT INTO `room_facility` VALUES (17635, 3, 50, '2026-03-16 16:01:10', NULL, 0);
INSERT INTO `room_facility` VALUES (17636, 3, 51, '2026-03-16 16:01:10', NULL, 0);
INSERT INTO `room_facility` VALUES (17637, 3, 52, '2026-03-16 16:01:10', NULL, 0);
INSERT INTO `room_facility` VALUES (17638, 3, 53, '2026-03-16 16:01:10', NULL, 0);
INSERT INTO `room_facility` VALUES (17639, 3, 54, '2026-03-16 16:01:10', NULL, 0);
INSERT INTO `room_facility` VALUES (17640, 3, 55, '2026-03-16 16:01:10', NULL, 0);
INSERT INTO `room_facility` VALUES (17641, 3, 56, '2026-03-16 16:01:10', NULL, 0);
INSERT INTO `room_facility` VALUES (17642, 13, 28, '2026-03-16 16:01:11', NULL, 0);
INSERT INTO `room_facility` VALUES (17643, 13, 29, '2026-03-16 16:01:11', NULL, 0);
INSERT INTO `room_facility` VALUES (17644, 13, 30, '2026-03-16 16:01:11', NULL, 0);
INSERT INTO `room_facility` VALUES (17645, 13, 48, '2026-03-16 16:01:11', NULL, 0);
INSERT INTO `room_facility` VALUES (17646, 13, 49, '2026-03-16 16:01:11', NULL, 0);
INSERT INTO `room_facility` VALUES (17647, 13, 50, '2026-03-16 16:01:11', NULL, 0);
INSERT INTO `room_facility` VALUES (17648, 13, 51, '2026-03-16 16:01:11', NULL, 0);
INSERT INTO `room_facility` VALUES (17649, 13, 52, '2026-03-16 16:01:11', NULL, 0);
INSERT INTO `room_facility` VALUES (17650, 13, 53, '2026-03-16 16:01:11', NULL, 0);
INSERT INTO `room_facility` VALUES (17651, 13, 54, '2026-03-16 16:01:11', NULL, 0);
INSERT INTO `room_facility` VALUES (17652, 13, 55, '2026-03-16 16:01:11', NULL, 0);
INSERT INTO `room_facility` VALUES (17653, 13, 56, '2026-03-16 16:01:11', NULL, 0);
INSERT INTO `room_facility` VALUES (17654, 14, 28, '2026-03-16 16:01:12', NULL, 0);
INSERT INTO `room_facility` VALUES (17655, 14, 29, '2026-03-16 16:01:12', NULL, 0);
INSERT INTO `room_facility` VALUES (17656, 14, 30, '2026-03-16 16:01:12', NULL, 0);
INSERT INTO `room_facility` VALUES (17657, 14, 48, '2026-03-16 16:01:12', NULL, 0);
INSERT INTO `room_facility` VALUES (17658, 14, 49, '2026-03-16 16:01:12', NULL, 0);
INSERT INTO `room_facility` VALUES (17659, 14, 50, '2026-03-16 16:01:12', NULL, 0);
INSERT INTO `room_facility` VALUES (17660, 14, 51, '2026-03-16 16:01:12', NULL, 0);
INSERT INTO `room_facility` VALUES (17661, 14, 52, '2026-03-16 16:01:12', NULL, 0);
INSERT INTO `room_facility` VALUES (17662, 14, 53, '2026-03-16 16:01:12', NULL, 0);
INSERT INTO `room_facility` VALUES (17663, 14, 54, '2026-03-16 16:01:12', NULL, 0);
INSERT INTO `room_facility` VALUES (17664, 14, 55, '2026-03-16 16:01:12', NULL, 0);
INSERT INTO `room_facility` VALUES (17665, 14, 56, '2026-03-16 16:01:12', NULL, 0);
INSERT INTO `room_facility` VALUES (17666, 15, 28, '2026-03-16 16:01:13', NULL, 0);
INSERT INTO `room_facility` VALUES (17667, 15, 29, '2026-03-16 16:01:13', NULL, 0);
INSERT INTO `room_facility` VALUES (17668, 15, 30, '2026-03-16 16:01:13', NULL, 0);
INSERT INTO `room_facility` VALUES (17669, 15, 48, '2026-03-16 16:01:13', NULL, 0);
INSERT INTO `room_facility` VALUES (17670, 15, 49, '2026-03-16 16:01:13', NULL, 0);
INSERT INTO `room_facility` VALUES (17671, 15, 50, '2026-03-16 16:01:13', NULL, 0);
INSERT INTO `room_facility` VALUES (17672, 15, 51, '2026-03-16 16:01:13', NULL, 0);
INSERT INTO `room_facility` VALUES (17673, 15, 52, '2026-03-16 16:01:13', NULL, 0);
INSERT INTO `room_facility` VALUES (17674, 15, 53, '2026-03-16 16:01:13', NULL, 0);
INSERT INTO `room_facility` VALUES (17675, 15, 54, '2026-03-16 16:01:13', NULL, 0);
INSERT INTO `room_facility` VALUES (17676, 15, 55, '2026-03-16 16:01:13', NULL, 0);
INSERT INTO `room_facility` VALUES (17677, 15, 56, '2026-03-16 16:01:13', NULL, 0);
INSERT INTO `room_facility` VALUES (17678, 16, 28, '2026-03-16 16:01:14', NULL, 0);
INSERT INTO `room_facility` VALUES (17679, 16, 29, '2026-03-16 16:01:14', NULL, 0);
INSERT INTO `room_facility` VALUES (17680, 16, 30, '2026-03-16 16:01:14', NULL, 0);
INSERT INTO `room_facility` VALUES (17681, 16, 48, '2026-03-16 16:01:14', NULL, 0);
INSERT INTO `room_facility` VALUES (17682, 16, 49, '2026-03-16 16:01:14', NULL, 0);
INSERT INTO `room_facility` VALUES (17683, 16, 50, '2026-03-16 16:01:14', NULL, 0);
INSERT INTO `room_facility` VALUES (17684, 16, 51, '2026-03-16 16:01:14', NULL, 0);
INSERT INTO `room_facility` VALUES (17685, 16, 52, '2026-03-16 16:01:14', NULL, 0);
INSERT INTO `room_facility` VALUES (17686, 16, 53, '2026-03-16 16:01:14', NULL, 0);
INSERT INTO `room_facility` VALUES (17687, 16, 54, '2026-03-16 16:01:14', NULL, 0);
INSERT INTO `room_facility` VALUES (17688, 16, 55, '2026-03-16 16:01:14', NULL, 0);
INSERT INTO `room_facility` VALUES (17689, 16, 56, '2026-03-16 16:01:14', NULL, 0);
INSERT INTO `room_facility` VALUES (17690, 17, 28, '2026-03-16 16:01:15', NULL, 0);
INSERT INTO `room_facility` VALUES (17691, 17, 29, '2026-03-16 16:01:15', NULL, 0);
INSERT INTO `room_facility` VALUES (17692, 17, 30, '2026-03-16 16:01:15', NULL, 0);
INSERT INTO `room_facility` VALUES (17693, 17, 48, '2026-03-16 16:01:15', NULL, 0);
INSERT INTO `room_facility` VALUES (17694, 17, 49, '2026-03-16 16:01:15', NULL, 0);
INSERT INTO `room_facility` VALUES (17695, 17, 50, '2026-03-16 16:01:15', NULL, 0);
INSERT INTO `room_facility` VALUES (17696, 17, 51, '2026-03-16 16:01:15', NULL, 0);
INSERT INTO `room_facility` VALUES (17697, 17, 52, '2026-03-16 16:01:15', NULL, 0);
INSERT INTO `room_facility` VALUES (17698, 17, 53, '2026-03-16 16:01:15', NULL, 0);
INSERT INTO `room_facility` VALUES (17699, 17, 54, '2026-03-16 16:01:15', NULL, 0);
INSERT INTO `room_facility` VALUES (17700, 17, 55, '2026-03-16 16:01:15', NULL, 0);
INSERT INTO `room_facility` VALUES (17701, 17, 56, '2026-03-16 16:01:15', NULL, 0);
INSERT INTO `room_facility` VALUES (17702, 283, 28, '2026-03-16 16:03:40', NULL, 0);
INSERT INTO `room_facility` VALUES (17703, 283, 29, '2026-03-16 16:03:40', NULL, 0);
INSERT INTO `room_facility` VALUES (17704, 283, 49, '2026-03-16 16:03:40', NULL, 0);
INSERT INTO `room_facility` VALUES (17705, 283, 55, '2026-03-16 16:03:40', NULL, 0);
INSERT INTO `room_facility` VALUES (17706, 284, 28, '2026-03-16 16:03:41', NULL, 0);
INSERT INTO `room_facility` VALUES (17707, 284, 29, '2026-03-16 16:03:41', NULL, 0);
INSERT INTO `room_facility` VALUES (17708, 284, 30, '2026-03-16 16:03:41', NULL, 0);
INSERT INTO `room_facility` VALUES (17709, 284, 49, '2026-03-16 16:03:41', NULL, 0);
INSERT INTO `room_facility` VALUES (17710, 285, 28, '2026-03-16 16:03:42', NULL, 0);
INSERT INTO `room_facility` VALUES (17711, 285, 29, '2026-03-16 16:03:42', NULL, 0);
INSERT INTO `room_facility` VALUES (17712, 285, 50, '2026-03-16 16:03:42', NULL, 0);
INSERT INTO `room_facility` VALUES (17713, 285, 54, '2026-03-16 16:03:42', NULL, 0);
INSERT INTO `room_facility` VALUES (17714, 286, 28, '2026-03-16 16:03:43', NULL, 0);
INSERT INTO `room_facility` VALUES (17715, 286, 29, '2026-03-16 16:03:43', NULL, 0);
INSERT INTO `room_facility` VALUES (17716, 286, 48, '2026-03-16 16:03:43', NULL, 0);
INSERT INTO `room_facility` VALUES (17717, 286, 49, '2026-03-16 16:03:43', NULL, 0);
INSERT INTO `room_facility` VALUES (17718, 287, 28, '2026-03-16 16:03:44', NULL, 0);
INSERT INTO `room_facility` VALUES (17719, 287, 30, '2026-03-16 16:03:44', NULL, 0);
INSERT INTO `room_facility` VALUES (17720, 287, 49, '2026-03-16 16:03:44', NULL, 0);
INSERT INTO `room_facility` VALUES (17721, 287, 55, '2026-03-16 16:03:44', NULL, 0);
INSERT INTO `room_facility` VALUES (17722, 288, 28, '2026-03-16 16:03:45', NULL, 0);
INSERT INTO `room_facility` VALUES (17723, 288, 29, '2026-03-16 16:03:45', NULL, 0);
INSERT INTO `room_facility` VALUES (17724, 288, 30, '2026-03-16 16:03:45', NULL, 0);
INSERT INTO `room_facility` VALUES (17725, 288, 56, '2026-03-16 16:03:45', NULL, 0);
INSERT INTO `room_facility` VALUES (17726, 289, 28, '2026-03-16 16:03:46', NULL, 0);
INSERT INTO `room_facility` VALUES (17727, 289, 49, '2026-03-16 16:03:46', NULL, 0);
INSERT INTO `room_facility` VALUES (17728, 289, 50, '2026-03-16 16:03:46', NULL, 0);
INSERT INTO `room_facility` VALUES (17729, 289, 55, '2026-03-16 16:03:46', NULL, 0);
INSERT INTO `room_facility` VALUES (17730, 290, 28, '2026-03-16 16:03:46', NULL, 0);
INSERT INTO `room_facility` VALUES (17731, 290, 29, '2026-03-16 16:03:46', NULL, 0);
INSERT INTO `room_facility` VALUES (17732, 290, 49, '2026-03-16 16:03:46', NULL, 0);
INSERT INTO `room_facility` VALUES (17733, 290, 54, '2026-03-16 16:03:46', NULL, 0);
INSERT INTO `room_facility` VALUES (17734, 291, 28, '2026-03-16 16:03:47', NULL, 0);
INSERT INTO `room_facility` VALUES (17735, 291, 29, '2026-03-16 16:03:47', NULL, 0);
INSERT INTO `room_facility` VALUES (17736, 291, 30, '2026-03-16 16:03:47', NULL, 0);
INSERT INTO `room_facility` VALUES (17737, 291, 51, '2026-03-16 16:03:47', NULL, 0);
INSERT INTO `room_facility` VALUES (17738, 292, 28, '2026-03-16 16:03:48', NULL, 0);
INSERT INTO `room_facility` VALUES (17739, 292, 29, '2026-03-16 16:03:48', NULL, 0);
INSERT INTO `room_facility` VALUES (17740, 292, 30, '2026-03-16 16:03:48', NULL, 0);
INSERT INTO `room_facility` VALUES (17741, 292, 56, '2026-03-16 16:03:48', NULL, 0);

-- ----------------------------
-- Table structure for room_info
-- ----------------------------
DROP TABLE IF EXISTS `room_info`;
CREATE TABLE `room_info`  (
  `id` bigint(20) NOT NULL AUTO_INCREMENT COMMENT '房间id',
  `room_number` varchar(16) CHARACTER SET utf8mb4 COLLATE utf8mb4_general_ci NULL DEFAULT NULL COMMENT '房间号',
  `rent` decimal(16, 2) NULL DEFAULT NULL COMMENT '租金（元/月）',
  `apartment_id` bigint(20) NULL DEFAULT NULL COMMENT '所属公寓id',
  `is_release` tinyint(4) NULL DEFAULT NULL COMMENT '是否发布',
  `create_time` timestamp NULL DEFAULT NULL COMMENT '创建时间',
  `update_time` timestamp NULL DEFAULT NULL COMMENT '更新时间',
  `is_deleted` tinyint(4) NULL DEFAULT 0 COMMENT '是否删除',
  PRIMARY KEY (`id`) USING BTREE
) ENGINE = InnoDB AUTO_INCREMENT = 336 CHARACTER SET = utf8mb4 COLLATE = utf8mb4_general_ci COMMENT = '房间信息表' ROW_FORMAT = Dynamic;

-- ----------------------------
-- Records of room_info
-- ----------------------------
INSERT INTO `room_info` VALUES (2, '101', 2500.00, 9, 1, '2023-06-20 19:14:46', '2026-03-16 15:59:21', 0);
INSERT INTO `room_info` VALUES (3, '102', 3000.00, 10, 1, '2023-06-21 10:35:16', '2026-03-16 16:01:10', 0);
INSERT INTO `room_info` VALUES (4, '102', 3000.00, 10, 1, '2023-06-21 11:57:14', NULL, 1);
INSERT INTO `room_info` VALUES (7, '301', 3200.00, 10, 1, '2023-07-18 16:07:09', NULL, 1);
INSERT INTO `room_info` VALUES (8, '102', 2000.00, 9, 1, '2023-08-13 23:39:37', '2026-03-16 15:59:22', 0);
INSERT INTO `room_info` VALUES (9, '103', 2000.00, 9, 1, '2023-08-13 23:40:50', '2026-03-16 15:59:23', 0);
INSERT INTO `room_info` VALUES (10, '104', 3000.00, 9, 1, '2023-08-13 23:42:02', '2026-03-16 15:59:24', 0);
INSERT INTO `room_info` VALUES (11, '105', 4500.00, 9, 1, '2023-08-13 23:57:42', '2026-03-16 15:59:25', 0);
INSERT INTO `room_info` VALUES (12, '106', 3500.00, 9, 1, '2023-08-13 23:58:53', '2026-03-16 15:59:26', 0);
INSERT INTO `room_info` VALUES (13, '101', 6000.00, 10, 1, '2023-08-13 23:59:50', '2026-03-16 16:01:11', 0);
INSERT INTO `room_info` VALUES (14, '103', 4500.00, 10, 1, '2023-08-14 00:06:39', '2026-03-16 16:01:12', 0);
INSERT INTO `room_info` VALUES (15, '104', 3500.00, 10, 1, '2023-08-14 00:07:43', '2026-03-16 16:01:13', 0);
INSERT INTO `room_info` VALUES (16, '105', 3500.00, 10, 1, '2023-08-14 00:09:07', '2026-03-16 16:01:14', 0);
INSERT INTO `room_info` VALUES (17, '106', 6000.00, 10, 1, '2023-08-14 10:36:19', '2026-03-16 16:01:15', 0);
INSERT INTO `room_info` VALUES (273, '101', 2399.00, 19, 1, '2026-03-14 16:13:16', '2026-03-16 15:55:31', 0);
INSERT INTO `room_info` VALUES (274, '102', 2599.00, 19, 1, '2026-03-14 16:13:16', '2026-03-16 15:55:32', 0);
INSERT INTO `room_info` VALUES (275, '103', 3399.00, 19, 1, '2026-03-14 16:13:16', '2026-03-16 15:55:33', 0);
INSERT INTO `room_info` VALUES (276, '104', 3599.00, 19, 1, '2026-03-14 16:13:16', '2026-03-16 15:55:34', 0);
INSERT INTO `room_info` VALUES (277, '105', 2799.00, 19, 1, '2026-03-14 16:13:16', '2026-03-16 15:55:35', 0);
INSERT INTO `room_info` VALUES (278, '106', 4699.00, 19, 1, '2026-03-14 16:13:16', '2026-03-16 15:55:36', 0);
INSERT INTO `room_info` VALUES (279, '107', 2899.00, 19, 1, '2026-03-14 16:13:16', '2026-03-16 15:55:37', 0);
INSERT INTO `room_info` VALUES (280, '108', 2199.00, 19, 1, '2026-03-14 16:13:16', '2026-03-16 15:55:37', 0);
INSERT INTO `room_info` VALUES (281, '109', 3899.00, 19, 1, '2026-03-14 16:13:16', '2026-03-16 15:55:38', 0);
INSERT INTO `room_info` VALUES (282, '110', 5299.00, 19, 1, '2026-03-14 16:13:16', '2026-03-16 15:55:39', 0);
INSERT INTO `room_info` VALUES (283, '101', 2499.00, 20, 1, '2026-03-14 16:13:16', '2026-03-16 16:03:40', 0);
INSERT INTO `room_info` VALUES (284, '102', 2699.00, 20, 1, '2026-03-14 16:13:16', '2026-03-16 16:03:41', 0);
INSERT INTO `room_info` VALUES (285, '103', 3499.00, 20, 1, '2026-03-14 16:13:16', '2026-03-16 16:03:41', 0);
INSERT INTO `room_info` VALUES (286, '104', 3699.00, 20, 1, '2026-03-14 16:13:16', '2026-03-16 16:03:42', 0);
INSERT INTO `room_info` VALUES (287, '105', 2899.00, 20, 1, '2026-03-14 16:13:16', '2026-03-16 16:03:43', 0);
INSERT INTO `room_info` VALUES (288, '106', 4799.00, 20, 1, '2026-03-14 16:13:16', '2026-03-16 16:03:44', 0);
INSERT INTO `room_info` VALUES (289, '107', 2999.00, 20, 1, '2026-03-14 16:13:16', '2026-03-16 16:03:45', 0);
INSERT INTO `room_info` VALUES (290, '108', 2299.00, 20, 1, '2026-03-14 16:13:16', '2026-03-16 16:03:46', 0);
INSERT INTO `room_info` VALUES (291, '109', 3999.00, 20, 1, '2026-03-14 16:13:16', '2026-03-16 16:03:47', 0);
INSERT INTO `room_info` VALUES (292, '110', 5399.00, 20, 1, '2026-03-14 16:13:16', '2026-03-16 16:03:48', 0);
INSERT INTO `room_info` VALUES (293, '101', 2599.00, 21, 1, '2026-03-14 16:13:16', '2026-03-16 15:58:08', 0);
INSERT INTO `room_info` VALUES (294, '102', 2799.00, 21, 1, '2026-03-14 16:13:16', '2026-03-16 15:58:09', 0);
INSERT INTO `room_info` VALUES (295, '103', 3599.00, 21, 1, '2026-03-14 16:13:16', '2026-03-16 15:58:10', 0);
INSERT INTO `room_info` VALUES (296, '104', 3799.00, 21, 1, '2026-03-14 16:13:16', '2026-03-16 15:58:11', 0);
INSERT INTO `room_info` VALUES (297, '105', 2999.00, 21, 1, '2026-03-14 16:13:16', '2026-03-16 15:58:11', 0);
INSERT INTO `room_info` VALUES (298, '106', 4899.00, 21, 1, '2026-03-14 16:13:16', '2026-03-16 15:58:12', 0);
INSERT INTO `room_info` VALUES (299, '107', 3099.00, 21, 1, '2026-03-14 16:13:16', '2026-03-16 15:58:13', 0);
INSERT INTO `room_info` VALUES (300, '108', 2399.00, 21, 1, '2026-03-14 16:13:16', '2026-03-16 15:58:14', 0);
INSERT INTO `room_info` VALUES (301, '109', 4099.00, 21, 1, '2026-03-14 16:13:16', '2026-03-16 15:58:15', 0);
INSERT INTO `room_info` VALUES (302, '110', 5499.00, 21, 1, '2026-03-14 16:13:16', '2026-03-16 15:58:16', 0);
INSERT INTO `room_info` VALUES (303, '101', 2699.00, 22, 1, '2026-03-14 16:13:16', '2026-03-16 15:56:30', 0);
INSERT INTO `room_info` VALUES (304, '102', 2899.00, 22, 1, '2026-03-14 16:13:16', '2026-03-16 15:56:31', 0);
INSERT INTO `room_info` VALUES (305, '103', 3699.00, 22, 1, '2026-03-14 16:13:16', '2026-03-16 15:56:32', 0);
INSERT INTO `room_info` VALUES (306, '104', 3899.00, 22, 1, '2026-03-14 16:13:16', '2026-03-16 15:56:29', 0);
INSERT INTO `room_info` VALUES (307, '105', 3099.00, 22, 1, '2026-03-14 16:13:16', '2026-03-16 15:56:33', 0);
INSERT INTO `room_info` VALUES (308, '106', 4999.00, 22, 1, '2026-03-14 16:13:16', '2026-03-16 15:56:33', 0);
INSERT INTO `room_info` VALUES (309, '107', 3199.00, 22, 1, '2026-03-14 16:13:16', '2026-03-16 15:56:34', 0);
INSERT INTO `room_info` VALUES (310, '108', 2499.00, 22, 1, '2026-03-14 16:13:16', '2026-03-16 15:56:35', 0);
INSERT INTO `room_info` VALUES (311, '109', 4199.00, 22, 1, '2026-03-14 16:13:16', '2026-03-16 15:56:36', 0);
INSERT INTO `room_info` VALUES (312, '110', 5599.00, 22, 1, '2026-03-14 16:13:16', '2026-03-16 15:56:37', 0);
INSERT INTO `room_info` VALUES (313, '101', 2799.00, 23, 1, '2026-03-14 16:13:16', '2026-03-16 15:53:47', 0);
INSERT INTO `room_info` VALUES (314, '102', 2999.00, 23, 1, '2026-03-14 16:13:16', '2026-03-16 15:53:48', 0);
INSERT INTO `room_info` VALUES (315, '103', 3799.00, 23, 1, '2026-03-14 16:13:16', '2026-03-16 15:53:49', 0);
INSERT INTO `room_info` VALUES (316, '104', 3999.00, 23, 1, '2026-03-14 16:13:16', '2026-03-16 15:53:49', 0);
INSERT INTO `room_info` VALUES (317, '105', 3199.00, 23, 1, '2026-03-14 16:13:16', '2026-03-16 15:53:50', 0);
INSERT INTO `room_info` VALUES (318, '106', 5099.00, 23, 1, '2026-03-14 16:13:16', '2026-03-16 15:53:51', 0);
INSERT INTO `room_info` VALUES (319, '107', 3299.00, 23, 1, '2026-03-14 16:13:16', '2026-03-16 15:53:52', 0);
INSERT INTO `room_info` VALUES (320, '108', 2599.00, 23, 1, '2026-03-14 16:13:16', '2026-03-16 15:53:52', 0);
INSERT INTO `room_info` VALUES (321, '109', 4299.00, 23, 1, '2026-03-14 16:13:16', '2026-03-16 15:53:53', 0);
INSERT INTO `room_info` VALUES (322, '110', 5699.00, 23, 1, '2026-03-14 16:13:16', '2026-03-16 15:53:54', 0);

-- ----------------------------
-- Table structure for room_label
-- ----------------------------
DROP TABLE IF EXISTS `room_label`;
CREATE TABLE `room_label`  (
  `id` bigint(20) NOT NULL AUTO_INCREMENT,
  `room_id` bigint(20) NULL DEFAULT NULL COMMENT '房间id',
  `label_id` bigint(20) NULL DEFAULT NULL COMMENT '标签id',
  `create_time` timestamp NULL DEFAULT NULL COMMENT '创建时间',
  `update_time` timestamp NULL DEFAULT NULL COMMENT '更新时间',
  `is_deleted` tinyint(4) NULL DEFAULT 0 COMMENT '是否删除',
  PRIMARY KEY (`id`) USING BTREE
) ENGINE = InnoDB AUTO_INCREMENT = 8638 CHARACTER SET = utf8mb4 COLLATE = utf8mb4_general_ci COMMENT = '房间&标签关联表' ROW_FORMAT = Dynamic;

-- ----------------------------
-- Records of room_label
-- ----------------------------
INSERT INTO `room_label` VALUES (13, 2, 15, '2023-08-11 08:41:28', NULL, 1);
INSERT INTO `room_label` VALUES (14, 2, 16, '2023-08-11 08:41:28', NULL, 1);
INSERT INTO `room_label` VALUES (15, 3, 5, '2023-08-11 08:41:35', NULL, 1);
INSERT INTO `room_label` VALUES (16, 3, 15, '2023-08-11 08:41:35', NULL, 1);
INSERT INTO `room_label` VALUES (17, 3, 16, '2023-08-11 08:41:35', NULL, 1);
INSERT INTO `room_label` VALUES (18, 8, 16, '2023-08-13 23:39:37', NULL, 1);
INSERT INTO `room_label` VALUES (19, 8, 15, '2023-08-13 23:39:37', NULL, 1);
INSERT INTO `room_label` VALUES (20, 8, 6, '2023-08-13 23:39:37', NULL, 1);
INSERT INTO `room_label` VALUES (21, 9, 7, '2023-08-13 23:40:50', NULL, 1);
INSERT INTO `room_label` VALUES (22, 9, 15, '2023-08-13 23:40:50', NULL, 1);
INSERT INTO `room_label` VALUES (23, 9, 16, '2023-08-13 23:40:50', NULL, 1);
INSERT INTO `room_label` VALUES (24, 10, 5, '2023-08-13 23:42:02', NULL, 1);
INSERT INTO `room_label` VALUES (25, 10, 16, '2023-08-13 23:42:02', NULL, 1);
INSERT INTO `room_label` VALUES (26, 10, 15, '2023-08-13 23:42:02', NULL, 1);
INSERT INTO `room_label` VALUES (27, 2, 15, '2023-08-13 23:44:58', NULL, 1);
INSERT INTO `room_label` VALUES (28, 2, 16, '2023-08-13 23:44:58', NULL, 1);
INSERT INTO `room_label` VALUES (29, 9, 7, '2023-08-13 23:47:56', NULL, 1);
INSERT INTO `room_label` VALUES (30, 9, 15, '2023-08-13 23:47:56', NULL, 1);
INSERT INTO `room_label` VALUES (31, 9, 16, '2023-08-13 23:47:56', NULL, 1);
INSERT INTO `room_label` VALUES (32, 9, 7, '2023-08-13 23:54:31', NULL, 1);
INSERT INTO `room_label` VALUES (33, 9, 15, '2023-08-13 23:54:31', NULL, 1);
INSERT INTO `room_label` VALUES (34, 9, 16, '2023-08-13 23:54:31', NULL, 1);
INSERT INTO `room_label` VALUES (35, 11, 15, '2023-08-13 23:57:42', NULL, 1);
INSERT INTO `room_label` VALUES (36, 11, 5, '2023-08-13 23:57:42', NULL, 1);
INSERT INTO `room_label` VALUES (37, 11, 16, '2023-08-13 23:57:42', NULL, 1);
INSERT INTO `room_label` VALUES (38, 12, 6, '2023-08-13 23:58:53', NULL, 1);
INSERT INTO `room_label` VALUES (39, 12, 15, '2023-08-13 23:58:53', NULL, 1);
INSERT INTO `room_label` VALUES (40, 12, 16, '2023-08-13 23:58:53', NULL, 1);
INSERT INTO `room_label` VALUES (41, 13, 16, '2023-08-13 23:59:50', NULL, 1);
INSERT INTO `room_label` VALUES (42, 13, 15, '2023-08-13 23:59:50', NULL, 1);
INSERT INTO `room_label` VALUES (43, 13, 5, '2023-08-13 23:59:50', NULL, 1);
INSERT INTO `room_label` VALUES (44, 11, 5, '2023-08-14 00:00:35', NULL, 1);
INSERT INTO `room_label` VALUES (45, 11, 15, '2023-08-14 00:00:35', NULL, 1);
INSERT INTO `room_label` VALUES (46, 11, 16, '2023-08-14 00:00:35', NULL, 1);
INSERT INTO `room_label` VALUES (47, 14, 5, '2023-08-14 00:06:39', NULL, 1);
INSERT INTO `room_label` VALUES (48, 14, 15, '2023-08-14 00:06:39', NULL, 1);
INSERT INTO `room_label` VALUES (49, 14, 16, '2023-08-14 00:06:39', NULL, 1);
INSERT INTO `room_label` VALUES (50, 15, 5, '2023-08-14 00:07:43', NULL, 1);
INSERT INTO `room_label` VALUES (51, 15, 15, '2023-08-14 00:07:43', NULL, 1);
INSERT INTO `room_label` VALUES (52, 15, 16, '2023-08-14 00:07:43', NULL, 1);
INSERT INTO `room_label` VALUES (53, 12, 6, '2023-08-14 00:07:58', NULL, 1);
INSERT INTO `room_label` VALUES (54, 12, 15, '2023-08-14 00:07:58', NULL, 1);
INSERT INTO `room_label` VALUES (55, 12, 16, '2023-08-14 00:07:58', NULL, 1);
INSERT INTO `room_label` VALUES (56, 16, 7, '2023-08-14 00:09:07', NULL, 1);
INSERT INTO `room_label` VALUES (57, 16, 15, '2023-08-14 00:09:07', NULL, 1);
INSERT INTO `room_label` VALUES (58, 16, 16, '2023-08-14 00:09:07', NULL, 1);
INSERT INTO `room_label` VALUES (59, 17, 5, '2023-08-14 10:36:19', NULL, 1);
INSERT INTO `room_label` VALUES (60, 17, 15, '2023-08-14 10:36:19', NULL, 1);
INSERT INTO `room_label` VALUES (61, 17, 16, '2023-08-14 10:36:19', NULL, 1);
INSERT INTO `room_label` VALUES (62, 2, 15, '2023-08-14 12:31:24', NULL, 1);
INSERT INTO `room_label` VALUES (63, 2, 16, '2023-08-14 12:31:24', NULL, 1);
INSERT INTO `room_label` VALUES (64, 3, 5, '2023-08-14 12:31:46', NULL, 1);
INSERT INTO `room_label` VALUES (65, 3, 15, '2023-08-14 12:31:46', NULL, 1);
INSERT INTO `room_label` VALUES (66, 3, 16, '2023-08-14 12:31:46', NULL, 1);
INSERT INTO `room_label` VALUES (67, 8, 6, '2023-08-14 12:32:33', NULL, 1);
INSERT INTO `room_label` VALUES (68, 8, 15, '2023-08-14 12:32:33', NULL, 1);
INSERT INTO `room_label` VALUES (69, 8, 16, '2023-08-14 12:32:33', NULL, 1);
INSERT INTO `room_label` VALUES (70, 9, 7, '2023-08-14 12:32:42', NULL, 1);
INSERT INTO `room_label` VALUES (71, 9, 15, '2023-08-14 12:32:42', NULL, 1);
INSERT INTO `room_label` VALUES (72, 9, 16, '2023-08-14 12:32:42', NULL, 1);
INSERT INTO `room_label` VALUES (73, 9, 7, '2023-08-14 12:32:53', NULL, 1);
INSERT INTO `room_label` VALUES (74, 9, 15, '2023-08-14 12:32:53', NULL, 1);
INSERT INTO `room_label` VALUES (75, 9, 16, '2023-08-14 12:32:53', NULL, 1);
INSERT INTO `room_label` VALUES (76, 10, 5, '2023-08-14 12:33:13', NULL, 1);
INSERT INTO `room_label` VALUES (77, 10, 15, '2023-08-14 12:33:13', NULL, 1);
INSERT INTO `room_label` VALUES (78, 10, 16, '2023-08-14 12:33:13', NULL, 1);
INSERT INTO `room_label` VALUES (79, 11, 5, '2023-08-14 12:33:33', NULL, 1);
INSERT INTO `room_label` VALUES (80, 11, 15, '2023-08-14 12:33:33', NULL, 1);
INSERT INTO `room_label` VALUES (81, 11, 16, '2023-08-14 12:33:33', NULL, 1);
INSERT INTO `room_label` VALUES (82, 12, 6, '2023-08-14 12:33:45', NULL, 1);
INSERT INTO `room_label` VALUES (83, 12, 15, '2023-08-14 12:33:45', NULL, 1);
INSERT INTO `room_label` VALUES (84, 12, 16, '2023-08-14 12:33:45', NULL, 1);
INSERT INTO `room_label` VALUES (85, 13, 5, '2023-08-14 12:33:57', NULL, 1);
INSERT INTO `room_label` VALUES (86, 13, 15, '2023-08-14 12:33:57', NULL, 1);
INSERT INTO `room_label` VALUES (87, 13, 16, '2023-08-14 12:33:57', NULL, 1);
INSERT INTO `room_label` VALUES (88, 14, 5, '2023-08-14 12:34:08', NULL, 1);
INSERT INTO `room_label` VALUES (89, 14, 15, '2023-08-14 12:34:08', NULL, 1);
INSERT INTO `room_label` VALUES (90, 14, 16, '2023-08-14 12:34:08', NULL, 1);
INSERT INTO `room_label` VALUES (91, 15, 5, '2023-08-14 12:34:20', NULL, 1);
INSERT INTO `room_label` VALUES (92, 15, 15, '2023-08-14 12:34:20', NULL, 1);
INSERT INTO `room_label` VALUES (93, 15, 16, '2023-08-14 12:34:20', NULL, 1);
INSERT INTO `room_label` VALUES (94, 16, 7, '2023-08-14 12:34:45', NULL, 1);
INSERT INTO `room_label` VALUES (95, 16, 15, '2023-08-14 12:34:45', NULL, 1);
INSERT INTO `room_label` VALUES (96, 16, 16, '2023-08-14 12:34:45', NULL, 1);
INSERT INTO `room_label` VALUES (97, 17, 5, '2023-08-14 12:35:08', NULL, 1);
INSERT INTO `room_label` VALUES (98, 17, 15, '2023-08-14 12:35:08', NULL, 1);
INSERT INTO `room_label` VALUES (99, 17, 16, '2023-08-14 12:35:08', NULL, 1);
INSERT INTO `room_label` VALUES (100, 2, 15, '2023-08-19 15:46:10', NULL, 1);
INSERT INTO `room_label` VALUES (101, 2, 16, '2023-08-19 15:46:10', NULL, 1);
INSERT INTO `room_label` VALUES (102, 3, 5, '2023-08-19 15:46:32', NULL, 1);
INSERT INTO `room_label` VALUES (103, 3, 15, '2023-08-19 15:46:32', NULL, 1);
INSERT INTO `room_label` VALUES (104, 3, 16, '2023-08-19 15:46:32', NULL, 1);
INSERT INTO `room_label` VALUES (105, 8, 6, '2023-08-19 15:46:49', NULL, 1);
INSERT INTO `room_label` VALUES (106, 8, 15, '2023-08-19 15:46:49', NULL, 1);
INSERT INTO `room_label` VALUES (107, 8, 16, '2023-08-19 15:46:49', NULL, 1);
INSERT INTO `room_label` VALUES (108, 9, 7, '2023-08-19 15:47:08', NULL, 1);
INSERT INTO `room_label` VALUES (109, 9, 15, '2023-08-19 15:47:08', NULL, 1);
INSERT INTO `room_label` VALUES (110, 9, 16, '2023-08-19 15:47:08', NULL, 1);
INSERT INTO `room_label` VALUES (111, 10, 5, '2023-08-19 15:47:28', NULL, 1);
INSERT INTO `room_label` VALUES (112, 10, 15, '2023-08-19 15:47:28', NULL, 1);
INSERT INTO `room_label` VALUES (113, 10, 16, '2023-08-19 15:47:28', NULL, 1);
INSERT INTO `room_label` VALUES (114, 12, 6, '2023-08-19 15:47:45', NULL, 1);
INSERT INTO `room_label` VALUES (115, 12, 15, '2023-08-19 15:47:45', NULL, 1);
INSERT INTO `room_label` VALUES (116, 12, 16, '2023-08-19 15:47:45', NULL, 1);
INSERT INTO `room_label` VALUES (117, 11, 5, '2023-08-19 15:48:04', NULL, 1);
INSERT INTO `room_label` VALUES (118, 11, 15, '2023-08-19 15:48:04', NULL, 1);
INSERT INTO `room_label` VALUES (119, 11, 16, '2023-08-19 15:48:04', NULL, 1);
INSERT INTO `room_label` VALUES (120, 13, 5, '2023-08-19 15:48:26', NULL, 1);
INSERT INTO `room_label` VALUES (121, 13, 15, '2023-08-19 15:48:26', NULL, 1);
INSERT INTO `room_label` VALUES (122, 13, 16, '2023-08-19 15:48:26', NULL, 1);
INSERT INTO `room_label` VALUES (123, 14, 5, '2023-08-19 15:48:46', NULL, 1);
INSERT INTO `room_label` VALUES (124, 14, 15, '2023-08-19 15:48:46', NULL, 1);
INSERT INTO `room_label` VALUES (125, 14, 16, '2023-08-19 15:48:46', NULL, 1);
INSERT INTO `room_label` VALUES (126, 15, 5, '2023-08-19 15:49:04', NULL, 1);
INSERT INTO `room_label` VALUES (127, 15, 15, '2023-08-19 15:49:04', NULL, 1);
INSERT INTO `room_label` VALUES (128, 15, 16, '2023-08-19 15:49:04', NULL, 1);
INSERT INTO `room_label` VALUES (129, 16, 7, '2023-08-19 15:49:22', NULL, 1);
INSERT INTO `room_label` VALUES (130, 16, 15, '2023-08-19 15:49:22', NULL, 1);
INSERT INTO `room_label` VALUES (131, 16, 16, '2023-08-19 15:49:22', NULL, 1);
INSERT INTO `room_label` VALUES (132, 17, 5, '2023-08-19 15:49:38', NULL, 1);
INSERT INTO `room_label` VALUES (133, 17, 15, '2023-08-19 15:49:38', NULL, 1);
INSERT INTO `room_label` VALUES (134, 17, 16, '2023-08-19 15:49:38', NULL, 1);
INSERT INTO `room_label` VALUES (8326, 273, 15, '2026-03-14 16:13:16', '2026-03-14 16:13:16', 1);
INSERT INTO `room_label` VALUES (8327, 273, 7, '2026-03-14 16:13:16', '2026-03-14 16:13:16', 1);
INSERT INTO `room_label` VALUES (8328, 274, 16, '2026-03-14 16:13:16', '2026-03-14 16:13:16', 1);
INSERT INTO `room_label` VALUES (8329, 274, 5, '2026-03-14 16:13:16', '2026-03-14 16:13:16', 1);
INSERT INTO `room_label` VALUES (8330, 275, 15, '2026-03-14 16:13:16', '2026-03-14 16:13:16', 1);
INSERT INTO `room_label` VALUES (8331, 275, 5, '2026-03-14 16:13:16', '2026-03-14 16:13:16', 1);
INSERT INTO `room_label` VALUES (8332, 276, 16, '2026-03-14 16:13:16', '2026-03-14 16:13:16', 1);
INSERT INTO `room_label` VALUES (8333, 276, 7, '2026-03-14 16:13:16', '2026-03-14 16:13:16', 1);
INSERT INTO `room_label` VALUES (8334, 277, 15, '2026-03-14 16:13:16', '2026-03-14 16:13:16', 1);
INSERT INTO `room_label` VALUES (8335, 277, 10, '2026-03-14 16:13:16', '2026-03-14 16:13:16', 1);
INSERT INTO `room_label` VALUES (8336, 278, 16, '2026-03-14 16:13:16', '2026-03-14 16:13:16', 1);
INSERT INTO `room_label` VALUES (8337, 278, 5, '2026-03-14 16:13:16', '2026-03-14 16:13:16', 1);
INSERT INTO `room_label` VALUES (8338, 279, 16, '2026-03-14 16:13:16', '2026-03-14 16:13:16', 1);
INSERT INTO `room_label` VALUES (8339, 279, 6, '2026-03-14 16:13:16', '2026-03-14 16:13:16', 1);
INSERT INTO `room_label` VALUES (8340, 280, 16, '2026-03-14 16:13:16', '2026-03-14 16:13:16', 1);
INSERT INTO `room_label` VALUES (8341, 280, 5, '2026-03-14 16:13:16', '2026-03-14 16:13:16', 1);
INSERT INTO `room_label` VALUES (8342, 281, 15, '2026-03-14 16:13:16', '2026-03-14 16:13:16', 1);
INSERT INTO `room_label` VALUES (8343, 281, 10, '2026-03-14 16:13:16', '2026-03-14 16:13:16', 1);
INSERT INTO `room_label` VALUES (8344, 282, 16, '2026-03-14 16:13:16', '2026-03-14 16:13:16', 1);
INSERT INTO `room_label` VALUES (8345, 282, 7, '2026-03-14 16:13:16', '2026-03-14 16:13:16', 1);
INSERT INTO `room_label` VALUES (8346, 283, 15, '2026-03-14 16:13:16', '2026-03-14 16:13:16', 1);
INSERT INTO `room_label` VALUES (8347, 283, 7, '2026-03-14 16:13:16', '2026-03-14 16:13:16', 1);
INSERT INTO `room_label` VALUES (8348, 284, 16, '2026-03-14 16:13:16', '2026-03-14 16:13:16', 1);
INSERT INTO `room_label` VALUES (8349, 284, 5, '2026-03-14 16:13:16', '2026-03-14 16:13:16', 1);
INSERT INTO `room_label` VALUES (8350, 285, 15, '2026-03-14 16:13:16', '2026-03-14 16:13:16', 1);
INSERT INTO `room_label` VALUES (8351, 285, 5, '2026-03-14 16:13:16', '2026-03-14 16:13:16', 1);
INSERT INTO `room_label` VALUES (8352, 286, 16, '2026-03-14 16:13:16', '2026-03-14 16:13:16', 1);
INSERT INTO `room_label` VALUES (8353, 286, 7, '2026-03-14 16:13:16', '2026-03-14 16:13:16', 1);
INSERT INTO `room_label` VALUES (8354, 287, 15, '2026-03-14 16:13:16', '2026-03-14 16:13:16', 1);
INSERT INTO `room_label` VALUES (8355, 287, 10, '2026-03-14 16:13:16', '2026-03-14 16:13:16', 1);
INSERT INTO `room_label` VALUES (8356, 288, 16, '2026-03-14 16:13:16', '2026-03-14 16:13:16', 1);
INSERT INTO `room_label` VALUES (8357, 288, 5, '2026-03-14 16:13:16', '2026-03-14 16:13:16', 1);
INSERT INTO `room_label` VALUES (8358, 289, 16, '2026-03-14 16:13:16', '2026-03-14 16:13:16', 1);
INSERT INTO `room_label` VALUES (8359, 289, 6, '2026-03-14 16:13:16', '2026-03-14 16:13:16', 1);
INSERT INTO `room_label` VALUES (8360, 290, 16, '2026-03-14 16:13:16', '2026-03-14 16:13:16', 1);
INSERT INTO `room_label` VALUES (8361, 290, 5, '2026-03-14 16:13:16', '2026-03-14 16:13:16', 1);
INSERT INTO `room_label` VALUES (8362, 291, 15, '2026-03-14 16:13:16', '2026-03-14 16:13:16', 1);
INSERT INTO `room_label` VALUES (8363, 291, 10, '2026-03-14 16:13:16', '2026-03-14 16:13:16', 1);
INSERT INTO `room_label` VALUES (8364, 292, 16, '2026-03-14 16:13:16', '2026-03-14 16:13:16', 1);
INSERT INTO `room_label` VALUES (8365, 292, 7, '2026-03-14 16:13:16', '2026-03-14 16:13:16', 1);
INSERT INTO `room_label` VALUES (8366, 293, 15, '2026-03-14 16:13:16', '2026-03-14 16:13:16', 1);
INSERT INTO `room_label` VALUES (8367, 293, 7, '2026-03-14 16:13:16', '2026-03-14 16:13:16', 1);
INSERT INTO `room_label` VALUES (8368, 294, 16, '2026-03-14 16:13:16', '2026-03-14 16:13:16', 1);
INSERT INTO `room_label` VALUES (8369, 294, 5, '2026-03-14 16:13:16', '2026-03-14 16:13:16', 1);
INSERT INTO `room_label` VALUES (8370, 295, 15, '2026-03-14 16:13:16', '2026-03-14 16:13:16', 1);
INSERT INTO `room_label` VALUES (8371, 295, 5, '2026-03-14 16:13:16', '2026-03-14 16:13:16', 1);
INSERT INTO `room_label` VALUES (8372, 296, 16, '2026-03-14 16:13:16', '2026-03-14 16:13:16', 1);
INSERT INTO `room_label` VALUES (8373, 296, 7, '2026-03-14 16:13:16', '2026-03-14 16:13:16', 1);
INSERT INTO `room_label` VALUES (8374, 297, 15, '2026-03-14 16:13:16', '2026-03-14 16:13:16', 1);
INSERT INTO `room_label` VALUES (8375, 297, 10, '2026-03-14 16:13:16', '2026-03-14 16:13:16', 1);
INSERT INTO `room_label` VALUES (8376, 298, 16, '2026-03-14 16:13:16', '2026-03-14 16:13:16', 1);
INSERT INTO `room_label` VALUES (8377, 298, 5, '2026-03-14 16:13:16', '2026-03-14 16:13:16', 1);
INSERT INTO `room_label` VALUES (8378, 299, 16, '2026-03-14 16:13:16', '2026-03-14 16:13:16', 1);
INSERT INTO `room_label` VALUES (8379, 299, 6, '2026-03-14 16:13:16', '2026-03-14 16:13:16', 1);
INSERT INTO `room_label` VALUES (8380, 300, 16, '2026-03-14 16:13:16', '2026-03-14 16:13:16', 1);
INSERT INTO `room_label` VALUES (8381, 300, 5, '2026-03-14 16:13:16', '2026-03-14 16:13:16', 1);
INSERT INTO `room_label` VALUES (8382, 301, 15, '2026-03-14 16:13:16', '2026-03-14 16:13:16', 1);
INSERT INTO `room_label` VALUES (8383, 301, 10, '2026-03-14 16:13:16', '2026-03-14 16:13:16', 1);
INSERT INTO `room_label` VALUES (8384, 302, 16, '2026-03-14 16:13:16', '2026-03-14 16:13:16', 1);
INSERT INTO `room_label` VALUES (8385, 302, 7, '2026-03-14 16:13:16', '2026-03-14 16:13:16', 1);
INSERT INTO `room_label` VALUES (8386, 303, 15, '2026-03-14 16:13:16', '2026-03-14 16:13:16', 1);
INSERT INTO `room_label` VALUES (8387, 303, 7, '2026-03-14 16:13:16', '2026-03-14 16:13:16', 1);
INSERT INTO `room_label` VALUES (8388, 304, 16, '2026-03-14 16:13:16', '2026-03-14 16:13:16', 1);
INSERT INTO `room_label` VALUES (8389, 304, 5, '2026-03-14 16:13:16', '2026-03-14 16:13:16', 1);
INSERT INTO `room_label` VALUES (8390, 305, 15, '2026-03-14 16:13:16', '2026-03-14 16:13:16', 1);
INSERT INTO `room_label` VALUES (8391, 305, 5, '2026-03-14 16:13:16', '2026-03-14 16:13:16', 1);
INSERT INTO `room_label` VALUES (8392, 306, 16, '2026-03-14 16:13:16', '2026-03-14 16:13:16', 1);
INSERT INTO `room_label` VALUES (8393, 306, 7, '2026-03-14 16:13:16', '2026-03-14 16:13:16', 1);
INSERT INTO `room_label` VALUES (8394, 307, 15, '2026-03-14 16:13:16', '2026-03-14 16:13:16', 1);
INSERT INTO `room_label` VALUES (8395, 307, 10, '2026-03-14 16:13:16', '2026-03-14 16:13:16', 1);
INSERT INTO `room_label` VALUES (8396, 308, 16, '2026-03-14 16:13:16', '2026-03-14 16:13:16', 1);
INSERT INTO `room_label` VALUES (8397, 308, 5, '2026-03-14 16:13:16', '2026-03-14 16:13:16', 1);
INSERT INTO `room_label` VALUES (8398, 309, 16, '2026-03-14 16:13:16', '2026-03-14 16:13:16', 1);
INSERT INTO `room_label` VALUES (8399, 309, 6, '2026-03-14 16:13:16', '2026-03-14 16:13:16', 1);
INSERT INTO `room_label` VALUES (8400, 310, 16, '2026-03-14 16:13:16', '2026-03-14 16:13:16', 1);
INSERT INTO `room_label` VALUES (8401, 310, 5, '2026-03-14 16:13:16', '2026-03-14 16:13:16', 1);
INSERT INTO `room_label` VALUES (8402, 311, 15, '2026-03-14 16:13:16', '2026-03-14 16:13:16', 1);
INSERT INTO `room_label` VALUES (8403, 311, 10, '2026-03-14 16:13:16', '2026-03-14 16:13:16', 1);
INSERT INTO `room_label` VALUES (8404, 312, 16, '2026-03-14 16:13:16', '2026-03-14 16:13:16', 1);
INSERT INTO `room_label` VALUES (8405, 312, 7, '2026-03-14 16:13:16', '2026-03-14 16:13:16', 1);
INSERT INTO `room_label` VALUES (8406, 313, 15, '2026-03-14 16:13:16', '2026-03-14 16:13:16', 1);
INSERT INTO `room_label` VALUES (8407, 313, 7, '2026-03-14 16:13:16', '2026-03-14 16:13:16', 1);
INSERT INTO `room_label` VALUES (8408, 314, 16, '2026-03-14 16:13:16', '2026-03-14 16:13:16', 1);
INSERT INTO `room_label` VALUES (8409, 314, 5, '2026-03-14 16:13:16', '2026-03-14 16:13:16', 1);
INSERT INTO `room_label` VALUES (8410, 315, 15, '2026-03-14 16:13:16', '2026-03-14 16:13:16', 1);
INSERT INTO `room_label` VALUES (8411, 315, 5, '2026-03-14 16:13:16', '2026-03-14 16:13:16', 1);
INSERT INTO `room_label` VALUES (8412, 316, 16, '2026-03-14 16:13:16', '2026-03-14 16:13:16', 1);
INSERT INTO `room_label` VALUES (8413, 316, 7, '2026-03-14 16:13:16', '2026-03-14 16:13:16', 1);
INSERT INTO `room_label` VALUES (8414, 317, 15, '2026-03-14 16:13:16', '2026-03-14 16:13:16', 1);
INSERT INTO `room_label` VALUES (8415, 317, 10, '2026-03-14 16:13:16', '2026-03-14 16:13:16', 1);
INSERT INTO `room_label` VALUES (8416, 318, 16, '2026-03-14 16:13:16', '2026-03-14 16:13:16', 1);
INSERT INTO `room_label` VALUES (8417, 318, 5, '2026-03-14 16:13:16', '2026-03-14 16:13:16', 1);
INSERT INTO `room_label` VALUES (8418, 319, 16, '2026-03-14 16:13:16', '2026-03-14 16:13:16', 1);
INSERT INTO `room_label` VALUES (8419, 319, 6, '2026-03-14 16:13:16', '2026-03-14 16:13:16', 1);
INSERT INTO `room_label` VALUES (8420, 320, 16, '2026-03-14 16:13:16', '2026-03-14 16:13:16', 1);
INSERT INTO `room_label` VALUES (8421, 320, 5, '2026-03-14 16:13:16', '2026-03-14 16:13:16', 1);
INSERT INTO `room_label` VALUES (8422, 321, 15, '2026-03-14 16:13:16', '2026-03-14 16:13:16', 1);
INSERT INTO `room_label` VALUES (8423, 321, 10, '2026-03-14 16:13:16', '2026-03-14 16:13:16', 1);
INSERT INTO `room_label` VALUES (8424, 322, 16, '2026-03-14 16:13:16', '2026-03-14 16:13:16', 1);
INSERT INTO `room_label` VALUES (8425, 322, 7, '2026-03-14 16:13:16', '2026-03-14 16:13:16', 1);
INSERT INTO `room_label` VALUES (8453, 273, 7, '2026-03-15 17:25:38', NULL, 1);
INSERT INTO `room_label` VALUES (8454, 273, 15, '2026-03-15 17:25:38', NULL, 1);
INSERT INTO `room_label` VALUES (8455, 2, 15, '2026-03-15 17:27:12', NULL, 1);
INSERT INTO `room_label` VALUES (8456, 2, 16, '2026-03-15 17:27:12', NULL, 1);
INSERT INTO `room_label` VALUES (8457, 2, 15, '2026-03-15 17:45:09', NULL, 1);
INSERT INTO `room_label` VALUES (8458, 2, 16, '2026-03-15 17:45:09', NULL, 1);
INSERT INTO `room_label` VALUES (8459, 2, 15, '2026-03-15 17:59:15', NULL, 1);
INSERT INTO `room_label` VALUES (8460, 2, 16, '2026-03-15 17:59:15', NULL, 1);
INSERT INTO `room_label` VALUES (8461, 2, 15, '2026-03-15 21:07:11', NULL, 1);
INSERT INTO `room_label` VALUES (8462, 2, 16, '2026-03-15 21:07:11', NULL, 1);
INSERT INTO `room_label` VALUES (8463, 2, 15, '2026-03-15 21:16:56', NULL, 1);
INSERT INTO `room_label` VALUES (8464, 2, 16, '2026-03-15 21:16:56', NULL, 1);
INSERT INTO `room_label` VALUES (8465, 273, 7, '2026-03-16 15:01:56', NULL, 1);
INSERT INTO `room_label` VALUES (8466, 273, 15, '2026-03-16 15:01:56', NULL, 1);
INSERT INTO `room_label` VALUES (8467, 306, 7, '2026-03-16 15:02:25', NULL, 1);
INSERT INTO `room_label` VALUES (8468, 306, 16, '2026-03-16 15:02:25', NULL, 1);
INSERT INTO `room_label` VALUES (8469, 274, 5, '2026-03-16 15:02:43', NULL, 1);
INSERT INTO `room_label` VALUES (8470, 274, 16, '2026-03-16 15:02:43', NULL, 1);
INSERT INTO `room_label` VALUES (8471, 293, 7, '2026-03-16 15:03:45', NULL, 1);
INSERT INTO `room_label` VALUES (8472, 293, 15, '2026-03-16 15:03:45', NULL, 1);
INSERT INTO `room_label` VALUES (8473, 3, 5, '2026-03-16 15:04:04', NULL, 1);
INSERT INTO `room_label` VALUES (8474, 3, 15, '2026-03-16 15:04:04', NULL, 1);
INSERT INTO `room_label` VALUES (8475, 3, 16, '2026-03-16 15:04:04', NULL, 1);
INSERT INTO `room_label` VALUES (8476, 8, 6, '2026-03-16 15:04:13', NULL, 1);
INSERT INTO `room_label` VALUES (8477, 8, 15, '2026-03-16 15:04:13', NULL, 1);
INSERT INTO `room_label` VALUES (8478, 8, 16, '2026-03-16 15:04:13', NULL, 1);
INSERT INTO `room_label` VALUES (8479, 10, 5, '2026-03-16 15:04:22', NULL, 1);
INSERT INTO `room_label` VALUES (8480, 10, 15, '2026-03-16 15:04:22', NULL, 1);
INSERT INTO `room_label` VALUES (8481, 10, 16, '2026-03-16 15:04:22', NULL, 1);
INSERT INTO `room_label` VALUES (8482, 9, 7, '2026-03-16 15:04:31', NULL, 1);
INSERT INTO `room_label` VALUES (8483, 9, 15, '2026-03-16 15:04:31', NULL, 1);
INSERT INTO `room_label` VALUES (8484, 9, 16, '2026-03-16 15:04:31', NULL, 1);
INSERT INTO `room_label` VALUES (8485, 11, 5, '2026-03-16 15:04:43', NULL, 1);
INSERT INTO `room_label` VALUES (8486, 11, 15, '2026-03-16 15:04:43', NULL, 1);
INSERT INTO `room_label` VALUES (8487, 11, 16, '2026-03-16 15:04:43', NULL, 1);
INSERT INTO `room_label` VALUES (8488, 12, 6, '2026-03-16 15:05:14', NULL, 1);
INSERT INTO `room_label` VALUES (8489, 12, 15, '2026-03-16 15:05:14', NULL, 1);
INSERT INTO `room_label` VALUES (8490, 12, 16, '2026-03-16 15:05:14', NULL, 1);
INSERT INTO `room_label` VALUES (8491, 13, 5, '2026-03-16 15:05:25', NULL, 1);
INSERT INTO `room_label` VALUES (8492, 13, 15, '2026-03-16 15:05:25', NULL, 1);
INSERT INTO `room_label` VALUES (8493, 13, 16, '2026-03-16 15:05:25', NULL, 1);
INSERT INTO `room_label` VALUES (8494, 14, 5, '2026-03-16 15:05:38', NULL, 1);
INSERT INTO `room_label` VALUES (8495, 14, 15, '2026-03-16 15:05:38', NULL, 1);
INSERT INTO `room_label` VALUES (8496, 14, 16, '2026-03-16 15:05:38', NULL, 1);
INSERT INTO `room_label` VALUES (8497, 15, 5, '2026-03-16 15:30:03', NULL, 1);
INSERT INTO `room_label` VALUES (8498, 15, 15, '2026-03-16 15:30:03', NULL, 1);
INSERT INTO `room_label` VALUES (8499, 15, 16, '2026-03-16 15:30:03', NULL, 1);
INSERT INTO `room_label` VALUES (8500, 16, 7, '2026-03-16 15:45:09', NULL, 1);
INSERT INTO `room_label` VALUES (8501, 16, 15, '2026-03-16 15:45:09', NULL, 1);
INSERT INTO `room_label` VALUES (8502, 16, 16, '2026-03-16 15:45:09', NULL, 1);
INSERT INTO `room_label` VALUES (8503, 313, 7, '2026-03-16 15:53:47', NULL, 0);
INSERT INTO `room_label` VALUES (8504, 313, 15, '2026-03-16 15:53:47', NULL, 0);
INSERT INTO `room_label` VALUES (8505, 314, 5, '2026-03-16 15:53:48', NULL, 0);
INSERT INTO `room_label` VALUES (8506, 314, 16, '2026-03-16 15:53:48', NULL, 0);
INSERT INTO `room_label` VALUES (8507, 315, 5, '2026-03-16 15:53:49', NULL, 0);
INSERT INTO `room_label` VALUES (8508, 315, 15, '2026-03-16 15:53:49', NULL, 0);
INSERT INTO `room_label` VALUES (8509, 316, 7, '2026-03-16 15:53:50', NULL, 0);
INSERT INTO `room_label` VALUES (8510, 316, 16, '2026-03-16 15:53:50', NULL, 0);
INSERT INTO `room_label` VALUES (8511, 317, 10, '2026-03-16 15:53:50', NULL, 0);
INSERT INTO `room_label` VALUES (8512, 317, 15, '2026-03-16 15:53:50', NULL, 0);
INSERT INTO `room_label` VALUES (8513, 318, 5, '2026-03-16 15:53:51', NULL, 0);
INSERT INTO `room_label` VALUES (8514, 318, 16, '2026-03-16 15:53:51', NULL, 0);
INSERT INTO `room_label` VALUES (8515, 319, 6, '2026-03-16 15:53:52', NULL, 0);
INSERT INTO `room_label` VALUES (8516, 319, 16, '2026-03-16 15:53:52', NULL, 0);
INSERT INTO `room_label` VALUES (8517, 320, 5, '2026-03-16 15:53:53', NULL, 0);
INSERT INTO `room_label` VALUES (8518, 320, 16, '2026-03-16 15:53:53', NULL, 0);
INSERT INTO `room_label` VALUES (8519, 321, 10, '2026-03-16 15:53:54', NULL, 0);
INSERT INTO `room_label` VALUES (8520, 321, 15, '2026-03-16 15:53:54', NULL, 0);
INSERT INTO `room_label` VALUES (8521, 322, 7, '2026-03-16 15:53:54', NULL, 0);
INSERT INTO `room_label` VALUES (8522, 322, 16, '2026-03-16 15:53:54', NULL, 0);
INSERT INTO `room_label` VALUES (8523, 273, 7, '2026-03-16 15:55:32', NULL, 0);
INSERT INTO `room_label` VALUES (8524, 273, 15, '2026-03-16 15:55:32', NULL, 0);
INSERT INTO `room_label` VALUES (8525, 274, 5, '2026-03-16 15:55:33', NULL, 0);
INSERT INTO `room_label` VALUES (8526, 274, 16, '2026-03-16 15:55:33', NULL, 0);
INSERT INTO `room_label` VALUES (8527, 275, 5, '2026-03-16 15:55:33', NULL, 0);
INSERT INTO `room_label` VALUES (8528, 275, 15, '2026-03-16 15:55:33', NULL, 0);
INSERT INTO `room_label` VALUES (8529, 276, 7, '2026-03-16 15:55:34', NULL, 0);
INSERT INTO `room_label` VALUES (8530, 276, 16, '2026-03-16 15:55:34', NULL, 0);
INSERT INTO `room_label` VALUES (8531, 277, 10, '2026-03-16 15:55:35', NULL, 0);
INSERT INTO `room_label` VALUES (8532, 277, 15, '2026-03-16 15:55:35', NULL, 0);
INSERT INTO `room_label` VALUES (8533, 278, 5, '2026-03-16 15:55:36', NULL, 0);
INSERT INTO `room_label` VALUES (8534, 278, 16, '2026-03-16 15:55:36', NULL, 0);
INSERT INTO `room_label` VALUES (8535, 279, 6, '2026-03-16 15:55:37', NULL, 0);
INSERT INTO `room_label` VALUES (8536, 279, 16, '2026-03-16 15:55:37', NULL, 0);
INSERT INTO `room_label` VALUES (8537, 280, 5, '2026-03-16 15:55:38', NULL, 0);
INSERT INTO `room_label` VALUES (8538, 280, 16, '2026-03-16 15:55:38', NULL, 0);
INSERT INTO `room_label` VALUES (8539, 281, 10, '2026-03-16 15:55:39', NULL, 0);
INSERT INTO `room_label` VALUES (8540, 281, 15, '2026-03-16 15:55:39', NULL, 0);
INSERT INTO `room_label` VALUES (8541, 282, 7, '2026-03-16 15:55:39', NULL, 0);
INSERT INTO `room_label` VALUES (8542, 282, 16, '2026-03-16 15:55:39', NULL, 0);
INSERT INTO `room_label` VALUES (8543, 306, 7, '2026-03-16 15:56:29', NULL, 0);
INSERT INTO `room_label` VALUES (8544, 306, 16, '2026-03-16 15:56:29', NULL, 0);
INSERT INTO `room_label` VALUES (8545, 303, 7, '2026-03-16 15:56:30', NULL, 0);
INSERT INTO `room_label` VALUES (8546, 303, 15, '2026-03-16 15:56:30', NULL, 0);
INSERT INTO `room_label` VALUES (8547, 304, 5, '2026-03-16 15:56:31', NULL, 0);
INSERT INTO `room_label` VALUES (8548, 304, 16, '2026-03-16 15:56:31', NULL, 0);
INSERT INTO `room_label` VALUES (8549, 305, 5, '2026-03-16 15:56:32', NULL, 0);
INSERT INTO `room_label` VALUES (8550, 305, 15, '2026-03-16 15:56:32', NULL, 0);
INSERT INTO `room_label` VALUES (8551, 307, 10, '2026-03-16 15:56:33', NULL, 0);
INSERT INTO `room_label` VALUES (8552, 307, 15, '2026-03-16 15:56:33', NULL, 0);
INSERT INTO `room_label` VALUES (8553, 308, 5, '2026-03-16 15:56:34', NULL, 0);
INSERT INTO `room_label` VALUES (8554, 308, 16, '2026-03-16 15:56:34', NULL, 0);
INSERT INTO `room_label` VALUES (8555, 309, 6, '2026-03-16 15:56:35', NULL, 0);
INSERT INTO `room_label` VALUES (8556, 309, 16, '2026-03-16 15:56:35', NULL, 0);
INSERT INTO `room_label` VALUES (8557, 310, 5, '2026-03-16 15:56:35', NULL, 0);
INSERT INTO `room_label` VALUES (8558, 310, 16, '2026-03-16 15:56:35', NULL, 0);
INSERT INTO `room_label` VALUES (8559, 311, 10, '2026-03-16 15:56:36', NULL, 0);
INSERT INTO `room_label` VALUES (8560, 311, 15, '2026-03-16 15:56:36', NULL, 0);
INSERT INTO `room_label` VALUES (8561, 312, 7, '2026-03-16 15:56:37', NULL, 0);
INSERT INTO `room_label` VALUES (8562, 312, 16, '2026-03-16 15:56:37', NULL, 0);
INSERT INTO `room_label` VALUES (8563, 293, 7, '2026-03-16 15:58:08', NULL, 0);
INSERT INTO `room_label` VALUES (8564, 293, 15, '2026-03-16 15:58:08', NULL, 0);
INSERT INTO `room_label` VALUES (8565, 294, 5, '2026-03-16 15:58:09', NULL, 0);
INSERT INTO `room_label` VALUES (8566, 294, 16, '2026-03-16 15:58:09', NULL, 0);
INSERT INTO `room_label` VALUES (8567, 295, 5, '2026-03-16 15:58:10', NULL, 0);
INSERT INTO `room_label` VALUES (8568, 295, 15, '2026-03-16 15:58:10', NULL, 0);
INSERT INTO `room_label` VALUES (8569, 296, 7, '2026-03-16 15:58:11', NULL, 0);
INSERT INTO `room_label` VALUES (8570, 296, 16, '2026-03-16 15:58:11', NULL, 0);
INSERT INTO `room_label` VALUES (8571, 297, 10, '2026-03-16 15:58:12', NULL, 0);
INSERT INTO `room_label` VALUES (8572, 297, 15, '2026-03-16 15:58:12', NULL, 0);
INSERT INTO `room_label` VALUES (8573, 298, 5, '2026-03-16 15:58:13', NULL, 0);
INSERT INTO `room_label` VALUES (8574, 298, 16, '2026-03-16 15:58:13', NULL, 0);
INSERT INTO `room_label` VALUES (8575, 299, 6, '2026-03-16 15:58:13', NULL, 0);
INSERT INTO `room_label` VALUES (8576, 299, 16, '2026-03-16 15:58:13', NULL, 0);
INSERT INTO `room_label` VALUES (8577, 300, 5, '2026-03-16 15:58:15', NULL, 0);
INSERT INTO `room_label` VALUES (8578, 300, 16, '2026-03-16 15:58:15', NULL, 0);
INSERT INTO `room_label` VALUES (8579, 301, 10, '2026-03-16 15:58:15', NULL, 0);
INSERT INTO `room_label` VALUES (8580, 301, 15, '2026-03-16 15:58:15', NULL, 0);
INSERT INTO `room_label` VALUES (8581, 302, 7, '2026-03-16 15:58:16', NULL, 0);
INSERT INTO `room_label` VALUES (8582, 302, 16, '2026-03-16 15:58:16', NULL, 0);
INSERT INTO `room_label` VALUES (8583, 2, 15, '2026-03-16 15:59:21', NULL, 0);
INSERT INTO `room_label` VALUES (8584, 2, 16, '2026-03-16 15:59:21', NULL, 0);
INSERT INTO `room_label` VALUES (8585, 8, 6, '2026-03-16 15:59:23', NULL, 0);
INSERT INTO `room_label` VALUES (8586, 8, 15, '2026-03-16 15:59:23', NULL, 0);
INSERT INTO `room_label` VALUES (8587, 8, 16, '2026-03-16 15:59:23', NULL, 0);
INSERT INTO `room_label` VALUES (8588, 9, 7, '2026-03-16 15:59:24', NULL, 0);
INSERT INTO `room_label` VALUES (8589, 9, 15, '2026-03-16 15:59:24', NULL, 0);
INSERT INTO `room_label` VALUES (8590, 9, 16, '2026-03-16 15:59:24', NULL, 0);
INSERT INTO `room_label` VALUES (8591, 10, 5, '2026-03-16 15:59:25', NULL, 0);
INSERT INTO `room_label` VALUES (8592, 10, 15, '2026-03-16 15:59:25', NULL, 0);
INSERT INTO `room_label` VALUES (8593, 10, 16, '2026-03-16 15:59:25', NULL, 0);
INSERT INTO `room_label` VALUES (8594, 11, 5, '2026-03-16 15:59:26', NULL, 0);
INSERT INTO `room_label` VALUES (8595, 11, 15, '2026-03-16 15:59:26', NULL, 0);
INSERT INTO `room_label` VALUES (8596, 11, 16, '2026-03-16 15:59:26', NULL, 0);
INSERT INTO `room_label` VALUES (8597, 12, 6, '2026-03-16 15:59:27', NULL, 0);
INSERT INTO `room_label` VALUES (8598, 12, 15, '2026-03-16 15:59:27', NULL, 0);
INSERT INTO `room_label` VALUES (8599, 12, 16, '2026-03-16 15:59:27', NULL, 0);
INSERT INTO `room_label` VALUES (8600, 3, 5, '2026-03-16 16:01:11', NULL, 0);
INSERT INTO `room_label` VALUES (8601, 3, 15, '2026-03-16 16:01:11', NULL, 0);
INSERT INTO `room_label` VALUES (8602, 3, 16, '2026-03-16 16:01:11', NULL, 0);
INSERT INTO `room_label` VALUES (8603, 13, 5, '2026-03-16 16:01:12', NULL, 0);
INSERT INTO `room_label` VALUES (8604, 13, 15, '2026-03-16 16:01:12', NULL, 0);
INSERT INTO `room_label` VALUES (8605, 13, 16, '2026-03-16 16:01:12', NULL, 0);
INSERT INTO `room_label` VALUES (8606, 14, 5, '2026-03-16 16:01:13', NULL, 0);
INSERT INTO `room_label` VALUES (8607, 14, 15, '2026-03-16 16:01:13', NULL, 0);
INSERT INTO `room_label` VALUES (8608, 14, 16, '2026-03-16 16:01:13', NULL, 0);
INSERT INTO `room_label` VALUES (8609, 15, 5, '2026-03-16 16:01:14', NULL, 0);
INSERT INTO `room_label` VALUES (8610, 15, 15, '2026-03-16 16:01:14', NULL, 0);
INSERT INTO `room_label` VALUES (8611, 15, 16, '2026-03-16 16:01:14', NULL, 0);
INSERT INTO `room_label` VALUES (8612, 16, 7, '2026-03-16 16:01:15', NULL, 0);
INSERT INTO `room_label` VALUES (8613, 16, 15, '2026-03-16 16:01:15', NULL, 0);
INSERT INTO `room_label` VALUES (8614, 16, 16, '2026-03-16 16:01:15', NULL, 0);
INSERT INTO `room_label` VALUES (8615, 17, 5, '2026-03-16 16:01:16', NULL, 0);
INSERT INTO `room_label` VALUES (8616, 17, 15, '2026-03-16 16:01:16', NULL, 0);
INSERT INTO `room_label` VALUES (8617, 17, 16, '2026-03-16 16:01:16', NULL, 0);
INSERT INTO `room_label` VALUES (8618, 283, 7, '2026-03-16 16:03:40', NULL, 0);
INSERT INTO `room_label` VALUES (8619, 283, 15, '2026-03-16 16:03:40', NULL, 0);
INSERT INTO `room_label` VALUES (8620, 284, 5, '2026-03-16 16:03:41', NULL, 0);
INSERT INTO `room_label` VALUES (8621, 284, 16, '2026-03-16 16:03:41', NULL, 0);
INSERT INTO `room_label` VALUES (8622, 285, 5, '2026-03-16 16:03:42', NULL, 0);
INSERT INTO `room_label` VALUES (8623, 285, 15, '2026-03-16 16:03:42', NULL, 0);
INSERT INTO `room_label` VALUES (8624, 286, 7, '2026-03-16 16:03:43', NULL, 0);
INSERT INTO `room_label` VALUES (8625, 286, 16, '2026-03-16 16:03:43', NULL, 0);
INSERT INTO `room_label` VALUES (8626, 287, 10, '2026-03-16 16:03:44', NULL, 0);
INSERT INTO `room_label` VALUES (8627, 287, 15, '2026-03-16 16:03:44', NULL, 0);
INSERT INTO `room_label` VALUES (8628, 288, 5, '2026-03-16 16:03:45', NULL, 0);
INSERT INTO `room_label` VALUES (8629, 288, 16, '2026-03-16 16:03:45', NULL, 0);
INSERT INTO `room_label` VALUES (8630, 289, 6, '2026-03-16 16:03:46', NULL, 0);
INSERT INTO `room_label` VALUES (8631, 289, 16, '2026-03-16 16:03:46', NULL, 0);
INSERT INTO `room_label` VALUES (8632, 290, 5, '2026-03-16 16:03:47', NULL, 0);
INSERT INTO `room_label` VALUES (8633, 290, 16, '2026-03-16 16:03:47', NULL, 0);
INSERT INTO `room_label` VALUES (8634, 291, 10, '2026-03-16 16:03:47', NULL, 0);
INSERT INTO `room_label` VALUES (8635, 291, 15, '2026-03-16 16:03:47', NULL, 0);
INSERT INTO `room_label` VALUES (8636, 292, 7, '2026-03-16 16:03:48', NULL, 0);
INSERT INTO `room_label` VALUES (8637, 292, 16, '2026-03-16 16:03:48', NULL, 0);

-- ----------------------------
-- Table structure for room_lease_term
-- ----------------------------
DROP TABLE IF EXISTS `room_lease_term`;
CREATE TABLE `room_lease_term`  (
  `id` bigint(20) NOT NULL AUTO_INCREMENT,
  `room_id` bigint(20) NULL DEFAULT NULL COMMENT '房间id',
  `lease_term_id` bigint(20) NULL DEFAULT NULL COMMENT '租期id',
  `create_time` timestamp NULL DEFAULT NULL COMMENT '创建时间',
  `update_time` timestamp NULL DEFAULT NULL COMMENT '更新时间',
  `is_deleted` tinyint(4) NULL DEFAULT 0 COMMENT '是否删除',
  PRIMARY KEY (`id`) USING BTREE
) ENGINE = InnoDB AUTO_INCREMENT = 8905 CHARACTER SET = utf8mb4 COLLATE = utf8mb4_general_ci COMMENT = '房间租期管理表' ROW_FORMAT = Dynamic;

-- ----------------------------
-- Records of room_lease_term
-- ----------------------------
INSERT INTO `room_lease_term` VALUES (1, 7, 1, '2023-07-18 16:07:09', NULL, 1);
INSERT INTO `room_lease_term` VALUES (2, 7, 3, '2023-07-18 16:07:09', NULL, 1);
INSERT INTO `room_lease_term` VALUES (3, 7, 4, '2023-07-18 16:07:09', NULL, 1);
INSERT INTO `room_lease_term` VALUES (4, 7, 5, '2023-07-18 16:07:09', NULL, 1);
INSERT INTO `room_lease_term` VALUES (5, 2, 3, '2023-07-22 10:43:45', NULL, 1);
INSERT INTO `room_lease_term` VALUES (6, 2, 3, '2023-08-10 18:54:16', NULL, 1);
INSERT INTO `room_lease_term` VALUES (7, 2, 1, '2023-08-10 18:54:16', NULL, 1);
INSERT INTO `room_lease_term` VALUES (8, 2, 4, '2023-08-10 18:54:16', NULL, 1);
INSERT INTO `room_lease_term` VALUES (9, 2, 6, '2023-08-10 18:54:16', NULL, 1);
INSERT INTO `room_lease_term` VALUES (10, 2, 1, '2023-08-10 19:42:49', NULL, 1);
INSERT INTO `room_lease_term` VALUES (11, 2, 3, '2023-08-10 19:42:49', NULL, 1);
INSERT INTO `room_lease_term` VALUES (12, 2, 4, '2023-08-10 19:42:49', NULL, 1);
INSERT INTO `room_lease_term` VALUES (13, 2, 6, '2023-08-10 19:42:49', NULL, 1);
INSERT INTO `room_lease_term` VALUES (14, 3, 1, '2023-08-11 08:35:33', NULL, 1);
INSERT INTO `room_lease_term` VALUES (15, 3, 3, '2023-08-11 08:35:33', NULL, 1);
INSERT INTO `room_lease_term` VALUES (16, 3, 4, '2023-08-11 08:35:33', NULL, 1);
INSERT INTO `room_lease_term` VALUES (17, 3, 6, '2023-08-11 08:35:33', NULL, 1);
INSERT INTO `room_lease_term` VALUES (18, 2, 1, '2023-08-11 08:41:28', NULL, 1);
INSERT INTO `room_lease_term` VALUES (19, 2, 3, '2023-08-11 08:41:28', NULL, 1);
INSERT INTO `room_lease_term` VALUES (20, 2, 4, '2023-08-11 08:41:28', NULL, 1);
INSERT INTO `room_lease_term` VALUES (21, 2, 6, '2023-08-11 08:41:28', NULL, 1);
INSERT INTO `room_lease_term` VALUES (22, 3, 1, '2023-08-11 08:41:35', NULL, 1);
INSERT INTO `room_lease_term` VALUES (23, 3, 3, '2023-08-11 08:41:35', NULL, 1);
INSERT INTO `room_lease_term` VALUES (24, 3, 4, '2023-08-11 08:41:35', NULL, 1);
INSERT INTO `room_lease_term` VALUES (25, 3, 6, '2023-08-11 08:41:35', NULL, 1);
INSERT INTO `room_lease_term` VALUES (26, 8, 1, '2023-08-13 23:39:37', NULL, 1);
INSERT INTO `room_lease_term` VALUES (27, 8, 3, '2023-08-13 23:39:37', NULL, 1);
INSERT INTO `room_lease_term` VALUES (28, 8, 4, '2023-08-13 23:39:37', NULL, 1);
INSERT INTO `room_lease_term` VALUES (29, 8, 6, '2023-08-13 23:39:37', NULL, 1);
INSERT INTO `room_lease_term` VALUES (30, 9, 1, '2023-08-13 23:40:50', NULL, 1);
INSERT INTO `room_lease_term` VALUES (31, 9, 3, '2023-08-13 23:40:50', NULL, 1);
INSERT INTO `room_lease_term` VALUES (32, 9, 4, '2023-08-13 23:40:50', NULL, 1);
INSERT INTO `room_lease_term` VALUES (33, 9, 6, '2023-08-13 23:40:50', NULL, 1);
INSERT INTO `room_lease_term` VALUES (34, 10, 1, '2023-08-13 23:42:02', NULL, 1);
INSERT INTO `room_lease_term` VALUES (35, 10, 3, '2023-08-13 23:42:02', NULL, 1);
INSERT INTO `room_lease_term` VALUES (36, 10, 4, '2023-08-13 23:42:02', NULL, 1);
INSERT INTO `room_lease_term` VALUES (37, 10, 6, '2023-08-13 23:42:02', NULL, 1);
INSERT INTO `room_lease_term` VALUES (38, 2, 1, '2023-08-13 23:44:58', NULL, 1);
INSERT INTO `room_lease_term` VALUES (39, 2, 3, '2023-08-13 23:44:58', NULL, 1);
INSERT INTO `room_lease_term` VALUES (40, 2, 4, '2023-08-13 23:44:58', NULL, 1);
INSERT INTO `room_lease_term` VALUES (41, 2, 6, '2023-08-13 23:44:58', NULL, 1);
INSERT INTO `room_lease_term` VALUES (42, 9, 1, '2023-08-13 23:47:56', NULL, 1);
INSERT INTO `room_lease_term` VALUES (43, 9, 3, '2023-08-13 23:47:56', NULL, 1);
INSERT INTO `room_lease_term` VALUES (44, 9, 4, '2023-08-13 23:47:56', NULL, 1);
INSERT INTO `room_lease_term` VALUES (45, 9, 6, '2023-08-13 23:47:56', NULL, 1);
INSERT INTO `room_lease_term` VALUES (46, 9, 1, '2023-08-13 23:54:31', NULL, 1);
INSERT INTO `room_lease_term` VALUES (47, 9, 3, '2023-08-13 23:54:31', NULL, 1);
INSERT INTO `room_lease_term` VALUES (48, 9, 4, '2023-08-13 23:54:31', NULL, 1);
INSERT INTO `room_lease_term` VALUES (49, 9, 6, '2023-08-13 23:54:31', NULL, 1);
INSERT INTO `room_lease_term` VALUES (50, 11, 1, '2023-08-13 23:57:42', NULL, 1);
INSERT INTO `room_lease_term` VALUES (51, 11, 3, '2023-08-13 23:57:42', NULL, 1);
INSERT INTO `room_lease_term` VALUES (52, 11, 4, '2023-08-13 23:57:42', NULL, 1);
INSERT INTO `room_lease_term` VALUES (53, 11, 6, '2023-08-13 23:57:42', NULL, 1);
INSERT INTO `room_lease_term` VALUES (54, 12, 1, '2023-08-13 23:58:53', NULL, 1);
INSERT INTO `room_lease_term` VALUES (55, 12, 3, '2023-08-13 23:58:53', NULL, 1);
INSERT INTO `room_lease_term` VALUES (56, 12, 4, '2023-08-13 23:58:53', NULL, 1);
INSERT INTO `room_lease_term` VALUES (57, 12, 6, '2023-08-13 23:58:53', NULL, 1);
INSERT INTO `room_lease_term` VALUES (58, 13, 1, '2023-08-13 23:59:50', NULL, 1);
INSERT INTO `room_lease_term` VALUES (59, 13, 3, '2023-08-13 23:59:50', NULL, 1);
INSERT INTO `room_lease_term` VALUES (60, 13, 4, '2023-08-13 23:59:50', NULL, 1);
INSERT INTO `room_lease_term` VALUES (61, 13, 6, '2023-08-13 23:59:50', NULL, 1);
INSERT INTO `room_lease_term` VALUES (62, 11, 1, '2023-08-14 00:00:35', NULL, 1);
INSERT INTO `room_lease_term` VALUES (63, 11, 3, '2023-08-14 00:00:35', NULL, 1);
INSERT INTO `room_lease_term` VALUES (64, 11, 4, '2023-08-14 00:00:35', NULL, 1);
INSERT INTO `room_lease_term` VALUES (65, 11, 6, '2023-08-14 00:00:35', NULL, 1);
INSERT INTO `room_lease_term` VALUES (66, 14, 1, '2023-08-14 00:06:39', NULL, 1);
INSERT INTO `room_lease_term` VALUES (67, 14, 3, '2023-08-14 00:06:39', NULL, 1);
INSERT INTO `room_lease_term` VALUES (68, 14, 4, '2023-08-14 00:06:39', NULL, 1);
INSERT INTO `room_lease_term` VALUES (69, 14, 6, '2023-08-14 00:06:39', NULL, 1);
INSERT INTO `room_lease_term` VALUES (70, 15, 1, '2023-08-14 00:07:43', NULL, 1);
INSERT INTO `room_lease_term` VALUES (71, 15, 3, '2023-08-14 00:07:43', NULL, 1);
INSERT INTO `room_lease_term` VALUES (72, 15, 4, '2023-08-14 00:07:43', NULL, 1);
INSERT INTO `room_lease_term` VALUES (73, 15, 6, '2023-08-14 00:07:43', NULL, 1);
INSERT INTO `room_lease_term` VALUES (74, 12, 1, '2023-08-14 00:07:58', NULL, 1);
INSERT INTO `room_lease_term` VALUES (75, 12, 3, '2023-08-14 00:07:58', NULL, 1);
INSERT INTO `room_lease_term` VALUES (76, 12, 4, '2023-08-14 00:07:58', NULL, 1);
INSERT INTO `room_lease_term` VALUES (77, 12, 6, '2023-08-14 00:07:58', NULL, 1);
INSERT INTO `room_lease_term` VALUES (78, 16, 1, '2023-08-14 00:09:07', NULL, 1);
INSERT INTO `room_lease_term` VALUES (79, 16, 3, '2023-08-14 00:09:07', NULL, 1);
INSERT INTO `room_lease_term` VALUES (80, 16, 4, '2023-08-14 00:09:07', NULL, 1);
INSERT INTO `room_lease_term` VALUES (81, 16, 6, '2023-08-14 00:09:07', NULL, 1);
INSERT INTO `room_lease_term` VALUES (82, 17, 1, '2023-08-14 10:36:19', NULL, 1);
INSERT INTO `room_lease_term` VALUES (83, 17, 3, '2023-08-14 10:36:19', NULL, 1);
INSERT INTO `room_lease_term` VALUES (84, 17, 4, '2023-08-14 10:36:19', NULL, 1);
INSERT INTO `room_lease_term` VALUES (85, 17, 6, '2023-08-14 10:36:19', NULL, 1);
INSERT INTO `room_lease_term` VALUES (86, 2, 1, '2023-08-14 12:31:24', NULL, 1);
INSERT INTO `room_lease_term` VALUES (87, 2, 3, '2023-08-14 12:31:24', NULL, 1);
INSERT INTO `room_lease_term` VALUES (88, 2, 4, '2023-08-14 12:31:24', NULL, 1);
INSERT INTO `room_lease_term` VALUES (89, 2, 6, '2023-08-14 12:31:24', NULL, 1);
INSERT INTO `room_lease_term` VALUES (90, 3, 1, '2023-08-14 12:31:46', NULL, 1);
INSERT INTO `room_lease_term` VALUES (91, 3, 3, '2023-08-14 12:31:46', NULL, 1);
INSERT INTO `room_lease_term` VALUES (92, 3, 4, '2023-08-14 12:31:46', NULL, 1);
INSERT INTO `room_lease_term` VALUES (93, 3, 6, '2023-08-14 12:31:46', NULL, 1);
INSERT INTO `room_lease_term` VALUES (94, 8, 1, '2023-08-14 12:32:33', NULL, 1);
INSERT INTO `room_lease_term` VALUES (95, 8, 3, '2023-08-14 12:32:33', NULL, 1);
INSERT INTO `room_lease_term` VALUES (96, 8, 4, '2023-08-14 12:32:33', NULL, 1);
INSERT INTO `room_lease_term` VALUES (97, 8, 6, '2023-08-14 12:32:33', NULL, 1);
INSERT INTO `room_lease_term` VALUES (98, 9, 1, '2023-08-14 12:32:42', NULL, 1);
INSERT INTO `room_lease_term` VALUES (99, 9, 3, '2023-08-14 12:32:42', NULL, 1);
INSERT INTO `room_lease_term` VALUES (100, 9, 4, '2023-08-14 12:32:42', NULL, 1);
INSERT INTO `room_lease_term` VALUES (101, 9, 6, '2023-08-14 12:32:42', NULL, 1);
INSERT INTO `room_lease_term` VALUES (102, 9, 1, '2023-08-14 12:32:53', NULL, 1);
INSERT INTO `room_lease_term` VALUES (103, 9, 3, '2023-08-14 12:32:53', NULL, 1);
INSERT INTO `room_lease_term` VALUES (104, 9, 4, '2023-08-14 12:32:53', NULL, 1);
INSERT INTO `room_lease_term` VALUES (105, 9, 6, '2023-08-14 12:32:53', NULL, 1);
INSERT INTO `room_lease_term` VALUES (106, 10, 1, '2023-08-14 12:33:13', NULL, 1);
INSERT INTO `room_lease_term` VALUES (107, 10, 3, '2023-08-14 12:33:13', NULL, 1);
INSERT INTO `room_lease_term` VALUES (108, 10, 4, '2023-08-14 12:33:13', NULL, 1);
INSERT INTO `room_lease_term` VALUES (109, 10, 6, '2023-08-14 12:33:13', NULL, 1);
INSERT INTO `room_lease_term` VALUES (110, 11, 1, '2023-08-14 12:33:33', NULL, 1);
INSERT INTO `room_lease_term` VALUES (111, 11, 3, '2023-08-14 12:33:33', NULL, 1);
INSERT INTO `room_lease_term` VALUES (112, 11, 4, '2023-08-14 12:33:33', NULL, 1);
INSERT INTO `room_lease_term` VALUES (113, 11, 6, '2023-08-14 12:33:33', NULL, 1);
INSERT INTO `room_lease_term` VALUES (114, 12, 1, '2023-08-14 12:33:45', NULL, 1);
INSERT INTO `room_lease_term` VALUES (115, 12, 3, '2023-08-14 12:33:45', NULL, 1);
INSERT INTO `room_lease_term` VALUES (116, 12, 4, '2023-08-14 12:33:45', NULL, 1);
INSERT INTO `room_lease_term` VALUES (117, 12, 6, '2023-08-14 12:33:45', NULL, 1);
INSERT INTO `room_lease_term` VALUES (118, 13, 1, '2023-08-14 12:33:57', NULL, 1);
INSERT INTO `room_lease_term` VALUES (119, 13, 3, '2023-08-14 12:33:57', NULL, 1);
INSERT INTO `room_lease_term` VALUES (120, 13, 4, '2023-08-14 12:33:57', NULL, 1);
INSERT INTO `room_lease_term` VALUES (121, 13, 6, '2023-08-14 12:33:57', NULL, 1);
INSERT INTO `room_lease_term` VALUES (122, 14, 1, '2023-08-14 12:34:08', NULL, 1);
INSERT INTO `room_lease_term` VALUES (123, 14, 3, '2023-08-14 12:34:08', NULL, 1);
INSERT INTO `room_lease_term` VALUES (124, 14, 4, '2023-08-14 12:34:08', NULL, 1);
INSERT INTO `room_lease_term` VALUES (125, 14, 6, '2023-08-14 12:34:08', NULL, 1);
INSERT INTO `room_lease_term` VALUES (126, 15, 1, '2023-08-14 12:34:20', NULL, 1);
INSERT INTO `room_lease_term` VALUES (127, 15, 3, '2023-08-14 12:34:20', NULL, 1);
INSERT INTO `room_lease_term` VALUES (128, 15, 4, '2023-08-14 12:34:20', NULL, 1);
INSERT INTO `room_lease_term` VALUES (129, 15, 6, '2023-08-14 12:34:20', NULL, 1);
INSERT INTO `room_lease_term` VALUES (130, 16, 1, '2023-08-14 12:34:45', NULL, 1);
INSERT INTO `room_lease_term` VALUES (131, 16, 3, '2023-08-14 12:34:45', NULL, 1);
INSERT INTO `room_lease_term` VALUES (132, 16, 4, '2023-08-14 12:34:45', NULL, 1);
INSERT INTO `room_lease_term` VALUES (133, 16, 6, '2023-08-14 12:34:45', NULL, 1);
INSERT INTO `room_lease_term` VALUES (134, 17, 1, '2023-08-14 12:35:08', NULL, 1);
INSERT INTO `room_lease_term` VALUES (135, 17, 3, '2023-08-14 12:35:08', NULL, 1);
INSERT INTO `room_lease_term` VALUES (136, 17, 4, '2023-08-14 12:35:08', NULL, 1);
INSERT INTO `room_lease_term` VALUES (137, 17, 6, '2023-08-14 12:35:08', NULL, 1);
INSERT INTO `room_lease_term` VALUES (138, 2, 1, '2023-08-19 15:46:10', NULL, 1);
INSERT INTO `room_lease_term` VALUES (139, 2, 3, '2023-08-19 15:46:10', NULL, 1);
INSERT INTO `room_lease_term` VALUES (140, 2, 4, '2023-08-19 15:46:10', NULL, 1);
INSERT INTO `room_lease_term` VALUES (141, 2, 6, '2023-08-19 15:46:10', NULL, 1);
INSERT INTO `room_lease_term` VALUES (142, 3, 1, '2023-08-19 15:46:32', NULL, 1);
INSERT INTO `room_lease_term` VALUES (143, 3, 3, '2023-08-19 15:46:32', NULL, 1);
INSERT INTO `room_lease_term` VALUES (144, 3, 4, '2023-08-19 15:46:32', NULL, 1);
INSERT INTO `room_lease_term` VALUES (145, 3, 6, '2023-08-19 15:46:32', NULL, 1);
INSERT INTO `room_lease_term` VALUES (146, 8, 1, '2023-08-19 15:46:49', NULL, 1);
INSERT INTO `room_lease_term` VALUES (147, 8, 3, '2023-08-19 15:46:49', NULL, 1);
INSERT INTO `room_lease_term` VALUES (148, 8, 4, '2023-08-19 15:46:49', NULL, 1);
INSERT INTO `room_lease_term` VALUES (149, 8, 6, '2023-08-19 15:46:49', NULL, 1);
INSERT INTO `room_lease_term` VALUES (150, 9, 1, '2023-08-19 15:47:08', NULL, 1);
INSERT INTO `room_lease_term` VALUES (151, 9, 3, '2023-08-19 15:47:08', NULL, 1);
INSERT INTO `room_lease_term` VALUES (152, 9, 4, '2023-08-19 15:47:08', NULL, 1);
INSERT INTO `room_lease_term` VALUES (153, 9, 6, '2023-08-19 15:47:08', NULL, 1);
INSERT INTO `room_lease_term` VALUES (154, 10, 1, '2023-08-19 15:47:28', NULL, 1);
INSERT INTO `room_lease_term` VALUES (155, 10, 3, '2023-08-19 15:47:28', NULL, 1);
INSERT INTO `room_lease_term` VALUES (156, 10, 4, '2023-08-19 15:47:28', NULL, 1);
INSERT INTO `room_lease_term` VALUES (157, 10, 6, '2023-08-19 15:47:28', NULL, 1);
INSERT INTO `room_lease_term` VALUES (158, 12, 1, '2023-08-19 15:47:45', NULL, 1);
INSERT INTO `room_lease_term` VALUES (159, 12, 3, '2023-08-19 15:47:45', NULL, 1);
INSERT INTO `room_lease_term` VALUES (160, 12, 4, '2023-08-19 15:47:45', NULL, 1);
INSERT INTO `room_lease_term` VALUES (161, 12, 6, '2023-08-19 15:47:45', NULL, 1);
INSERT INTO `room_lease_term` VALUES (162, 11, 1, '2023-08-19 15:48:04', NULL, 1);
INSERT INTO `room_lease_term` VALUES (163, 11, 3, '2023-08-19 15:48:04', NULL, 1);
INSERT INTO `room_lease_term` VALUES (164, 11, 4, '2023-08-19 15:48:04', NULL, 1);
INSERT INTO `room_lease_term` VALUES (165, 11, 6, '2023-08-19 15:48:04', NULL, 1);
INSERT INTO `room_lease_term` VALUES (166, 13, 1, '2023-08-19 15:48:26', NULL, 1);
INSERT INTO `room_lease_term` VALUES (167, 13, 3, '2023-08-19 15:48:26', NULL, 1);
INSERT INTO `room_lease_term` VALUES (168, 13, 4, '2023-08-19 15:48:26', NULL, 1);
INSERT INTO `room_lease_term` VALUES (169, 13, 6, '2023-08-19 15:48:26', NULL, 1);
INSERT INTO `room_lease_term` VALUES (170, 14, 1, '2023-08-19 15:48:46', NULL, 1);
INSERT INTO `room_lease_term` VALUES (171, 14, 3, '2023-08-19 15:48:46', NULL, 1);
INSERT INTO `room_lease_term` VALUES (172, 14, 4, '2023-08-19 15:48:46', NULL, 1);
INSERT INTO `room_lease_term` VALUES (173, 14, 6, '2023-08-19 15:48:46', NULL, 1);
INSERT INTO `room_lease_term` VALUES (174, 15, 1, '2023-08-19 15:49:04', NULL, 1);
INSERT INTO `room_lease_term` VALUES (175, 15, 3, '2023-08-19 15:49:04', NULL, 1);
INSERT INTO `room_lease_term` VALUES (176, 15, 4, '2023-08-19 15:49:04', NULL, 1);
INSERT INTO `room_lease_term` VALUES (177, 15, 6, '2023-08-19 15:49:04', NULL, 1);
INSERT INTO `room_lease_term` VALUES (178, 16, 1, '2023-08-19 15:49:22', NULL, 1);
INSERT INTO `room_lease_term` VALUES (179, 16, 3, '2023-08-19 15:49:22', NULL, 1);
INSERT INTO `room_lease_term` VALUES (180, 16, 4, '2023-08-19 15:49:22', NULL, 1);
INSERT INTO `room_lease_term` VALUES (181, 16, 6, '2023-08-19 15:49:22', NULL, 1);
INSERT INTO `room_lease_term` VALUES (182, 17, 1, '2023-08-19 15:49:38', NULL, 1);
INSERT INTO `room_lease_term` VALUES (183, 17, 3, '2023-08-19 15:49:38', NULL, 1);
INSERT INTO `room_lease_term` VALUES (184, 17, 4, '2023-08-19 15:49:38', NULL, 1);
INSERT INTO `room_lease_term` VALUES (185, 17, 6, '2023-08-19 15:49:38', NULL, 1);
INSERT INTO `room_lease_term` VALUES (8377, 273, 4, '2026-03-14 16:13:16', '2026-03-14 16:13:16', 1);
INSERT INTO `room_lease_term` VALUES (8378, 273, 3, '2026-03-14 16:13:16', '2026-03-14 16:13:16', 1);
INSERT INTO `room_lease_term` VALUES (8379, 273, 1, '2026-03-14 16:13:16', '2026-03-14 16:13:16', 1);
INSERT INTO `room_lease_term` VALUES (8380, 274, 6, '2026-03-14 16:13:16', '2026-03-14 16:13:16', 1);
INSERT INTO `room_lease_term` VALUES (8381, 274, 3, '2026-03-14 16:13:16', '2026-03-14 16:13:16', 1);
INSERT INTO `room_lease_term` VALUES (8382, 274, 1, '2026-03-14 16:13:16', '2026-03-14 16:13:16', 1);
INSERT INTO `room_lease_term` VALUES (8383, 275, 6, '2026-03-14 16:13:16', '2026-03-14 16:13:16', 1);
INSERT INTO `room_lease_term` VALUES (8384, 275, 4, '2026-03-14 16:13:16', '2026-03-14 16:13:16', 1);
INSERT INTO `room_lease_term` VALUES (8385, 275, 3, '2026-03-14 16:13:16', '2026-03-14 16:13:16', 1);
INSERT INTO `room_lease_term` VALUES (8386, 276, 6, '2026-03-14 16:13:16', '2026-03-14 16:13:16', 1);
INSERT INTO `room_lease_term` VALUES (8387, 276, 4, '2026-03-14 16:13:16', '2026-03-14 16:13:16', 1);
INSERT INTO `room_lease_term` VALUES (8388, 276, 1, '2026-03-14 16:13:16', '2026-03-14 16:13:16', 1);
INSERT INTO `room_lease_term` VALUES (8389, 277, 4, '2026-03-14 16:13:16', '2026-03-14 16:13:16', 1);
INSERT INTO `room_lease_term` VALUES (8390, 277, 3, '2026-03-14 16:13:16', '2026-03-14 16:13:16', 1);
INSERT INTO `room_lease_term` VALUES (8391, 277, 1, '2026-03-14 16:13:16', '2026-03-14 16:13:16', 1);
INSERT INTO `room_lease_term` VALUES (8392, 278, 6, '2026-03-14 16:13:16', '2026-03-14 16:13:16', 1);
INSERT INTO `room_lease_term` VALUES (8393, 278, 4, '2026-03-14 16:13:16', '2026-03-14 16:13:16', 1);
INSERT INTO `room_lease_term` VALUES (8394, 278, 3, '2026-03-14 16:13:16', '2026-03-14 16:13:16', 1);
INSERT INTO `room_lease_term` VALUES (8395, 279, 6, '2026-03-14 16:13:16', '2026-03-14 16:13:16', 1);
INSERT INTO `room_lease_term` VALUES (8396, 279, 3, '2026-03-14 16:13:16', '2026-03-14 16:13:16', 1);
INSERT INTO `room_lease_term` VALUES (8397, 279, 1, '2026-03-14 16:13:16', '2026-03-14 16:13:16', 1);
INSERT INTO `room_lease_term` VALUES (8398, 280, 4, '2026-03-14 16:13:16', '2026-03-14 16:13:16', 1);
INSERT INTO `room_lease_term` VALUES (8399, 280, 3, '2026-03-14 16:13:16', '2026-03-14 16:13:16', 1);
INSERT INTO `room_lease_term` VALUES (8400, 280, 1, '2026-03-14 16:13:16', '2026-03-14 16:13:16', 1);
INSERT INTO `room_lease_term` VALUES (8401, 281, 6, '2026-03-14 16:13:16', '2026-03-14 16:13:16', 1);
INSERT INTO `room_lease_term` VALUES (8402, 281, 4, '2026-03-14 16:13:16', '2026-03-14 16:13:16', 1);
INSERT INTO `room_lease_term` VALUES (8403, 281, 3, '2026-03-14 16:13:16', '2026-03-14 16:13:16', 1);
INSERT INTO `room_lease_term` VALUES (8404, 282, 4, '2026-03-14 16:13:16', '2026-03-14 16:13:16', 1);
INSERT INTO `room_lease_term` VALUES (8405, 282, 6, '2026-03-14 16:13:16', '2026-03-14 16:13:16', 1);
INSERT INTO `room_lease_term` VALUES (8406, 282, 3, '2026-03-14 16:13:16', '2026-03-14 16:13:16', 1);
INSERT INTO `room_lease_term` VALUES (8407, 283, 4, '2026-03-14 16:13:16', '2026-03-14 16:13:16', 1);
INSERT INTO `room_lease_term` VALUES (8408, 283, 3, '2026-03-14 16:13:16', '2026-03-14 16:13:16', 1);
INSERT INTO `room_lease_term` VALUES (8409, 283, 1, '2026-03-14 16:13:16', '2026-03-14 16:13:16', 1);
INSERT INTO `room_lease_term` VALUES (8410, 284, 6, '2026-03-14 16:13:16', '2026-03-14 16:13:16', 1);
INSERT INTO `room_lease_term` VALUES (8411, 284, 3, '2026-03-14 16:13:16', '2026-03-14 16:13:16', 1);
INSERT INTO `room_lease_term` VALUES (8412, 284, 1, '2026-03-14 16:13:16', '2026-03-14 16:13:16', 1);
INSERT INTO `room_lease_term` VALUES (8413, 285, 6, '2026-03-14 16:13:16', '2026-03-14 16:13:16', 1);
INSERT INTO `room_lease_term` VALUES (8414, 285, 4, '2026-03-14 16:13:16', '2026-03-14 16:13:16', 1);
INSERT INTO `room_lease_term` VALUES (8415, 285, 3, '2026-03-14 16:13:16', '2026-03-14 16:13:16', 1);
INSERT INTO `room_lease_term` VALUES (8416, 286, 6, '2026-03-14 16:13:16', '2026-03-14 16:13:16', 1);
INSERT INTO `room_lease_term` VALUES (8417, 286, 4, '2026-03-14 16:13:16', '2026-03-14 16:13:16', 1);
INSERT INTO `room_lease_term` VALUES (8418, 286, 1, '2026-03-14 16:13:16', '2026-03-14 16:13:16', 1);
INSERT INTO `room_lease_term` VALUES (8419, 287, 4, '2026-03-14 16:13:16', '2026-03-14 16:13:16', 1);
INSERT INTO `room_lease_term` VALUES (8420, 287, 3, '2026-03-14 16:13:16', '2026-03-14 16:13:16', 1);
INSERT INTO `room_lease_term` VALUES (8421, 287, 1, '2026-03-14 16:13:16', '2026-03-14 16:13:16', 1);
INSERT INTO `room_lease_term` VALUES (8422, 288, 6, '2026-03-14 16:13:16', '2026-03-14 16:13:16', 1);
INSERT INTO `room_lease_term` VALUES (8423, 288, 4, '2026-03-14 16:13:16', '2026-03-14 16:13:16', 1);
INSERT INTO `room_lease_term` VALUES (8424, 288, 3, '2026-03-14 16:13:16', '2026-03-14 16:13:16', 1);
INSERT INTO `room_lease_term` VALUES (8425, 289, 6, '2026-03-14 16:13:16', '2026-03-14 16:13:16', 1);
INSERT INTO `room_lease_term` VALUES (8426, 289, 3, '2026-03-14 16:13:16', '2026-03-14 16:13:16', 1);
INSERT INTO `room_lease_term` VALUES (8427, 289, 1, '2026-03-14 16:13:16', '2026-03-14 16:13:16', 1);
INSERT INTO `room_lease_term` VALUES (8428, 290, 4, '2026-03-14 16:13:16', '2026-03-14 16:13:16', 1);
INSERT INTO `room_lease_term` VALUES (8429, 290, 3, '2026-03-14 16:13:16', '2026-03-14 16:13:16', 1);
INSERT INTO `room_lease_term` VALUES (8430, 290, 1, '2026-03-14 16:13:16', '2026-03-14 16:13:16', 1);
INSERT INTO `room_lease_term` VALUES (8431, 291, 6, '2026-03-14 16:13:16', '2026-03-14 16:13:16', 1);
INSERT INTO `room_lease_term` VALUES (8432, 291, 4, '2026-03-14 16:13:16', '2026-03-14 16:13:16', 1);
INSERT INTO `room_lease_term` VALUES (8433, 291, 3, '2026-03-14 16:13:16', '2026-03-14 16:13:16', 1);
INSERT INTO `room_lease_term` VALUES (8434, 292, 4, '2026-03-14 16:13:16', '2026-03-14 16:13:16', 1);
INSERT INTO `room_lease_term` VALUES (8435, 292, 6, '2026-03-14 16:13:16', '2026-03-14 16:13:16', 1);
INSERT INTO `room_lease_term` VALUES (8436, 292, 3, '2026-03-14 16:13:16', '2026-03-14 16:13:16', 1);
INSERT INTO `room_lease_term` VALUES (8437, 293, 4, '2026-03-14 16:13:16', '2026-03-14 16:13:16', 1);
INSERT INTO `room_lease_term` VALUES (8438, 293, 3, '2026-03-14 16:13:16', '2026-03-14 16:13:16', 1);
INSERT INTO `room_lease_term` VALUES (8439, 293, 1, '2026-03-14 16:13:16', '2026-03-14 16:13:16', 1);
INSERT INTO `room_lease_term` VALUES (8440, 294, 6, '2026-03-14 16:13:16', '2026-03-14 16:13:16', 1);
INSERT INTO `room_lease_term` VALUES (8441, 294, 3, '2026-03-14 16:13:16', '2026-03-14 16:13:16', 1);
INSERT INTO `room_lease_term` VALUES (8442, 294, 1, '2026-03-14 16:13:16', '2026-03-14 16:13:16', 1);
INSERT INTO `room_lease_term` VALUES (8443, 295, 6, '2026-03-14 16:13:16', '2026-03-14 16:13:16', 1);
INSERT INTO `room_lease_term` VALUES (8444, 295, 4, '2026-03-14 16:13:16', '2026-03-14 16:13:16', 1);
INSERT INTO `room_lease_term` VALUES (8445, 295, 3, '2026-03-14 16:13:16', '2026-03-14 16:13:16', 1);
INSERT INTO `room_lease_term` VALUES (8446, 296, 6, '2026-03-14 16:13:16', '2026-03-14 16:13:16', 1);
INSERT INTO `room_lease_term` VALUES (8447, 296, 4, '2026-03-14 16:13:16', '2026-03-14 16:13:16', 1);
INSERT INTO `room_lease_term` VALUES (8448, 296, 1, '2026-03-14 16:13:16', '2026-03-14 16:13:16', 1);
INSERT INTO `room_lease_term` VALUES (8449, 297, 4, '2026-03-14 16:13:16', '2026-03-14 16:13:16', 1);
INSERT INTO `room_lease_term` VALUES (8450, 297, 3, '2026-03-14 16:13:16', '2026-03-14 16:13:16', 1);
INSERT INTO `room_lease_term` VALUES (8451, 297, 1, '2026-03-14 16:13:16', '2026-03-14 16:13:16', 1);
INSERT INTO `room_lease_term` VALUES (8452, 298, 6, '2026-03-14 16:13:16', '2026-03-14 16:13:16', 1);
INSERT INTO `room_lease_term` VALUES (8453, 298, 4, '2026-03-14 16:13:16', '2026-03-14 16:13:16', 1);
INSERT INTO `room_lease_term` VALUES (8454, 298, 3, '2026-03-14 16:13:16', '2026-03-14 16:13:16', 1);
INSERT INTO `room_lease_term` VALUES (8455, 299, 6, '2026-03-14 16:13:16', '2026-03-14 16:13:16', 1);
INSERT INTO `room_lease_term` VALUES (8456, 299, 3, '2026-03-14 16:13:16', '2026-03-14 16:13:16', 1);
INSERT INTO `room_lease_term` VALUES (8457, 299, 1, '2026-03-14 16:13:16', '2026-03-14 16:13:16', 1);
INSERT INTO `room_lease_term` VALUES (8458, 300, 4, '2026-03-14 16:13:16', '2026-03-14 16:13:16', 1);
INSERT INTO `room_lease_term` VALUES (8459, 300, 3, '2026-03-14 16:13:16', '2026-03-14 16:13:16', 1);
INSERT INTO `room_lease_term` VALUES (8460, 300, 1, '2026-03-14 16:13:16', '2026-03-14 16:13:16', 1);
INSERT INTO `room_lease_term` VALUES (8461, 301, 6, '2026-03-14 16:13:16', '2026-03-14 16:13:16', 1);
INSERT INTO `room_lease_term` VALUES (8462, 301, 4, '2026-03-14 16:13:16', '2026-03-14 16:13:16', 1);
INSERT INTO `room_lease_term` VALUES (8463, 301, 3, '2026-03-14 16:13:16', '2026-03-14 16:13:16', 1);
INSERT INTO `room_lease_term` VALUES (8464, 302, 4, '2026-03-14 16:13:16', '2026-03-14 16:13:16', 1);
INSERT INTO `room_lease_term` VALUES (8465, 302, 6, '2026-03-14 16:13:16', '2026-03-14 16:13:16', 1);
INSERT INTO `room_lease_term` VALUES (8466, 302, 3, '2026-03-14 16:13:16', '2026-03-14 16:13:16', 1);
INSERT INTO `room_lease_term` VALUES (8467, 303, 4, '2026-03-14 16:13:16', '2026-03-14 16:13:16', 1);
INSERT INTO `room_lease_term` VALUES (8468, 303, 3, '2026-03-14 16:13:16', '2026-03-14 16:13:16', 1);
INSERT INTO `room_lease_term` VALUES (8469, 303, 1, '2026-03-14 16:13:16', '2026-03-14 16:13:16', 1);
INSERT INTO `room_lease_term` VALUES (8470, 304, 6, '2026-03-14 16:13:16', '2026-03-14 16:13:16', 1);
INSERT INTO `room_lease_term` VALUES (8471, 304, 3, '2026-03-14 16:13:16', '2026-03-14 16:13:16', 1);
INSERT INTO `room_lease_term` VALUES (8472, 304, 1, '2026-03-14 16:13:16', '2026-03-14 16:13:16', 1);
INSERT INTO `room_lease_term` VALUES (8473, 305, 6, '2026-03-14 16:13:16', '2026-03-14 16:13:16', 1);
INSERT INTO `room_lease_term` VALUES (8474, 305, 4, '2026-03-14 16:13:16', '2026-03-14 16:13:16', 1);
INSERT INTO `room_lease_term` VALUES (8475, 305, 3, '2026-03-14 16:13:16', '2026-03-14 16:13:16', 1);
INSERT INTO `room_lease_term` VALUES (8476, 306, 6, '2026-03-14 16:13:16', '2026-03-14 16:13:16', 1);
INSERT INTO `room_lease_term` VALUES (8477, 306, 4, '2026-03-14 16:13:16', '2026-03-14 16:13:16', 1);
INSERT INTO `room_lease_term` VALUES (8478, 306, 1, '2026-03-14 16:13:16', '2026-03-14 16:13:16', 1);
INSERT INTO `room_lease_term` VALUES (8479, 307, 4, '2026-03-14 16:13:16', '2026-03-14 16:13:16', 1);
INSERT INTO `room_lease_term` VALUES (8480, 307, 3, '2026-03-14 16:13:16', '2026-03-14 16:13:16', 1);
INSERT INTO `room_lease_term` VALUES (8481, 307, 1, '2026-03-14 16:13:16', '2026-03-14 16:13:16', 1);
INSERT INTO `room_lease_term` VALUES (8482, 308, 6, '2026-03-14 16:13:16', '2026-03-14 16:13:16', 1);
INSERT INTO `room_lease_term` VALUES (8483, 308, 4, '2026-03-14 16:13:16', '2026-03-14 16:13:16', 1);
INSERT INTO `room_lease_term` VALUES (8484, 308, 3, '2026-03-14 16:13:16', '2026-03-14 16:13:16', 1);
INSERT INTO `room_lease_term` VALUES (8485, 309, 6, '2026-03-14 16:13:16', '2026-03-14 16:13:16', 1);
INSERT INTO `room_lease_term` VALUES (8486, 309, 3, '2026-03-14 16:13:16', '2026-03-14 16:13:16', 1);
INSERT INTO `room_lease_term` VALUES (8487, 309, 1, '2026-03-14 16:13:16', '2026-03-14 16:13:16', 1);
INSERT INTO `room_lease_term` VALUES (8488, 310, 4, '2026-03-14 16:13:16', '2026-03-14 16:13:16', 1);
INSERT INTO `room_lease_term` VALUES (8489, 310, 3, '2026-03-14 16:13:16', '2026-03-14 16:13:16', 1);
INSERT INTO `room_lease_term` VALUES (8490, 310, 1, '2026-03-14 16:13:16', '2026-03-14 16:13:16', 1);
INSERT INTO `room_lease_term` VALUES (8491, 311, 6, '2026-03-14 16:13:16', '2026-03-14 16:13:16', 1);
INSERT INTO `room_lease_term` VALUES (8492, 311, 4, '2026-03-14 16:13:16', '2026-03-14 16:13:16', 1);
INSERT INTO `room_lease_term` VALUES (8493, 311, 3, '2026-03-14 16:13:16', '2026-03-14 16:13:16', 1);
INSERT INTO `room_lease_term` VALUES (8494, 312, 4, '2026-03-14 16:13:16', '2026-03-14 16:13:16', 1);
INSERT INTO `room_lease_term` VALUES (8495, 312, 6, '2026-03-14 16:13:16', '2026-03-14 16:13:16', 1);
INSERT INTO `room_lease_term` VALUES (8496, 312, 3, '2026-03-14 16:13:16', '2026-03-14 16:13:16', 1);
INSERT INTO `room_lease_term` VALUES (8497, 313, 4, '2026-03-14 16:13:16', '2026-03-14 16:13:16', 1);
INSERT INTO `room_lease_term` VALUES (8498, 313, 3, '2026-03-14 16:13:16', '2026-03-14 16:13:16', 1);
INSERT INTO `room_lease_term` VALUES (8499, 313, 1, '2026-03-14 16:13:16', '2026-03-14 16:13:16', 1);
INSERT INTO `room_lease_term` VALUES (8500, 314, 6, '2026-03-14 16:13:16', '2026-03-14 16:13:16', 1);
INSERT INTO `room_lease_term` VALUES (8501, 314, 3, '2026-03-14 16:13:16', '2026-03-14 16:13:16', 1);
INSERT INTO `room_lease_term` VALUES (8502, 314, 1, '2026-03-14 16:13:16', '2026-03-14 16:13:16', 1);
INSERT INTO `room_lease_term` VALUES (8503, 315, 6, '2026-03-14 16:13:16', '2026-03-14 16:13:16', 1);
INSERT INTO `room_lease_term` VALUES (8504, 315, 4, '2026-03-14 16:13:16', '2026-03-14 16:13:16', 1);
INSERT INTO `room_lease_term` VALUES (8505, 315, 3, '2026-03-14 16:13:16', '2026-03-14 16:13:16', 1);
INSERT INTO `room_lease_term` VALUES (8506, 316, 6, '2026-03-14 16:13:16', '2026-03-14 16:13:16', 1);
INSERT INTO `room_lease_term` VALUES (8507, 316, 4, '2026-03-14 16:13:16', '2026-03-14 16:13:16', 1);
INSERT INTO `room_lease_term` VALUES (8508, 316, 1, '2026-03-14 16:13:16', '2026-03-14 16:13:16', 1);
INSERT INTO `room_lease_term` VALUES (8509, 317, 4, '2026-03-14 16:13:16', '2026-03-14 16:13:16', 1);
INSERT INTO `room_lease_term` VALUES (8510, 317, 3, '2026-03-14 16:13:16', '2026-03-14 16:13:16', 1);
INSERT INTO `room_lease_term` VALUES (8511, 317, 1, '2026-03-14 16:13:16', '2026-03-14 16:13:16', 1);
INSERT INTO `room_lease_term` VALUES (8512, 318, 6, '2026-03-14 16:13:16', '2026-03-14 16:13:16', 1);
INSERT INTO `room_lease_term` VALUES (8513, 318, 4, '2026-03-14 16:13:16', '2026-03-14 16:13:16', 1);
INSERT INTO `room_lease_term` VALUES (8514, 318, 3, '2026-03-14 16:13:16', '2026-03-14 16:13:16', 1);
INSERT INTO `room_lease_term` VALUES (8515, 319, 6, '2026-03-14 16:13:16', '2026-03-14 16:13:16', 1);
INSERT INTO `room_lease_term` VALUES (8516, 319, 3, '2026-03-14 16:13:16', '2026-03-14 16:13:16', 1);
INSERT INTO `room_lease_term` VALUES (8517, 319, 1, '2026-03-14 16:13:16', '2026-03-14 16:13:16', 1);
INSERT INTO `room_lease_term` VALUES (8518, 320, 4, '2026-03-14 16:13:16', '2026-03-14 16:13:16', 1);
INSERT INTO `room_lease_term` VALUES (8519, 320, 3, '2026-03-14 16:13:16', '2026-03-14 16:13:16', 1);
INSERT INTO `room_lease_term` VALUES (8520, 320, 1, '2026-03-14 16:13:16', '2026-03-14 16:13:16', 1);
INSERT INTO `room_lease_term` VALUES (8521, 321, 6, '2026-03-14 16:13:16', '2026-03-14 16:13:16', 1);
INSERT INTO `room_lease_term` VALUES (8522, 321, 4, '2026-03-14 16:13:16', '2026-03-14 16:13:16', 1);
INSERT INTO `room_lease_term` VALUES (8523, 321, 3, '2026-03-14 16:13:16', '2026-03-14 16:13:16', 1);
INSERT INTO `room_lease_term` VALUES (8524, 322, 4, '2026-03-14 16:13:16', '2026-03-14 16:13:16', 1);
INSERT INTO `room_lease_term` VALUES (8525, 322, 6, '2026-03-14 16:13:16', '2026-03-14 16:13:16', 1);
INSERT INTO `room_lease_term` VALUES (8526, 322, 3, '2026-03-14 16:13:16', '2026-03-14 16:13:16', 1);
INSERT INTO `room_lease_term` VALUES (8632, 273, 1, '2026-03-15 17:25:38', NULL, 1);
INSERT INTO `room_lease_term` VALUES (8633, 273, 3, '2026-03-15 17:25:38', NULL, 1);
INSERT INTO `room_lease_term` VALUES (8634, 273, 4, '2026-03-15 17:25:38', NULL, 1);
INSERT INTO `room_lease_term` VALUES (8635, 2, 1, '2026-03-15 17:27:12', NULL, 1);
INSERT INTO `room_lease_term` VALUES (8636, 2, 3, '2026-03-15 17:27:12', NULL, 1);
INSERT INTO `room_lease_term` VALUES (8637, 2, 4, '2026-03-15 17:27:12', NULL, 1);
INSERT INTO `room_lease_term` VALUES (8638, 2, 6, '2026-03-15 17:27:12', NULL, 1);
INSERT INTO `room_lease_term` VALUES (8639, 2, 1, '2026-03-15 17:45:09', NULL, 1);
INSERT INTO `room_lease_term` VALUES (8640, 2, 3, '2026-03-15 17:45:09', NULL, 1);
INSERT INTO `room_lease_term` VALUES (8641, 2, 4, '2026-03-15 17:45:09', NULL, 1);
INSERT INTO `room_lease_term` VALUES (8642, 2, 6, '2026-03-15 17:45:09', NULL, 1);
INSERT INTO `room_lease_term` VALUES (8643, 2, 1, '2026-03-15 17:59:15', NULL, 1);
INSERT INTO `room_lease_term` VALUES (8644, 2, 3, '2026-03-15 17:59:15', NULL, 1);
INSERT INTO `room_lease_term` VALUES (8645, 2, 4, '2026-03-15 17:59:15', NULL, 1);
INSERT INTO `room_lease_term` VALUES (8646, 2, 6, '2026-03-15 17:59:15', NULL, 1);
INSERT INTO `room_lease_term` VALUES (8647, 2, 1, '2026-03-15 21:07:11', NULL, 1);
INSERT INTO `room_lease_term` VALUES (8648, 2, 3, '2026-03-15 21:07:11', NULL, 1);
INSERT INTO `room_lease_term` VALUES (8649, 2, 4, '2026-03-15 21:07:11', NULL, 1);
INSERT INTO `room_lease_term` VALUES (8650, 2, 6, '2026-03-15 21:07:11', NULL, 1);
INSERT INTO `room_lease_term` VALUES (8651, 2, 1, '2026-03-15 21:16:56', NULL, 1);
INSERT INTO `room_lease_term` VALUES (8652, 2, 3, '2026-03-15 21:16:56', NULL, 1);
INSERT INTO `room_lease_term` VALUES (8653, 2, 4, '2026-03-15 21:16:56', NULL, 1);
INSERT INTO `room_lease_term` VALUES (8654, 2, 6, '2026-03-15 21:16:56', NULL, 1);
INSERT INTO `room_lease_term` VALUES (8655, 273, 1, '2026-03-16 15:01:56', NULL, 1);
INSERT INTO `room_lease_term` VALUES (8656, 273, 3, '2026-03-16 15:01:56', NULL, 1);
INSERT INTO `room_lease_term` VALUES (8657, 273, 4, '2026-03-16 15:01:56', NULL, 1);
INSERT INTO `room_lease_term` VALUES (8658, 306, 1, '2026-03-16 15:02:25', NULL, 1);
INSERT INTO `room_lease_term` VALUES (8659, 306, 4, '2026-03-16 15:02:25', NULL, 1);
INSERT INTO `room_lease_term` VALUES (8660, 306, 6, '2026-03-16 15:02:25', NULL, 1);
INSERT INTO `room_lease_term` VALUES (8661, 274, 1, '2026-03-16 15:02:43', NULL, 1);
INSERT INTO `room_lease_term` VALUES (8662, 274, 3, '2026-03-16 15:02:43', NULL, 1);
INSERT INTO `room_lease_term` VALUES (8663, 274, 6, '2026-03-16 15:02:43', NULL, 1);
INSERT INTO `room_lease_term` VALUES (8664, 293, 1, '2026-03-16 15:03:46', NULL, 1);
INSERT INTO `room_lease_term` VALUES (8665, 293, 3, '2026-03-16 15:03:46', NULL, 1);
INSERT INTO `room_lease_term` VALUES (8666, 293, 4, '2026-03-16 15:03:46', NULL, 1);
INSERT INTO `room_lease_term` VALUES (8667, 3, 1, '2026-03-16 15:04:04', NULL, 1);
INSERT INTO `room_lease_term` VALUES (8668, 3, 3, '2026-03-16 15:04:04', NULL, 1);
INSERT INTO `room_lease_term` VALUES (8669, 3, 4, '2026-03-16 15:04:04', NULL, 1);
INSERT INTO `room_lease_term` VALUES (8670, 3, 6, '2026-03-16 15:04:04', NULL, 1);
INSERT INTO `room_lease_term` VALUES (8671, 8, 1, '2026-03-16 15:04:13', NULL, 1);
INSERT INTO `room_lease_term` VALUES (8672, 8, 3, '2026-03-16 15:04:13', NULL, 1);
INSERT INTO `room_lease_term` VALUES (8673, 8, 4, '2026-03-16 15:04:13', NULL, 1);
INSERT INTO `room_lease_term` VALUES (8674, 8, 6, '2026-03-16 15:04:13', NULL, 1);
INSERT INTO `room_lease_term` VALUES (8675, 10, 1, '2026-03-16 15:04:22', NULL, 1);
INSERT INTO `room_lease_term` VALUES (8676, 10, 3, '2026-03-16 15:04:22', NULL, 1);
INSERT INTO `room_lease_term` VALUES (8677, 10, 4, '2026-03-16 15:04:22', NULL, 1);
INSERT INTO `room_lease_term` VALUES (8678, 10, 6, '2026-03-16 15:04:22', NULL, 1);
INSERT INTO `room_lease_term` VALUES (8679, 9, 1, '2026-03-16 15:04:31', NULL, 1);
INSERT INTO `room_lease_term` VALUES (8680, 9, 3, '2026-03-16 15:04:31', NULL, 1);
INSERT INTO `room_lease_term` VALUES (8681, 9, 4, '2026-03-16 15:04:31', NULL, 1);
INSERT INTO `room_lease_term` VALUES (8682, 9, 6, '2026-03-16 15:04:31', NULL, 1);
INSERT INTO `room_lease_term` VALUES (8683, 11, 1, '2026-03-16 15:04:43', NULL, 1);
INSERT INTO `room_lease_term` VALUES (8684, 11, 3, '2026-03-16 15:04:43', NULL, 1);
INSERT INTO `room_lease_term` VALUES (8685, 11, 4, '2026-03-16 15:04:43', NULL, 1);
INSERT INTO `room_lease_term` VALUES (8686, 11, 6, '2026-03-16 15:04:43', NULL, 1);
INSERT INTO `room_lease_term` VALUES (8687, 12, 1, '2026-03-16 15:05:14', NULL, 1);
INSERT INTO `room_lease_term` VALUES (8688, 12, 3, '2026-03-16 15:05:14', NULL, 1);
INSERT INTO `room_lease_term` VALUES (8689, 12, 4, '2026-03-16 15:05:14', NULL, 1);
INSERT INTO `room_lease_term` VALUES (8690, 12, 6, '2026-03-16 15:05:14', NULL, 1);
INSERT INTO `room_lease_term` VALUES (8691, 13, 1, '2026-03-16 15:05:25', NULL, 1);
INSERT INTO `room_lease_term` VALUES (8692, 13, 3, '2026-03-16 15:05:25', NULL, 1);
INSERT INTO `room_lease_term` VALUES (8693, 13, 4, '2026-03-16 15:05:25', NULL, 1);
INSERT INTO `room_lease_term` VALUES (8694, 13, 6, '2026-03-16 15:05:25', NULL, 1);
INSERT INTO `room_lease_term` VALUES (8695, 14, 1, '2026-03-16 15:05:38', NULL, 1);
INSERT INTO `room_lease_term` VALUES (8696, 14, 3, '2026-03-16 15:05:38', NULL, 1);
INSERT INTO `room_lease_term` VALUES (8697, 14, 4, '2026-03-16 15:05:38', NULL, 1);
INSERT INTO `room_lease_term` VALUES (8698, 14, 6, '2026-03-16 15:05:38', NULL, 1);
INSERT INTO `room_lease_term` VALUES (8699, 15, 1, '2026-03-16 15:30:03', NULL, 1);
INSERT INTO `room_lease_term` VALUES (8700, 15, 3, '2026-03-16 15:30:03', NULL, 1);
INSERT INTO `room_lease_term` VALUES (8701, 15, 4, '2026-03-16 15:30:03', NULL, 1);
INSERT INTO `room_lease_term` VALUES (8702, 15, 6, '2026-03-16 15:30:03', NULL, 1);
INSERT INTO `room_lease_term` VALUES (8703, 16, 1, '2026-03-16 15:45:09', NULL, 1);
INSERT INTO `room_lease_term` VALUES (8704, 16, 3, '2026-03-16 15:45:09', NULL, 1);
INSERT INTO `room_lease_term` VALUES (8705, 16, 4, '2026-03-16 15:45:09', NULL, 1);
INSERT INTO `room_lease_term` VALUES (8706, 16, 6, '2026-03-16 15:45:09', NULL, 1);
INSERT INTO `room_lease_term` VALUES (8707, 313, 1, '2026-03-16 15:53:47', NULL, 0);
INSERT INTO `room_lease_term` VALUES (8708, 313, 3, '2026-03-16 15:53:47', NULL, 0);
INSERT INTO `room_lease_term` VALUES (8709, 313, 4, '2026-03-16 15:53:47', NULL, 0);
INSERT INTO `room_lease_term` VALUES (8710, 314, 1, '2026-03-16 15:53:48', NULL, 0);
INSERT INTO `room_lease_term` VALUES (8711, 314, 3, '2026-03-16 15:53:48', NULL, 0);
INSERT INTO `room_lease_term` VALUES (8712, 314, 6, '2026-03-16 15:53:48', NULL, 0);
INSERT INTO `room_lease_term` VALUES (8713, 315, 3, '2026-03-16 15:53:49', NULL, 0);
INSERT INTO `room_lease_term` VALUES (8714, 315, 4, '2026-03-16 15:53:49', NULL, 0);
INSERT INTO `room_lease_term` VALUES (8715, 315, 6, '2026-03-16 15:53:49', NULL, 0);
INSERT INTO `room_lease_term` VALUES (8716, 316, 1, '2026-03-16 15:53:50', NULL, 0);
INSERT INTO `room_lease_term` VALUES (8717, 316, 4, '2026-03-16 15:53:50', NULL, 0);
INSERT INTO `room_lease_term` VALUES (8718, 316, 6, '2026-03-16 15:53:50', NULL, 0);
INSERT INTO `room_lease_term` VALUES (8719, 317, 1, '2026-03-16 15:53:50', NULL, 0);
INSERT INTO `room_lease_term` VALUES (8720, 317, 3, '2026-03-16 15:53:50', NULL, 0);
INSERT INTO `room_lease_term` VALUES (8721, 317, 4, '2026-03-16 15:53:50', NULL, 0);
INSERT INTO `room_lease_term` VALUES (8722, 318, 3, '2026-03-16 15:53:51', NULL, 0);
INSERT INTO `room_lease_term` VALUES (8723, 318, 4, '2026-03-16 15:53:51', NULL, 0);
INSERT INTO `room_lease_term` VALUES (8724, 318, 6, '2026-03-16 15:53:51', NULL, 0);
INSERT INTO `room_lease_term` VALUES (8725, 319, 1, '2026-03-16 15:53:52', NULL, 0);
INSERT INTO `room_lease_term` VALUES (8726, 319, 3, '2026-03-16 15:53:52', NULL, 0);
INSERT INTO `room_lease_term` VALUES (8727, 319, 6, '2026-03-16 15:53:52', NULL, 0);
INSERT INTO `room_lease_term` VALUES (8728, 320, 1, '2026-03-16 15:53:53', NULL, 0);
INSERT INTO `room_lease_term` VALUES (8729, 320, 3, '2026-03-16 15:53:53', NULL, 0);
INSERT INTO `room_lease_term` VALUES (8730, 320, 4, '2026-03-16 15:53:53', NULL, 0);
INSERT INTO `room_lease_term` VALUES (8731, 321, 3, '2026-03-16 15:53:54', NULL, 0);
INSERT INTO `room_lease_term` VALUES (8732, 321, 4, '2026-03-16 15:53:54', NULL, 0);
INSERT INTO `room_lease_term` VALUES (8733, 321, 6, '2026-03-16 15:53:54', NULL, 0);
INSERT INTO `room_lease_term` VALUES (8734, 322, 3, '2026-03-16 15:53:54', NULL, 0);
INSERT INTO `room_lease_term` VALUES (8735, 322, 4, '2026-03-16 15:53:54', NULL, 0);
INSERT INTO `room_lease_term` VALUES (8736, 322, 6, '2026-03-16 15:53:54', NULL, 0);
INSERT INTO `room_lease_term` VALUES (8737, 273, 1, '2026-03-16 15:55:32', NULL, 0);
INSERT INTO `room_lease_term` VALUES (8738, 273, 3, '2026-03-16 15:55:32', NULL, 0);
INSERT INTO `room_lease_term` VALUES (8739, 273, 4, '2026-03-16 15:55:32', NULL, 0);
INSERT INTO `room_lease_term` VALUES (8740, 274, 1, '2026-03-16 15:55:33', NULL, 0);
INSERT INTO `room_lease_term` VALUES (8741, 274, 3, '2026-03-16 15:55:33', NULL, 0);
INSERT INTO `room_lease_term` VALUES (8742, 274, 6, '2026-03-16 15:55:33', NULL, 0);
INSERT INTO `room_lease_term` VALUES (8743, 275, 3, '2026-03-16 15:55:33', NULL, 0);
INSERT INTO `room_lease_term` VALUES (8744, 275, 4, '2026-03-16 15:55:34', NULL, 0);
INSERT INTO `room_lease_term` VALUES (8745, 275, 6, '2026-03-16 15:55:34', NULL, 0);
INSERT INTO `room_lease_term` VALUES (8746, 276, 1, '2026-03-16 15:55:34', NULL, 0);
INSERT INTO `room_lease_term` VALUES (8747, 276, 4, '2026-03-16 15:55:34', NULL, 0);
INSERT INTO `room_lease_term` VALUES (8748, 276, 6, '2026-03-16 15:55:34', NULL, 0);
INSERT INTO `room_lease_term` VALUES (8749, 277, 1, '2026-03-16 15:55:35', NULL, 0);
INSERT INTO `room_lease_term` VALUES (8750, 277, 3, '2026-03-16 15:55:35', NULL, 0);
INSERT INTO `room_lease_term` VALUES (8751, 277, 4, '2026-03-16 15:55:35', NULL, 0);
INSERT INTO `room_lease_term` VALUES (8752, 278, 3, '2026-03-16 15:55:36', NULL, 0);
INSERT INTO `room_lease_term` VALUES (8753, 278, 4, '2026-03-16 15:55:36', NULL, 0);
INSERT INTO `room_lease_term` VALUES (8754, 278, 6, '2026-03-16 15:55:36', NULL, 0);
INSERT INTO `room_lease_term` VALUES (8755, 279, 1, '2026-03-16 15:55:37', NULL, 0);
INSERT INTO `room_lease_term` VALUES (8756, 279, 3, '2026-03-16 15:55:37', NULL, 0);
INSERT INTO `room_lease_term` VALUES (8757, 279, 6, '2026-03-16 15:55:37', NULL, 0);
INSERT INTO `room_lease_term` VALUES (8758, 280, 1, '2026-03-16 15:55:38', NULL, 0);
INSERT INTO `room_lease_term` VALUES (8759, 280, 3, '2026-03-16 15:55:38', NULL, 0);
INSERT INTO `room_lease_term` VALUES (8760, 280, 4, '2026-03-16 15:55:38', NULL, 0);
INSERT INTO `room_lease_term` VALUES (8761, 281, 3, '2026-03-16 15:55:39', NULL, 0);
INSERT INTO `room_lease_term` VALUES (8762, 281, 4, '2026-03-16 15:55:39', NULL, 0);
INSERT INTO `room_lease_term` VALUES (8763, 281, 6, '2026-03-16 15:55:39', NULL, 0);
INSERT INTO `room_lease_term` VALUES (8764, 282, 3, '2026-03-16 15:55:40', NULL, 0);
INSERT INTO `room_lease_term` VALUES (8765, 282, 4, '2026-03-16 15:55:40', NULL, 0);
INSERT INTO `room_lease_term` VALUES (8766, 282, 6, '2026-03-16 15:55:40', NULL, 0);
INSERT INTO `room_lease_term` VALUES (8767, 306, 1, '2026-03-16 15:56:30', NULL, 0);
INSERT INTO `room_lease_term` VALUES (8768, 306, 4, '2026-03-16 15:56:30', NULL, 0);
INSERT INTO `room_lease_term` VALUES (8769, 306, 6, '2026-03-16 15:56:30', NULL, 0);
INSERT INTO `room_lease_term` VALUES (8770, 303, 1, '2026-03-16 15:56:31', NULL, 0);
INSERT INTO `room_lease_term` VALUES (8771, 303, 3, '2026-03-16 15:56:31', NULL, 0);
INSERT INTO `room_lease_term` VALUES (8772, 303, 4, '2026-03-16 15:56:31', NULL, 0);
INSERT INTO `room_lease_term` VALUES (8773, 304, 1, '2026-03-16 15:56:31', NULL, 0);
INSERT INTO `room_lease_term` VALUES (8774, 304, 3, '2026-03-16 15:56:31', NULL, 0);
INSERT INTO `room_lease_term` VALUES (8775, 304, 6, '2026-03-16 15:56:31', NULL, 0);
INSERT INTO `room_lease_term` VALUES (8776, 305, 3, '2026-03-16 15:56:32', NULL, 0);
INSERT INTO `room_lease_term` VALUES (8777, 305, 4, '2026-03-16 15:56:32', NULL, 0);
INSERT INTO `room_lease_term` VALUES (8778, 305, 6, '2026-03-16 15:56:32', NULL, 0);
INSERT INTO `room_lease_term` VALUES (8779, 307, 1, '2026-03-16 15:56:33', NULL, 0);
INSERT INTO `room_lease_term` VALUES (8780, 307, 3, '2026-03-16 15:56:33', NULL, 0);
INSERT INTO `room_lease_term` VALUES (8781, 307, 4, '2026-03-16 15:56:33', NULL, 0);
INSERT INTO `room_lease_term` VALUES (8782, 308, 3, '2026-03-16 15:56:34', NULL, 0);
INSERT INTO `room_lease_term` VALUES (8783, 308, 4, '2026-03-16 15:56:34', NULL, 0);
INSERT INTO `room_lease_term` VALUES (8784, 308, 6, '2026-03-16 15:56:34', NULL, 0);
INSERT INTO `room_lease_term` VALUES (8785, 309, 1, '2026-03-16 15:56:35', NULL, 0);
INSERT INTO `room_lease_term` VALUES (8786, 309, 3, '2026-03-16 15:56:35', NULL, 0);
INSERT INTO `room_lease_term` VALUES (8787, 309, 6, '2026-03-16 15:56:35', NULL, 0);
INSERT INTO `room_lease_term` VALUES (8788, 310, 1, '2026-03-16 15:56:36', NULL, 0);
INSERT INTO `room_lease_term` VALUES (8789, 310, 3, '2026-03-16 15:56:36', NULL, 0);
INSERT INTO `room_lease_term` VALUES (8790, 310, 4, '2026-03-16 15:56:36', NULL, 0);
INSERT INTO `room_lease_term` VALUES (8791, 311, 3, '2026-03-16 15:56:36', NULL, 0);
INSERT INTO `room_lease_term` VALUES (8792, 311, 4, '2026-03-16 15:56:36', NULL, 0);
INSERT INTO `room_lease_term` VALUES (8793, 311, 6, '2026-03-16 15:56:36', NULL, 0);
INSERT INTO `room_lease_term` VALUES (8794, 312, 3, '2026-03-16 15:56:37', NULL, 0);
INSERT INTO `room_lease_term` VALUES (8795, 312, 4, '2026-03-16 15:56:37', NULL, 0);
INSERT INTO `room_lease_term` VALUES (8796, 312, 6, '2026-03-16 15:56:37', NULL, 0);
INSERT INTO `room_lease_term` VALUES (8797, 293, 1, '2026-03-16 15:58:09', NULL, 0);
INSERT INTO `room_lease_term` VALUES (8798, 293, 3, '2026-03-16 15:58:09', NULL, 0);
INSERT INTO `room_lease_term` VALUES (8799, 293, 4, '2026-03-16 15:58:09', NULL, 0);
INSERT INTO `room_lease_term` VALUES (8800, 294, 1, '2026-03-16 15:58:10', NULL, 0);
INSERT INTO `room_lease_term` VALUES (8801, 294, 3, '2026-03-16 15:58:10', NULL, 0);
INSERT INTO `room_lease_term` VALUES (8802, 294, 6, '2026-03-16 15:58:10', NULL, 0);
INSERT INTO `room_lease_term` VALUES (8803, 295, 3, '2026-03-16 15:58:10', NULL, 0);
INSERT INTO `room_lease_term` VALUES (8804, 295, 4, '2026-03-16 15:58:10', NULL, 0);
INSERT INTO `room_lease_term` VALUES (8805, 295, 6, '2026-03-16 15:58:10', NULL, 0);
INSERT INTO `room_lease_term` VALUES (8806, 296, 1, '2026-03-16 15:58:11', NULL, 0);
INSERT INTO `room_lease_term` VALUES (8807, 296, 4, '2026-03-16 15:58:11', NULL, 0);
INSERT INTO `room_lease_term` VALUES (8808, 296, 6, '2026-03-16 15:58:11', NULL, 0);
INSERT INTO `room_lease_term` VALUES (8809, 297, 1, '2026-03-16 15:58:12', NULL, 0);
INSERT INTO `room_lease_term` VALUES (8810, 297, 3, '2026-03-16 15:58:12', NULL, 0);
INSERT INTO `room_lease_term` VALUES (8811, 297, 4, '2026-03-16 15:58:12', NULL, 0);
INSERT INTO `room_lease_term` VALUES (8812, 298, 3, '2026-03-16 15:58:13', NULL, 0);
INSERT INTO `room_lease_term` VALUES (8813, 298, 4, '2026-03-16 15:58:13', NULL, 0);
INSERT INTO `room_lease_term` VALUES (8814, 298, 6, '2026-03-16 15:58:13', NULL, 0);
INSERT INTO `room_lease_term` VALUES (8815, 299, 1, '2026-03-16 15:58:14', NULL, 0);
INSERT INTO `room_lease_term` VALUES (8816, 299, 3, '2026-03-16 15:58:14', NULL, 0);
INSERT INTO `room_lease_term` VALUES (8817, 299, 6, '2026-03-16 15:58:14', NULL, 0);
INSERT INTO `room_lease_term` VALUES (8818, 300, 1, '2026-03-16 15:58:15', NULL, 0);
INSERT INTO `room_lease_term` VALUES (8819, 300, 3, '2026-03-16 15:58:15', NULL, 0);
INSERT INTO `room_lease_term` VALUES (8820, 300, 4, '2026-03-16 15:58:15', NULL, 0);
INSERT INTO `room_lease_term` VALUES (8821, 301, 3, '2026-03-16 15:58:16', NULL, 0);
INSERT INTO `room_lease_term` VALUES (8822, 301, 4, '2026-03-16 15:58:16', NULL, 0);
INSERT INTO `room_lease_term` VALUES (8823, 301, 6, '2026-03-16 15:58:16', NULL, 0);
INSERT INTO `room_lease_term` VALUES (8824, 302, 3, '2026-03-16 15:58:16', NULL, 0);
INSERT INTO `room_lease_term` VALUES (8825, 302, 4, '2026-03-16 15:58:16', NULL, 0);
INSERT INTO `room_lease_term` VALUES (8826, 302, 6, '2026-03-16 15:58:16', NULL, 0);
INSERT INTO `room_lease_term` VALUES (8827, 2, 1, '2026-03-16 15:59:22', NULL, 0);
INSERT INTO `room_lease_term` VALUES (8828, 2, 3, '2026-03-16 15:59:22', NULL, 0);
INSERT INTO `room_lease_term` VALUES (8829, 2, 4, '2026-03-16 15:59:22', NULL, 0);
INSERT INTO `room_lease_term` VALUES (8830, 2, 6, '2026-03-16 15:59:22', NULL, 0);
INSERT INTO `room_lease_term` VALUES (8831, 8, 1, '2026-03-16 15:59:23', NULL, 0);
INSERT INTO `room_lease_term` VALUES (8832, 8, 3, '2026-03-16 15:59:23', NULL, 0);
INSERT INTO `room_lease_term` VALUES (8833, 8, 4, '2026-03-16 15:59:23', NULL, 0);
INSERT INTO `room_lease_term` VALUES (8834, 8, 6, '2026-03-16 15:59:23', NULL, 0);
INSERT INTO `room_lease_term` VALUES (8835, 9, 1, '2026-03-16 15:59:24', NULL, 0);
INSERT INTO `room_lease_term` VALUES (8836, 9, 3, '2026-03-16 15:59:24', NULL, 0);
INSERT INTO `room_lease_term` VALUES (8837, 9, 4, '2026-03-16 15:59:24', NULL, 0);
INSERT INTO `room_lease_term` VALUES (8838, 9, 6, '2026-03-16 15:59:24', NULL, 0);
INSERT INTO `room_lease_term` VALUES (8839, 10, 1, '2026-03-16 15:59:25', NULL, 0);
INSERT INTO `room_lease_term` VALUES (8840, 10, 3, '2026-03-16 15:59:25', NULL, 0);
INSERT INTO `room_lease_term` VALUES (8841, 10, 4, '2026-03-16 15:59:25', NULL, 0);
INSERT INTO `room_lease_term` VALUES (8842, 10, 6, '2026-03-16 15:59:25', NULL, 0);
INSERT INTO `room_lease_term` VALUES (8843, 11, 1, '2026-03-16 15:59:26', NULL, 0);
INSERT INTO `room_lease_term` VALUES (8844, 11, 3, '2026-03-16 15:59:26', NULL, 0);
INSERT INTO `room_lease_term` VALUES (8845, 11, 4, '2026-03-16 15:59:26', NULL, 0);
INSERT INTO `room_lease_term` VALUES (8846, 11, 6, '2026-03-16 15:59:26', NULL, 0);
INSERT INTO `room_lease_term` VALUES (8847, 12, 1, '2026-03-16 15:59:27', NULL, 0);
INSERT INTO `room_lease_term` VALUES (8848, 12, 3, '2026-03-16 15:59:27', NULL, 0);
INSERT INTO `room_lease_term` VALUES (8849, 12, 4, '2026-03-16 15:59:27', NULL, 0);
INSERT INTO `room_lease_term` VALUES (8850, 12, 6, '2026-03-16 15:59:27', NULL, 0);
INSERT INTO `room_lease_term` VALUES (8851, 3, 1, '2026-03-16 16:01:11', NULL, 0);
INSERT INTO `room_lease_term` VALUES (8852, 3, 3, '2026-03-16 16:01:11', NULL, 0);
INSERT INTO `room_lease_term` VALUES (8853, 3, 4, '2026-03-16 16:01:11', NULL, 0);
INSERT INTO `room_lease_term` VALUES (8854, 3, 6, '2026-03-16 16:01:11', NULL, 0);
INSERT INTO `room_lease_term` VALUES (8855, 13, 1, '2026-03-16 16:01:12', NULL, 0);
INSERT INTO `room_lease_term` VALUES (8856, 13, 3, '2026-03-16 16:01:12', NULL, 0);
INSERT INTO `room_lease_term` VALUES (8857, 13, 4, '2026-03-16 16:01:12', NULL, 0);
INSERT INTO `room_lease_term` VALUES (8858, 13, 6, '2026-03-16 16:01:12', NULL, 0);
INSERT INTO `room_lease_term` VALUES (8859, 14, 1, '2026-03-16 16:01:13', NULL, 0);
INSERT INTO `room_lease_term` VALUES (8860, 14, 3, '2026-03-16 16:01:13', NULL, 0);
INSERT INTO `room_lease_term` VALUES (8861, 14, 4, '2026-03-16 16:01:13', NULL, 0);
INSERT INTO `room_lease_term` VALUES (8862, 14, 6, '2026-03-16 16:01:13', NULL, 0);
INSERT INTO `room_lease_term` VALUES (8863, 15, 1, '2026-03-16 16:01:14', NULL, 0);
INSERT INTO `room_lease_term` VALUES (8864, 15, 3, '2026-03-16 16:01:14', NULL, 0);
INSERT INTO `room_lease_term` VALUES (8865, 15, 4, '2026-03-16 16:01:14', NULL, 0);
INSERT INTO `room_lease_term` VALUES (8866, 15, 6, '2026-03-16 16:01:14', NULL, 0);
INSERT INTO `room_lease_term` VALUES (8867, 16, 1, '2026-03-16 16:01:15', NULL, 0);
INSERT INTO `room_lease_term` VALUES (8868, 16, 3, '2026-03-16 16:01:15', NULL, 0);
INSERT INTO `room_lease_term` VALUES (8869, 16, 4, '2026-03-16 16:01:15', NULL, 0);
INSERT INTO `room_lease_term` VALUES (8870, 16, 6, '2026-03-16 16:01:15', NULL, 0);
INSERT INTO `room_lease_term` VALUES (8871, 17, 1, '2026-03-16 16:01:16', NULL, 0);
INSERT INTO `room_lease_term` VALUES (8872, 17, 3, '2026-03-16 16:01:16', NULL, 0);
INSERT INTO `room_lease_term` VALUES (8873, 17, 4, '2026-03-16 16:01:16', NULL, 0);
INSERT INTO `room_lease_term` VALUES (8874, 17, 6, '2026-03-16 16:01:16', NULL, 0);
INSERT INTO `room_lease_term` VALUES (8875, 283, 1, '2026-03-16 16:03:40', NULL, 0);
INSERT INTO `room_lease_term` VALUES (8876, 283, 3, '2026-03-16 16:03:40', NULL, 0);
INSERT INTO `room_lease_term` VALUES (8877, 283, 4, '2026-03-16 16:03:40', NULL, 0);
INSERT INTO `room_lease_term` VALUES (8878, 284, 1, '2026-03-16 16:03:41', NULL, 0);
INSERT INTO `room_lease_term` VALUES (8879, 284, 3, '2026-03-16 16:03:41', NULL, 0);
INSERT INTO `room_lease_term` VALUES (8880, 284, 6, '2026-03-16 16:03:41', NULL, 0);
INSERT INTO `room_lease_term` VALUES (8881, 285, 3, '2026-03-16 16:03:42', NULL, 0);
INSERT INTO `room_lease_term` VALUES (8882, 285, 4, '2026-03-16 16:03:42', NULL, 0);
INSERT INTO `room_lease_term` VALUES (8883, 285, 6, '2026-03-16 16:03:42', NULL, 0);
INSERT INTO `room_lease_term` VALUES (8884, 286, 1, '2026-03-16 16:03:43', NULL, 0);
INSERT INTO `room_lease_term` VALUES (8885, 286, 4, '2026-03-16 16:03:43', NULL, 0);
INSERT INTO `room_lease_term` VALUES (8886, 286, 6, '2026-03-16 16:03:43', NULL, 0);
INSERT INTO `room_lease_term` VALUES (8887, 287, 1, '2026-03-16 16:03:44', NULL, 0);
INSERT INTO `room_lease_term` VALUES (8888, 287, 3, '2026-03-16 16:03:44', NULL, 0);
INSERT INTO `room_lease_term` VALUES (8889, 287, 4, '2026-03-16 16:03:44', NULL, 0);
INSERT INTO `room_lease_term` VALUES (8890, 288, 3, '2026-03-16 16:03:45', NULL, 0);
INSERT INTO `room_lease_term` VALUES (8891, 288, 4, '2026-03-16 16:03:45', NULL, 0);
INSERT INTO `room_lease_term` VALUES (8892, 288, 6, '2026-03-16 16:03:45', NULL, 0);
INSERT INTO `room_lease_term` VALUES (8893, 289, 1, '2026-03-16 16:03:46', NULL, 0);
INSERT INTO `room_lease_term` VALUES (8894, 289, 3, '2026-03-16 16:03:46', NULL, 0);
INSERT INTO `room_lease_term` VALUES (8895, 289, 6, '2026-03-16 16:03:46', NULL, 0);
INSERT INTO `room_lease_term` VALUES (8896, 290, 1, '2026-03-16 16:03:47', NULL, 0);
INSERT INTO `room_lease_term` VALUES (8897, 290, 3, '2026-03-16 16:03:47', NULL, 0);
INSERT INTO `room_lease_term` VALUES (8898, 290, 4, '2026-03-16 16:03:47', NULL, 0);
INSERT INTO `room_lease_term` VALUES (8899, 291, 3, '2026-03-16 16:03:48', NULL, 0);
INSERT INTO `room_lease_term` VALUES (8900, 291, 4, '2026-03-16 16:03:48', NULL, 0);
INSERT INTO `room_lease_term` VALUES (8901, 291, 6, '2026-03-16 16:03:48', NULL, 0);
INSERT INTO `room_lease_term` VALUES (8902, 292, 3, '2026-03-16 16:03:49', NULL, 0);
INSERT INTO `room_lease_term` VALUES (8903, 292, 4, '2026-03-16 16:03:49', NULL, 0);
INSERT INTO `room_lease_term` VALUES (8904, 292, 6, '2026-03-16 16:03:49', NULL, 0);

-- ----------------------------
-- Table structure for room_payment_type
-- ----------------------------
DROP TABLE IF EXISTS `room_payment_type`;
CREATE TABLE `room_payment_type`  (
  `id` bigint(20) NOT NULL AUTO_INCREMENT,
  `room_id` bigint(20) NULL DEFAULT NULL COMMENT '房间id',
  `payment_type_id` bigint(20) NULL DEFAULT NULL COMMENT '支付类型id',
  `create_time` timestamp NULL DEFAULT NULL COMMENT '创建时间',
  `update_time` timestamp NULL DEFAULT NULL COMMENT '更新时间',
  `is_deleted` tinyint(4) NULL DEFAULT 0 COMMENT '是否删除',
  PRIMARY KEY (`id`) USING BTREE
) ENGINE = InnoDB AUTO_INCREMENT = 8900 CHARACTER SET = utf8mb4 COLLATE = utf8mb4_general_ci COMMENT = '房间&支付方式关联表' ROW_FORMAT = Dynamic;

-- ----------------------------
-- Records of room_payment_type
-- ----------------------------
INSERT INTO `room_payment_type` VALUES (1, 2, 0, '2023-06-20 19:14:46', NULL, 1);
INSERT INTO `room_payment_type` VALUES (2, 3, 6, '2023-06-21 11:30:13', NULL, 1);
INSERT INTO `room_payment_type` VALUES (3, 3, 7, '2023-06-21 11:30:13', NULL, 1);
INSERT INTO `room_payment_type` VALUES (4, 3, 8, '2023-06-21 11:30:13', NULL, 1);
INSERT INTO `room_payment_type` VALUES (5, 3, 6, '2023-06-21 11:56:46', NULL, 1);
INSERT INTO `room_payment_type` VALUES (6, 3, 7, '2023-06-21 11:56:46', NULL, 1);
INSERT INTO `room_payment_type` VALUES (7, 3, 8, '2023-06-21 11:56:46', NULL, 1);
INSERT INTO `room_payment_type` VALUES (8, 4, 6, '2023-06-21 11:57:14', NULL, 1);
INSERT INTO `room_payment_type` VALUES (9, 4, 7, '2023-06-21 11:57:14', NULL, 1);
INSERT INTO `room_payment_type` VALUES (10, 4, 8, '2023-06-21 11:57:14', NULL, 1);
INSERT INTO `room_payment_type` VALUES (11, 7, 7, '2023-07-18 16:07:09', NULL, 1);
INSERT INTO `room_payment_type` VALUES (12, 2, 6, '2023-07-22 10:43:45', NULL, 1);
INSERT INTO `room_payment_type` VALUES (13, 2, 6, '2023-08-10 18:54:16', NULL, 1);
INSERT INTO `room_payment_type` VALUES (14, 2, 7, '2023-08-10 18:54:16', NULL, 1);
INSERT INTO `room_payment_type` VALUES (15, 2, 8, '2023-08-10 18:54:16', NULL, 1);
INSERT INTO `room_payment_type` VALUES (16, 2, 10, '2023-08-10 18:54:16', NULL, 1);
INSERT INTO `room_payment_type` VALUES (17, 2, 6, '2023-08-10 19:42:49', NULL, 1);
INSERT INTO `room_payment_type` VALUES (18, 2, 7, '2023-08-10 19:42:49', NULL, 1);
INSERT INTO `room_payment_type` VALUES (19, 2, 8, '2023-08-10 19:42:49', NULL, 1);
INSERT INTO `room_payment_type` VALUES (20, 2, 10, '2023-08-10 19:42:49', NULL, 1);
INSERT INTO `room_payment_type` VALUES (21, 3, 8, '2023-08-11 08:35:33', NULL, 1);
INSERT INTO `room_payment_type` VALUES (22, 3, 10, '2023-08-11 08:35:33', NULL, 1);
INSERT INTO `room_payment_type` VALUES (23, 2, 6, '2023-08-11 08:41:28', NULL, 1);
INSERT INTO `room_payment_type` VALUES (24, 2, 7, '2023-08-11 08:41:28', NULL, 1);
INSERT INTO `room_payment_type` VALUES (25, 2, 8, '2023-08-11 08:41:28', NULL, 1);
INSERT INTO `room_payment_type` VALUES (26, 2, 10, '2023-08-11 08:41:28', NULL, 1);
INSERT INTO `room_payment_type` VALUES (27, 3, 8, '2023-08-11 08:41:35', NULL, 1);
INSERT INTO `room_payment_type` VALUES (28, 3, 10, '2023-08-11 08:41:35', NULL, 1);
INSERT INTO `room_payment_type` VALUES (29, 8, 7, '2023-08-13 23:39:37', NULL, 1);
INSERT INTO `room_payment_type` VALUES (30, 8, 6, '2023-08-13 23:39:37', NULL, 1);
INSERT INTO `room_payment_type` VALUES (31, 8, 8, '2023-08-13 23:39:37', NULL, 1);
INSERT INTO `room_payment_type` VALUES (32, 8, 10, '2023-08-13 23:39:37', NULL, 1);
INSERT INTO `room_payment_type` VALUES (33, 9, 6, '2023-08-13 23:40:50', NULL, 1);
INSERT INTO `room_payment_type` VALUES (34, 9, 7, '2023-08-13 23:40:50', NULL, 1);
INSERT INTO `room_payment_type` VALUES (35, 9, 8, '2023-08-13 23:40:50', NULL, 1);
INSERT INTO `room_payment_type` VALUES (36, 9, 10, '2023-08-13 23:40:50', NULL, 1);
INSERT INTO `room_payment_type` VALUES (37, 10, 10, '2023-08-13 23:42:02', NULL, 1);
INSERT INTO `room_payment_type` VALUES (38, 10, 8, '2023-08-13 23:42:02', NULL, 1);
INSERT INTO `room_payment_type` VALUES (39, 10, 7, '2023-08-13 23:42:02', NULL, 1);
INSERT INTO `room_payment_type` VALUES (40, 10, 6, '2023-08-13 23:42:02', NULL, 1);
INSERT INTO `room_payment_type` VALUES (41, 2, 6, '2023-08-13 23:44:58', NULL, 1);
INSERT INTO `room_payment_type` VALUES (42, 2, 7, '2023-08-13 23:44:58', NULL, 1);
INSERT INTO `room_payment_type` VALUES (43, 2, 8, '2023-08-13 23:44:58', NULL, 1);
INSERT INTO `room_payment_type` VALUES (44, 2, 10, '2023-08-13 23:44:58', NULL, 1);
INSERT INTO `room_payment_type` VALUES (45, 9, 6, '2023-08-13 23:47:56', NULL, 1);
INSERT INTO `room_payment_type` VALUES (46, 9, 7, '2023-08-13 23:47:56', NULL, 1);
INSERT INTO `room_payment_type` VALUES (47, 9, 8, '2023-08-13 23:47:56', NULL, 1);
INSERT INTO `room_payment_type` VALUES (48, 9, 10, '2023-08-13 23:47:56', NULL, 1);
INSERT INTO `room_payment_type` VALUES (49, 9, 6, '2023-08-13 23:54:31', NULL, 1);
INSERT INTO `room_payment_type` VALUES (50, 9, 7, '2023-08-13 23:54:31', NULL, 1);
INSERT INTO `room_payment_type` VALUES (51, 9, 8, '2023-08-13 23:54:31', NULL, 1);
INSERT INTO `room_payment_type` VALUES (52, 9, 10, '2023-08-13 23:54:31', NULL, 1);
INSERT INTO `room_payment_type` VALUES (53, 11, 6, '2023-08-13 23:57:42', NULL, 1);
INSERT INTO `room_payment_type` VALUES (54, 11, 7, '2023-08-13 23:57:42', NULL, 1);
INSERT INTO `room_payment_type` VALUES (55, 11, 8, '2023-08-13 23:57:42', NULL, 1);
INSERT INTO `room_payment_type` VALUES (56, 11, 10, '2023-08-13 23:57:42', NULL, 1);
INSERT INTO `room_payment_type` VALUES (57, 12, 8, '2023-08-13 23:58:53', NULL, 1);
INSERT INTO `room_payment_type` VALUES (58, 12, 10, '2023-08-13 23:58:53', NULL, 1);
INSERT INTO `room_payment_type` VALUES (59, 12, 7, '2023-08-13 23:58:53', NULL, 1);
INSERT INTO `room_payment_type` VALUES (60, 12, 6, '2023-08-13 23:58:53', NULL, 1);
INSERT INTO `room_payment_type` VALUES (61, 13, 6, '2023-08-13 23:59:50', NULL, 1);
INSERT INTO `room_payment_type` VALUES (62, 13, 7, '2023-08-13 23:59:50', NULL, 1);
INSERT INTO `room_payment_type` VALUES (63, 13, 8, '2023-08-13 23:59:50', NULL, 1);
INSERT INTO `room_payment_type` VALUES (64, 13, 10, '2023-08-13 23:59:50', NULL, 1);
INSERT INTO `room_payment_type` VALUES (65, 11, 6, '2023-08-14 00:00:35', NULL, 1);
INSERT INTO `room_payment_type` VALUES (66, 11, 7, '2023-08-14 00:00:35', NULL, 1);
INSERT INTO `room_payment_type` VALUES (67, 11, 8, '2023-08-14 00:00:35', NULL, 1);
INSERT INTO `room_payment_type` VALUES (68, 11, 10, '2023-08-14 00:00:35', NULL, 1);
INSERT INTO `room_payment_type` VALUES (69, 14, 6, '2023-08-14 00:06:39', NULL, 1);
INSERT INTO `room_payment_type` VALUES (70, 14, 7, '2023-08-14 00:06:39', NULL, 1);
INSERT INTO `room_payment_type` VALUES (71, 14, 8, '2023-08-14 00:06:39', NULL, 1);
INSERT INTO `room_payment_type` VALUES (72, 14, 10, '2023-08-14 00:06:39', NULL, 1);
INSERT INTO `room_payment_type` VALUES (73, 15, 6, '2023-08-14 00:07:43', NULL, 1);
INSERT INTO `room_payment_type` VALUES (74, 15, 7, '2023-08-14 00:07:43', NULL, 1);
INSERT INTO `room_payment_type` VALUES (75, 15, 8, '2023-08-14 00:07:43', NULL, 1);
INSERT INTO `room_payment_type` VALUES (76, 15, 10, '2023-08-14 00:07:43', NULL, 1);
INSERT INTO `room_payment_type` VALUES (77, 12, 6, '2023-08-14 00:07:58', NULL, 1);
INSERT INTO `room_payment_type` VALUES (78, 12, 7, '2023-08-14 00:07:58', NULL, 1);
INSERT INTO `room_payment_type` VALUES (79, 12, 8, '2023-08-14 00:07:58', NULL, 1);
INSERT INTO `room_payment_type` VALUES (80, 12, 10, '2023-08-14 00:07:58', NULL, 1);
INSERT INTO `room_payment_type` VALUES (81, 16, 6, '2023-08-14 00:09:07', NULL, 1);
INSERT INTO `room_payment_type` VALUES (82, 16, 7, '2023-08-14 00:09:07', NULL, 1);
INSERT INTO `room_payment_type` VALUES (83, 16, 8, '2023-08-14 00:09:07', NULL, 1);
INSERT INTO `room_payment_type` VALUES (84, 16, 10, '2023-08-14 00:09:07', NULL, 1);
INSERT INTO `room_payment_type` VALUES (85, 17, 6, '2023-08-14 10:36:19', NULL, 1);
INSERT INTO `room_payment_type` VALUES (86, 17, 7, '2023-08-14 10:36:19', NULL, 1);
INSERT INTO `room_payment_type` VALUES (87, 17, 8, '2023-08-14 10:36:19', NULL, 1);
INSERT INTO `room_payment_type` VALUES (88, 17, 10, '2023-08-14 10:36:19', NULL, 1);
INSERT INTO `room_payment_type` VALUES (89, 2, 6, '2023-08-14 12:31:24', NULL, 1);
INSERT INTO `room_payment_type` VALUES (90, 2, 7, '2023-08-14 12:31:24', NULL, 1);
INSERT INTO `room_payment_type` VALUES (91, 2, 8, '2023-08-14 12:31:24', NULL, 1);
INSERT INTO `room_payment_type` VALUES (92, 2, 10, '2023-08-14 12:31:24', NULL, 1);
INSERT INTO `room_payment_type` VALUES (93, 3, 8, '2023-08-14 12:31:46', NULL, 1);
INSERT INTO `room_payment_type` VALUES (94, 3, 10, '2023-08-14 12:31:46', NULL, 1);
INSERT INTO `room_payment_type` VALUES (95, 8, 6, '2023-08-14 12:32:33', NULL, 1);
INSERT INTO `room_payment_type` VALUES (96, 8, 7, '2023-08-14 12:32:33', NULL, 1);
INSERT INTO `room_payment_type` VALUES (97, 8, 8, '2023-08-14 12:32:33', NULL, 1);
INSERT INTO `room_payment_type` VALUES (98, 8, 10, '2023-08-14 12:32:33', NULL, 1);
INSERT INTO `room_payment_type` VALUES (99, 9, 6, '2023-08-14 12:32:42', NULL, 1);
INSERT INTO `room_payment_type` VALUES (100, 9, 7, '2023-08-14 12:32:42', NULL, 1);
INSERT INTO `room_payment_type` VALUES (101, 9, 8, '2023-08-14 12:32:42', NULL, 1);
INSERT INTO `room_payment_type` VALUES (102, 9, 10, '2023-08-14 12:32:42', NULL, 1);
INSERT INTO `room_payment_type` VALUES (103, 9, 6, '2023-08-14 12:32:53', NULL, 1);
INSERT INTO `room_payment_type` VALUES (104, 9, 7, '2023-08-14 12:32:53', NULL, 1);
INSERT INTO `room_payment_type` VALUES (105, 9, 8, '2023-08-14 12:32:53', NULL, 1);
INSERT INTO `room_payment_type` VALUES (106, 9, 10, '2023-08-14 12:32:53', NULL, 1);
INSERT INTO `room_payment_type` VALUES (107, 10, 6, '2023-08-14 12:33:13', NULL, 1);
INSERT INTO `room_payment_type` VALUES (108, 10, 7, '2023-08-14 12:33:13', NULL, 1);
INSERT INTO `room_payment_type` VALUES (109, 10, 8, '2023-08-14 12:33:13', NULL, 1);
INSERT INTO `room_payment_type` VALUES (110, 10, 10, '2023-08-14 12:33:13', NULL, 1);
INSERT INTO `room_payment_type` VALUES (111, 11, 6, '2023-08-14 12:33:33', NULL, 1);
INSERT INTO `room_payment_type` VALUES (112, 11, 7, '2023-08-14 12:33:33', NULL, 1);
INSERT INTO `room_payment_type` VALUES (113, 11, 8, '2023-08-14 12:33:33', NULL, 1);
INSERT INTO `room_payment_type` VALUES (114, 11, 10, '2023-08-14 12:33:33', NULL, 1);
INSERT INTO `room_payment_type` VALUES (115, 12, 6, '2023-08-14 12:33:45', NULL, 1);
INSERT INTO `room_payment_type` VALUES (116, 12, 7, '2023-08-14 12:33:45', NULL, 1);
INSERT INTO `room_payment_type` VALUES (117, 12, 8, '2023-08-14 12:33:45', NULL, 1);
INSERT INTO `room_payment_type` VALUES (118, 12, 10, '2023-08-14 12:33:45', NULL, 1);
INSERT INTO `room_payment_type` VALUES (119, 13, 6, '2023-08-14 12:33:57', NULL, 1);
INSERT INTO `room_payment_type` VALUES (120, 13, 7, '2023-08-14 12:33:57', NULL, 1);
INSERT INTO `room_payment_type` VALUES (121, 13, 8, '2023-08-14 12:33:57', NULL, 1);
INSERT INTO `room_payment_type` VALUES (122, 13, 10, '2023-08-14 12:33:57', NULL, 1);
INSERT INTO `room_payment_type` VALUES (123, 14, 6, '2023-08-14 12:34:08', NULL, 1);
INSERT INTO `room_payment_type` VALUES (124, 14, 7, '2023-08-14 12:34:08', NULL, 1);
INSERT INTO `room_payment_type` VALUES (125, 14, 8, '2023-08-14 12:34:08', NULL, 1);
INSERT INTO `room_payment_type` VALUES (126, 14, 10, '2023-08-14 12:34:08', NULL, 1);
INSERT INTO `room_payment_type` VALUES (127, 15, 6, '2023-08-14 12:34:20', NULL, 1);
INSERT INTO `room_payment_type` VALUES (128, 15, 7, '2023-08-14 12:34:20', NULL, 1);
INSERT INTO `room_payment_type` VALUES (129, 15, 8, '2023-08-14 12:34:20', NULL, 1);
INSERT INTO `room_payment_type` VALUES (130, 15, 10, '2023-08-14 12:34:20', NULL, 1);
INSERT INTO `room_payment_type` VALUES (131, 16, 6, '2023-08-14 12:34:45', NULL, 1);
INSERT INTO `room_payment_type` VALUES (132, 16, 7, '2023-08-14 12:34:45', NULL, 1);
INSERT INTO `room_payment_type` VALUES (133, 16, 8, '2023-08-14 12:34:45', NULL, 1);
INSERT INTO `room_payment_type` VALUES (134, 16, 10, '2023-08-14 12:34:45', NULL, 1);
INSERT INTO `room_payment_type` VALUES (135, 17, 6, '2023-08-14 12:35:08', NULL, 1);
INSERT INTO `room_payment_type` VALUES (136, 17, 7, '2023-08-14 12:35:08', NULL, 1);
INSERT INTO `room_payment_type` VALUES (137, 17, 8, '2023-08-14 12:35:08', NULL, 1);
INSERT INTO `room_payment_type` VALUES (138, 17, 10, '2023-08-14 12:35:08', NULL, 1);
INSERT INTO `room_payment_type` VALUES (139, 2, 6, '2023-08-19 15:46:10', NULL, 1);
INSERT INTO `room_payment_type` VALUES (140, 2, 7, '2023-08-19 15:46:10', NULL, 1);
INSERT INTO `room_payment_type` VALUES (141, 2, 8, '2023-08-19 15:46:10', NULL, 1);
INSERT INTO `room_payment_type` VALUES (142, 2, 10, '2023-08-19 15:46:10', NULL, 1);
INSERT INTO `room_payment_type` VALUES (143, 3, 8, '2023-08-19 15:46:32', NULL, 1);
INSERT INTO `room_payment_type` VALUES (144, 3, 10, '2023-08-19 15:46:32', NULL, 1);
INSERT INTO `room_payment_type` VALUES (145, 8, 6, '2023-08-19 15:46:49', NULL, 1);
INSERT INTO `room_payment_type` VALUES (146, 8, 7, '2023-08-19 15:46:49', NULL, 1);
INSERT INTO `room_payment_type` VALUES (147, 8, 8, '2023-08-19 15:46:49', NULL, 1);
INSERT INTO `room_payment_type` VALUES (148, 8, 10, '2023-08-19 15:46:49', NULL, 1);
INSERT INTO `room_payment_type` VALUES (149, 9, 6, '2023-08-19 15:47:08', NULL, 1);
INSERT INTO `room_payment_type` VALUES (150, 9, 7, '2023-08-19 15:47:08', NULL, 1);
INSERT INTO `room_payment_type` VALUES (151, 9, 8, '2023-08-19 15:47:08', NULL, 1);
INSERT INTO `room_payment_type` VALUES (152, 9, 10, '2023-08-19 15:47:08', NULL, 1);
INSERT INTO `room_payment_type` VALUES (153, 10, 6, '2023-08-19 15:47:28', NULL, 1);
INSERT INTO `room_payment_type` VALUES (154, 10, 7, '2023-08-19 15:47:28', NULL, 1);
INSERT INTO `room_payment_type` VALUES (155, 10, 8, '2023-08-19 15:47:28', NULL, 1);
INSERT INTO `room_payment_type` VALUES (156, 10, 10, '2023-08-19 15:47:28', NULL, 1);
INSERT INTO `room_payment_type` VALUES (157, 12, 6, '2023-08-19 15:47:45', NULL, 1);
INSERT INTO `room_payment_type` VALUES (158, 12, 7, '2023-08-19 15:47:45', NULL, 1);
INSERT INTO `room_payment_type` VALUES (159, 12, 8, '2023-08-19 15:47:45', NULL, 1);
INSERT INTO `room_payment_type` VALUES (160, 12, 10, '2023-08-19 15:47:45', NULL, 1);
INSERT INTO `room_payment_type` VALUES (161, 11, 6, '2023-08-19 15:48:04', NULL, 1);
INSERT INTO `room_payment_type` VALUES (162, 11, 7, '2023-08-19 15:48:04', NULL, 1);
INSERT INTO `room_payment_type` VALUES (163, 11, 8, '2023-08-19 15:48:04', NULL, 1);
INSERT INTO `room_payment_type` VALUES (164, 11, 10, '2023-08-19 15:48:04', NULL, 1);
INSERT INTO `room_payment_type` VALUES (165, 13, 6, '2023-08-19 15:48:26', NULL, 1);
INSERT INTO `room_payment_type` VALUES (166, 13, 7, '2023-08-19 15:48:26', NULL, 1);
INSERT INTO `room_payment_type` VALUES (167, 13, 8, '2023-08-19 15:48:26', NULL, 1);
INSERT INTO `room_payment_type` VALUES (168, 13, 10, '2023-08-19 15:48:26', NULL, 1);
INSERT INTO `room_payment_type` VALUES (169, 14, 6, '2023-08-19 15:48:46', NULL, 1);
INSERT INTO `room_payment_type` VALUES (170, 14, 7, '2023-08-19 15:48:46', NULL, 1);
INSERT INTO `room_payment_type` VALUES (171, 14, 8, '2023-08-19 15:48:46', NULL, 1);
INSERT INTO `room_payment_type` VALUES (172, 14, 10, '2023-08-19 15:48:46', NULL, 1);
INSERT INTO `room_payment_type` VALUES (173, 15, 6, '2023-08-19 15:49:04', NULL, 1);
INSERT INTO `room_payment_type` VALUES (174, 15, 7, '2023-08-19 15:49:04', NULL, 1);
INSERT INTO `room_payment_type` VALUES (175, 15, 8, '2023-08-19 15:49:04', NULL, 1);
INSERT INTO `room_payment_type` VALUES (176, 15, 10, '2023-08-19 15:49:04', NULL, 1);
INSERT INTO `room_payment_type` VALUES (177, 16, 6, '2023-08-19 15:49:22', NULL, 1);
INSERT INTO `room_payment_type` VALUES (178, 16, 7, '2023-08-19 15:49:22', NULL, 1);
INSERT INTO `room_payment_type` VALUES (179, 16, 8, '2023-08-19 15:49:22', NULL, 1);
INSERT INTO `room_payment_type` VALUES (180, 16, 10, '2023-08-19 15:49:22', NULL, 1);
INSERT INTO `room_payment_type` VALUES (181, 17, 6, '2023-08-19 15:49:38', NULL, 1);
INSERT INTO `room_payment_type` VALUES (182, 17, 7, '2023-08-19 15:49:38', NULL, 1);
INSERT INTO `room_payment_type` VALUES (183, 17, 8, '2023-08-19 15:49:38', NULL, 1);
INSERT INTO `room_payment_type` VALUES (184, 17, 10, '2023-08-19 15:49:38', NULL, 1);
INSERT INTO `room_payment_type` VALUES (8376, 273, 8, '2026-03-14 16:13:16', '2026-03-14 16:13:16', 1);
INSERT INTO `room_payment_type` VALUES (8377, 273, 7, '2026-03-14 16:13:16', '2026-03-14 16:13:16', 1);
INSERT INTO `room_payment_type` VALUES (8378, 273, 6, '2026-03-14 16:13:16', '2026-03-14 16:13:16', 1);
INSERT INTO `room_payment_type` VALUES (8379, 274, 8, '2026-03-14 16:13:16', '2026-03-14 16:13:16', 1);
INSERT INTO `room_payment_type` VALUES (8380, 274, 7, '2026-03-14 16:13:16', '2026-03-14 16:13:16', 1);
INSERT INTO `room_payment_type` VALUES (8381, 274, 6, '2026-03-14 16:13:16', '2026-03-14 16:13:16', 1);
INSERT INTO `room_payment_type` VALUES (8382, 275, 10, '2026-03-14 16:13:16', '2026-03-14 16:13:16', 1);
INSERT INTO `room_payment_type` VALUES (8383, 275, 8, '2026-03-14 16:13:16', '2026-03-14 16:13:16', 1);
INSERT INTO `room_payment_type` VALUES (8384, 275, 7, '2026-03-14 16:13:16', '2026-03-14 16:13:16', 1);
INSERT INTO `room_payment_type` VALUES (8385, 276, 10, '2026-03-14 16:13:16', '2026-03-14 16:13:16', 1);
INSERT INTO `room_payment_type` VALUES (8386, 276, 7, '2026-03-14 16:13:16', '2026-03-14 16:13:16', 1);
INSERT INTO `room_payment_type` VALUES (8387, 276, 6, '2026-03-14 16:13:16', '2026-03-14 16:13:16', 1);
INSERT INTO `room_payment_type` VALUES (8388, 277, 8, '2026-03-14 16:13:16', '2026-03-14 16:13:16', 1);
INSERT INTO `room_payment_type` VALUES (8389, 277, 7, '2026-03-14 16:13:16', '2026-03-14 16:13:16', 1);
INSERT INTO `room_payment_type` VALUES (8390, 277, 6, '2026-03-14 16:13:16', '2026-03-14 16:13:16', 1);
INSERT INTO `room_payment_type` VALUES (8391, 278, 10, '2026-03-14 16:13:16', '2026-03-14 16:13:16', 1);
INSERT INTO `room_payment_type` VALUES (8392, 278, 8, '2026-03-14 16:13:16', '2026-03-14 16:13:16', 1);
INSERT INTO `room_payment_type` VALUES (8393, 278, 7, '2026-03-14 16:13:16', '2026-03-14 16:13:16', 1);
INSERT INTO `room_payment_type` VALUES (8394, 279, 8, '2026-03-14 16:13:16', '2026-03-14 16:13:16', 1);
INSERT INTO `room_payment_type` VALUES (8395, 279, 7, '2026-03-14 16:13:16', '2026-03-14 16:13:16', 1);
INSERT INTO `room_payment_type` VALUES (8396, 279, 6, '2026-03-14 16:13:16', '2026-03-14 16:13:16', 1);
INSERT INTO `room_payment_type` VALUES (8397, 280, 8, '2026-03-14 16:13:16', '2026-03-14 16:13:16', 1);
INSERT INTO `room_payment_type` VALUES (8398, 280, 7, '2026-03-14 16:13:16', '2026-03-14 16:13:16', 1);
INSERT INTO `room_payment_type` VALUES (8399, 280, 6, '2026-03-14 16:13:16', '2026-03-14 16:13:16', 1);
INSERT INTO `room_payment_type` VALUES (8400, 281, 10, '2026-03-14 16:13:16', '2026-03-14 16:13:16', 1);
INSERT INTO `room_payment_type` VALUES (8401, 281, 8, '2026-03-14 16:13:16', '2026-03-14 16:13:16', 1);
INSERT INTO `room_payment_type` VALUES (8402, 281, 7, '2026-03-14 16:13:16', '2026-03-14 16:13:16', 1);
INSERT INTO `room_payment_type` VALUES (8403, 282, 10, '2026-03-14 16:13:16', '2026-03-14 16:13:16', 1);
INSERT INTO `room_payment_type` VALUES (8404, 282, 8, '2026-03-14 16:13:16', '2026-03-14 16:13:16', 1);
INSERT INTO `room_payment_type` VALUES (8405, 282, 7, '2026-03-14 16:13:16', '2026-03-14 16:13:16', 1);
INSERT INTO `room_payment_type` VALUES (8406, 283, 8, '2026-03-14 16:13:16', '2026-03-14 16:13:16', 1);
INSERT INTO `room_payment_type` VALUES (8407, 283, 7, '2026-03-14 16:13:16', '2026-03-14 16:13:16', 1);
INSERT INTO `room_payment_type` VALUES (8408, 283, 6, '2026-03-14 16:13:16', '2026-03-14 16:13:16', 1);
INSERT INTO `room_payment_type` VALUES (8409, 284, 8, '2026-03-14 16:13:16', '2026-03-14 16:13:16', 1);
INSERT INTO `room_payment_type` VALUES (8410, 284, 7, '2026-03-14 16:13:16', '2026-03-14 16:13:16', 1);
INSERT INTO `room_payment_type` VALUES (8411, 284, 6, '2026-03-14 16:13:16', '2026-03-14 16:13:16', 1);
INSERT INTO `room_payment_type` VALUES (8412, 285, 10, '2026-03-14 16:13:16', '2026-03-14 16:13:16', 1);
INSERT INTO `room_payment_type` VALUES (8413, 285, 8, '2026-03-14 16:13:16', '2026-03-14 16:13:16', 1);
INSERT INTO `room_payment_type` VALUES (8414, 285, 7, '2026-03-14 16:13:16', '2026-03-14 16:13:16', 1);
INSERT INTO `room_payment_type` VALUES (8415, 286, 10, '2026-03-14 16:13:16', '2026-03-14 16:13:16', 1);
INSERT INTO `room_payment_type` VALUES (8416, 286, 7, '2026-03-14 16:13:16', '2026-03-14 16:13:16', 1);
INSERT INTO `room_payment_type` VALUES (8417, 286, 6, '2026-03-14 16:13:16', '2026-03-14 16:13:16', 1);
INSERT INTO `room_payment_type` VALUES (8418, 287, 8, '2026-03-14 16:13:16', '2026-03-14 16:13:16', 1);
INSERT INTO `room_payment_type` VALUES (8419, 287, 7, '2026-03-14 16:13:16', '2026-03-14 16:13:16', 1);
INSERT INTO `room_payment_type` VALUES (8420, 287, 6, '2026-03-14 16:13:16', '2026-03-14 16:13:16', 1);
INSERT INTO `room_payment_type` VALUES (8421, 288, 10, '2026-03-14 16:13:16', '2026-03-14 16:13:16', 1);
INSERT INTO `room_payment_type` VALUES (8422, 288, 8, '2026-03-14 16:13:16', '2026-03-14 16:13:16', 1);
INSERT INTO `room_payment_type` VALUES (8423, 288, 7, '2026-03-14 16:13:16', '2026-03-14 16:13:16', 1);
INSERT INTO `room_payment_type` VALUES (8424, 289, 8, '2026-03-14 16:13:16', '2026-03-14 16:13:16', 1);
INSERT INTO `room_payment_type` VALUES (8425, 289, 7, '2026-03-14 16:13:16', '2026-03-14 16:13:16', 1);
INSERT INTO `room_payment_type` VALUES (8426, 289, 6, '2026-03-14 16:13:16', '2026-03-14 16:13:16', 1);
INSERT INTO `room_payment_type` VALUES (8427, 290, 8, '2026-03-14 16:13:16', '2026-03-14 16:13:16', 1);
INSERT INTO `room_payment_type` VALUES (8428, 290, 7, '2026-03-14 16:13:16', '2026-03-14 16:13:16', 1);
INSERT INTO `room_payment_type` VALUES (8429, 290, 6, '2026-03-14 16:13:16', '2026-03-14 16:13:16', 1);
INSERT INTO `room_payment_type` VALUES (8430, 291, 10, '2026-03-14 16:13:16', '2026-03-14 16:13:16', 1);
INSERT INTO `room_payment_type` VALUES (8431, 291, 8, '2026-03-14 16:13:16', '2026-03-14 16:13:16', 1);
INSERT INTO `room_payment_type` VALUES (8432, 291, 7, '2026-03-14 16:13:16', '2026-03-14 16:13:16', 1);
INSERT INTO `room_payment_type` VALUES (8433, 292, 10, '2026-03-14 16:13:16', '2026-03-14 16:13:16', 1);
INSERT INTO `room_payment_type` VALUES (8434, 292, 8, '2026-03-14 16:13:16', '2026-03-14 16:13:16', 1);
INSERT INTO `room_payment_type` VALUES (8435, 292, 7, '2026-03-14 16:13:16', '2026-03-14 16:13:16', 1);
INSERT INTO `room_payment_type` VALUES (8436, 293, 8, '2026-03-14 16:13:16', '2026-03-14 16:13:16', 1);
INSERT INTO `room_payment_type` VALUES (8437, 293, 7, '2026-03-14 16:13:16', '2026-03-14 16:13:16', 1);
INSERT INTO `room_payment_type` VALUES (8438, 293, 6, '2026-03-14 16:13:16', '2026-03-14 16:13:16', 1);
INSERT INTO `room_payment_type` VALUES (8439, 294, 8, '2026-03-14 16:13:16', '2026-03-14 16:13:16', 1);
INSERT INTO `room_payment_type` VALUES (8440, 294, 7, '2026-03-14 16:13:16', '2026-03-14 16:13:16', 1);
INSERT INTO `room_payment_type` VALUES (8441, 294, 6, '2026-03-14 16:13:16', '2026-03-14 16:13:16', 1);
INSERT INTO `room_payment_type` VALUES (8442, 295, 10, '2026-03-14 16:13:16', '2026-03-14 16:13:16', 1);
INSERT INTO `room_payment_type` VALUES (8443, 295, 8, '2026-03-14 16:13:16', '2026-03-14 16:13:16', 1);
INSERT INTO `room_payment_type` VALUES (8444, 295, 7, '2026-03-14 16:13:16', '2026-03-14 16:13:16', 1);
INSERT INTO `room_payment_type` VALUES (8445, 296, 10, '2026-03-14 16:13:16', '2026-03-14 16:13:16', 1);
INSERT INTO `room_payment_type` VALUES (8446, 296, 7, '2026-03-14 16:13:16', '2026-03-14 16:13:16', 1);
INSERT INTO `room_payment_type` VALUES (8447, 296, 6, '2026-03-14 16:13:16', '2026-03-14 16:13:16', 1);
INSERT INTO `room_payment_type` VALUES (8448, 297, 8, '2026-03-14 16:13:16', '2026-03-14 16:13:16', 1);
INSERT INTO `room_payment_type` VALUES (8449, 297, 7, '2026-03-14 16:13:16', '2026-03-14 16:13:16', 1);
INSERT INTO `room_payment_type` VALUES (8450, 297, 6, '2026-03-14 16:13:16', '2026-03-14 16:13:16', 1);
INSERT INTO `room_payment_type` VALUES (8451, 298, 10, '2026-03-14 16:13:16', '2026-03-14 16:13:16', 1);
INSERT INTO `room_payment_type` VALUES (8452, 298, 8, '2026-03-14 16:13:16', '2026-03-14 16:13:16', 1);
INSERT INTO `room_payment_type` VALUES (8453, 298, 7, '2026-03-14 16:13:16', '2026-03-14 16:13:16', 1);
INSERT INTO `room_payment_type` VALUES (8454, 299, 8, '2026-03-14 16:13:16', '2026-03-14 16:13:16', 1);
INSERT INTO `room_payment_type` VALUES (8455, 299, 7, '2026-03-14 16:13:16', '2026-03-14 16:13:16', 1);
INSERT INTO `room_payment_type` VALUES (8456, 299, 6, '2026-03-14 16:13:16', '2026-03-14 16:13:16', 1);
INSERT INTO `room_payment_type` VALUES (8457, 300, 8, '2026-03-14 16:13:16', '2026-03-14 16:13:16', 1);
INSERT INTO `room_payment_type` VALUES (8458, 300, 7, '2026-03-14 16:13:16', '2026-03-14 16:13:16', 1);
INSERT INTO `room_payment_type` VALUES (8459, 300, 6, '2026-03-14 16:13:16', '2026-03-14 16:13:16', 1);
INSERT INTO `room_payment_type` VALUES (8460, 301, 10, '2026-03-14 16:13:16', '2026-03-14 16:13:16', 1);
INSERT INTO `room_payment_type` VALUES (8461, 301, 8, '2026-03-14 16:13:16', '2026-03-14 16:13:16', 1);
INSERT INTO `room_payment_type` VALUES (8462, 301, 7, '2026-03-14 16:13:16', '2026-03-14 16:13:16', 1);
INSERT INTO `room_payment_type` VALUES (8463, 302, 10, '2026-03-14 16:13:16', '2026-03-14 16:13:16', 1);
INSERT INTO `room_payment_type` VALUES (8464, 302, 8, '2026-03-14 16:13:16', '2026-03-14 16:13:16', 1);
INSERT INTO `room_payment_type` VALUES (8465, 302, 7, '2026-03-14 16:13:16', '2026-03-14 16:13:16', 1);
INSERT INTO `room_payment_type` VALUES (8466, 303, 8, '2026-03-14 16:13:16', '2026-03-14 16:13:16', 1);
INSERT INTO `room_payment_type` VALUES (8467, 303, 7, '2026-03-14 16:13:16', '2026-03-14 16:13:16', 1);
INSERT INTO `room_payment_type` VALUES (8468, 303, 6, '2026-03-14 16:13:16', '2026-03-14 16:13:16', 1);
INSERT INTO `room_payment_type` VALUES (8469, 304, 8, '2026-03-14 16:13:16', '2026-03-14 16:13:16', 1);
INSERT INTO `room_payment_type` VALUES (8470, 304, 7, '2026-03-14 16:13:16', '2026-03-14 16:13:16', 1);
INSERT INTO `room_payment_type` VALUES (8471, 304, 6, '2026-03-14 16:13:16', '2026-03-14 16:13:16', 1);
INSERT INTO `room_payment_type` VALUES (8472, 305, 10, '2026-03-14 16:13:16', '2026-03-14 16:13:16', 1);
INSERT INTO `room_payment_type` VALUES (8473, 305, 8, '2026-03-14 16:13:16', '2026-03-14 16:13:16', 1);
INSERT INTO `room_payment_type` VALUES (8474, 305, 7, '2026-03-14 16:13:16', '2026-03-14 16:13:16', 1);
INSERT INTO `room_payment_type` VALUES (8475, 306, 10, '2026-03-14 16:13:16', '2026-03-14 16:13:16', 1);
INSERT INTO `room_payment_type` VALUES (8476, 306, 7, '2026-03-14 16:13:16', '2026-03-14 16:13:16', 1);
INSERT INTO `room_payment_type` VALUES (8477, 306, 6, '2026-03-14 16:13:16', '2026-03-14 16:13:16', 1);
INSERT INTO `room_payment_type` VALUES (8478, 307, 8, '2026-03-14 16:13:16', '2026-03-14 16:13:16', 1);
INSERT INTO `room_payment_type` VALUES (8479, 307, 7, '2026-03-14 16:13:16', '2026-03-14 16:13:16', 1);
INSERT INTO `room_payment_type` VALUES (8480, 307, 6, '2026-03-14 16:13:16', '2026-03-14 16:13:16', 1);
INSERT INTO `room_payment_type` VALUES (8481, 308, 10, '2026-03-14 16:13:16', '2026-03-14 16:13:16', 1);
INSERT INTO `room_payment_type` VALUES (8482, 308, 8, '2026-03-14 16:13:16', '2026-03-14 16:13:16', 1);
INSERT INTO `room_payment_type` VALUES (8483, 308, 7, '2026-03-14 16:13:16', '2026-03-14 16:13:16', 1);
INSERT INTO `room_payment_type` VALUES (8484, 309, 8, '2026-03-14 16:13:16', '2026-03-14 16:13:16', 1);
INSERT INTO `room_payment_type` VALUES (8485, 309, 7, '2026-03-14 16:13:16', '2026-03-14 16:13:16', 1);
INSERT INTO `room_payment_type` VALUES (8486, 309, 6, '2026-03-14 16:13:16', '2026-03-14 16:13:16', 1);
INSERT INTO `room_payment_type` VALUES (8487, 310, 8, '2026-03-14 16:13:16', '2026-03-14 16:13:16', 1);
INSERT INTO `room_payment_type` VALUES (8488, 310, 7, '2026-03-14 16:13:16', '2026-03-14 16:13:16', 1);
INSERT INTO `room_payment_type` VALUES (8489, 310, 6, '2026-03-14 16:13:16', '2026-03-14 16:13:16', 1);
INSERT INTO `room_payment_type` VALUES (8490, 311, 10, '2026-03-14 16:13:16', '2026-03-14 16:13:16', 1);
INSERT INTO `room_payment_type` VALUES (8491, 311, 8, '2026-03-14 16:13:16', '2026-03-14 16:13:16', 1);
INSERT INTO `room_payment_type` VALUES (8492, 311, 7, '2026-03-14 16:13:16', '2026-03-14 16:13:16', 1);
INSERT INTO `room_payment_type` VALUES (8493, 312, 10, '2026-03-14 16:13:16', '2026-03-14 16:13:16', 1);
INSERT INTO `room_payment_type` VALUES (8494, 312, 8, '2026-03-14 16:13:16', '2026-03-14 16:13:16', 1);
INSERT INTO `room_payment_type` VALUES (8495, 312, 7, '2026-03-14 16:13:16', '2026-03-14 16:13:16', 1);
INSERT INTO `room_payment_type` VALUES (8496, 313, 8, '2026-03-14 16:13:16', '2026-03-14 16:13:16', 1);
INSERT INTO `room_payment_type` VALUES (8497, 313, 7, '2026-03-14 16:13:16', '2026-03-14 16:13:16', 1);
INSERT INTO `room_payment_type` VALUES (8498, 313, 6, '2026-03-14 16:13:16', '2026-03-14 16:13:16', 1);
INSERT INTO `room_payment_type` VALUES (8499, 314, 8, '2026-03-14 16:13:16', '2026-03-14 16:13:16', 1);
INSERT INTO `room_payment_type` VALUES (8500, 314, 7, '2026-03-14 16:13:16', '2026-03-14 16:13:16', 1);
INSERT INTO `room_payment_type` VALUES (8501, 314, 6, '2026-03-14 16:13:16', '2026-03-14 16:13:16', 1);
INSERT INTO `room_payment_type` VALUES (8502, 315, 10, '2026-03-14 16:13:16', '2026-03-14 16:13:16', 1);
INSERT INTO `room_payment_type` VALUES (8503, 315, 8, '2026-03-14 16:13:16', '2026-03-14 16:13:16', 1);
INSERT INTO `room_payment_type` VALUES (8504, 315, 7, '2026-03-14 16:13:16', '2026-03-14 16:13:16', 1);
INSERT INTO `room_payment_type` VALUES (8505, 316, 10, '2026-03-14 16:13:16', '2026-03-14 16:13:16', 1);
INSERT INTO `room_payment_type` VALUES (8506, 316, 7, '2026-03-14 16:13:16', '2026-03-14 16:13:16', 1);
INSERT INTO `room_payment_type` VALUES (8507, 316, 6, '2026-03-14 16:13:16', '2026-03-14 16:13:16', 1);
INSERT INTO `room_payment_type` VALUES (8508, 317, 8, '2026-03-14 16:13:16', '2026-03-14 16:13:16', 1);
INSERT INTO `room_payment_type` VALUES (8509, 317, 7, '2026-03-14 16:13:16', '2026-03-14 16:13:16', 1);
INSERT INTO `room_payment_type` VALUES (8510, 317, 6, '2026-03-14 16:13:16', '2026-03-14 16:13:16', 1);
INSERT INTO `room_payment_type` VALUES (8511, 318, 10, '2026-03-14 16:13:16', '2026-03-14 16:13:16', 1);
INSERT INTO `room_payment_type` VALUES (8512, 318, 8, '2026-03-14 16:13:16', '2026-03-14 16:13:16', 1);
INSERT INTO `room_payment_type` VALUES (8513, 318, 7, '2026-03-14 16:13:16', '2026-03-14 16:13:16', 1);
INSERT INTO `room_payment_type` VALUES (8514, 319, 8, '2026-03-14 16:13:16', '2026-03-14 16:13:16', 1);
INSERT INTO `room_payment_type` VALUES (8515, 319, 7, '2026-03-14 16:13:16', '2026-03-14 16:13:16', 1);
INSERT INTO `room_payment_type` VALUES (8516, 319, 6, '2026-03-14 16:13:16', '2026-03-14 16:13:16', 1);
INSERT INTO `room_payment_type` VALUES (8517, 320, 8, '2026-03-14 16:13:16', '2026-03-14 16:13:16', 1);
INSERT INTO `room_payment_type` VALUES (8518, 320, 7, '2026-03-14 16:13:16', '2026-03-14 16:13:16', 1);
INSERT INTO `room_payment_type` VALUES (8519, 320, 6, '2026-03-14 16:13:16', '2026-03-14 16:13:16', 1);
INSERT INTO `room_payment_type` VALUES (8520, 321, 10, '2026-03-14 16:13:16', '2026-03-14 16:13:16', 1);
INSERT INTO `room_payment_type` VALUES (8521, 321, 8, '2026-03-14 16:13:16', '2026-03-14 16:13:16', 1);
INSERT INTO `room_payment_type` VALUES (8522, 321, 7, '2026-03-14 16:13:16', '2026-03-14 16:13:16', 1);
INSERT INTO `room_payment_type` VALUES (8523, 322, 10, '2026-03-14 16:13:16', '2026-03-14 16:13:16', 1);
INSERT INTO `room_payment_type` VALUES (8524, 322, 8, '2026-03-14 16:13:16', '2026-03-14 16:13:16', 1);
INSERT INTO `room_payment_type` VALUES (8525, 322, 7, '2026-03-14 16:13:16', '2026-03-14 16:13:16', 1);
INSERT INTO `room_payment_type` VALUES (8631, 273, 6, '2026-03-15 17:25:38', NULL, 1);
INSERT INTO `room_payment_type` VALUES (8632, 273, 7, '2026-03-15 17:25:38', NULL, 1);
INSERT INTO `room_payment_type` VALUES (8633, 273, 8, '2026-03-15 17:25:38', NULL, 1);
INSERT INTO `room_payment_type` VALUES (8634, 2, 6, '2026-03-15 17:27:12', NULL, 1);
INSERT INTO `room_payment_type` VALUES (8635, 2, 7, '2026-03-15 17:27:12', NULL, 1);
INSERT INTO `room_payment_type` VALUES (8636, 2, 8, '2026-03-15 17:27:12', NULL, 1);
INSERT INTO `room_payment_type` VALUES (8637, 2, 10, '2026-03-15 17:27:12', NULL, 1);
INSERT INTO `room_payment_type` VALUES (8638, 2, 6, '2026-03-15 17:45:09', NULL, 1);
INSERT INTO `room_payment_type` VALUES (8639, 2, 7, '2026-03-15 17:45:09', NULL, 1);
INSERT INTO `room_payment_type` VALUES (8640, 2, 8, '2026-03-15 17:45:09', NULL, 1);
INSERT INTO `room_payment_type` VALUES (8641, 2, 10, '2026-03-15 17:45:09', NULL, 1);
INSERT INTO `room_payment_type` VALUES (8642, 2, 6, '2026-03-15 17:59:15', NULL, 1);
INSERT INTO `room_payment_type` VALUES (8643, 2, 7, '2026-03-15 17:59:15', NULL, 1);
INSERT INTO `room_payment_type` VALUES (8644, 2, 8, '2026-03-15 17:59:15', NULL, 1);
INSERT INTO `room_payment_type` VALUES (8645, 2, 10, '2026-03-15 17:59:15', NULL, 1);
INSERT INTO `room_payment_type` VALUES (8646, 2, 6, '2026-03-15 21:07:11', NULL, 1);
INSERT INTO `room_payment_type` VALUES (8647, 2, 7, '2026-03-15 21:07:11', NULL, 1);
INSERT INTO `room_payment_type` VALUES (8648, 2, 8, '2026-03-15 21:07:11', NULL, 1);
INSERT INTO `room_payment_type` VALUES (8649, 2, 10, '2026-03-15 21:07:11', NULL, 1);
INSERT INTO `room_payment_type` VALUES (8650, 2, 6, '2026-03-15 21:16:56', NULL, 1);
INSERT INTO `room_payment_type` VALUES (8651, 2, 7, '2026-03-15 21:16:56', NULL, 1);
INSERT INTO `room_payment_type` VALUES (8652, 2, 8, '2026-03-15 21:16:56', NULL, 1);
INSERT INTO `room_payment_type` VALUES (8653, 2, 10, '2026-03-15 21:16:56', NULL, 1);
INSERT INTO `room_payment_type` VALUES (8654, 273, 6, '2026-03-16 15:01:56', NULL, 1);
INSERT INTO `room_payment_type` VALUES (8655, 273, 7, '2026-03-16 15:01:56', NULL, 1);
INSERT INTO `room_payment_type` VALUES (8656, 273, 8, '2026-03-16 15:01:56', NULL, 1);
INSERT INTO `room_payment_type` VALUES (8657, 306, 6, '2026-03-16 15:02:25', NULL, 1);
INSERT INTO `room_payment_type` VALUES (8658, 306, 7, '2026-03-16 15:02:25', NULL, 1);
INSERT INTO `room_payment_type` VALUES (8659, 306, 10, '2026-03-16 15:02:25', NULL, 1);
INSERT INTO `room_payment_type` VALUES (8660, 274, 6, '2026-03-16 15:02:43', NULL, 1);
INSERT INTO `room_payment_type` VALUES (8661, 274, 7, '2026-03-16 15:02:43', NULL, 1);
INSERT INTO `room_payment_type` VALUES (8662, 274, 8, '2026-03-16 15:02:43', NULL, 1);
INSERT INTO `room_payment_type` VALUES (8663, 293, 6, '2026-03-16 15:03:46', NULL, 1);
INSERT INTO `room_payment_type` VALUES (8664, 293, 7, '2026-03-16 15:03:46', NULL, 1);
INSERT INTO `room_payment_type` VALUES (8665, 293, 8, '2026-03-16 15:03:46', NULL, 1);
INSERT INTO `room_payment_type` VALUES (8666, 3, 8, '2026-03-16 15:04:04', NULL, 1);
INSERT INTO `room_payment_type` VALUES (8667, 3, 10, '2026-03-16 15:04:04', NULL, 1);
INSERT INTO `room_payment_type` VALUES (8668, 8, 6, '2026-03-16 15:04:13', NULL, 1);
INSERT INTO `room_payment_type` VALUES (8669, 8, 7, '2026-03-16 15:04:13', NULL, 1);
INSERT INTO `room_payment_type` VALUES (8670, 8, 8, '2026-03-16 15:04:13', NULL, 1);
INSERT INTO `room_payment_type` VALUES (8671, 8, 10, '2026-03-16 15:04:13', NULL, 1);
INSERT INTO `room_payment_type` VALUES (8672, 10, 6, '2026-03-16 15:04:22', NULL, 1);
INSERT INTO `room_payment_type` VALUES (8673, 10, 7, '2026-03-16 15:04:22', NULL, 1);
INSERT INTO `room_payment_type` VALUES (8674, 10, 8, '2026-03-16 15:04:22', NULL, 1);
INSERT INTO `room_payment_type` VALUES (8675, 10, 10, '2026-03-16 15:04:22', NULL, 1);
INSERT INTO `room_payment_type` VALUES (8676, 9, 6, '2026-03-16 15:04:31', NULL, 1);
INSERT INTO `room_payment_type` VALUES (8677, 9, 7, '2026-03-16 15:04:31', NULL, 1);
INSERT INTO `room_payment_type` VALUES (8678, 9, 8, '2026-03-16 15:04:31', NULL, 1);
INSERT INTO `room_payment_type` VALUES (8679, 9, 10, '2026-03-16 15:04:31', NULL, 1);
INSERT INTO `room_payment_type` VALUES (8680, 11, 6, '2026-03-16 15:04:43', NULL, 1);
INSERT INTO `room_payment_type` VALUES (8681, 11, 7, '2026-03-16 15:04:43', NULL, 1);
INSERT INTO `room_payment_type` VALUES (8682, 11, 8, '2026-03-16 15:04:43', NULL, 1);
INSERT INTO `room_payment_type` VALUES (8683, 11, 10, '2026-03-16 15:04:43', NULL, 1);
INSERT INTO `room_payment_type` VALUES (8684, 12, 6, '2026-03-16 15:05:14', NULL, 1);
INSERT INTO `room_payment_type` VALUES (8685, 12, 7, '2026-03-16 15:05:14', NULL, 1);
INSERT INTO `room_payment_type` VALUES (8686, 12, 8, '2026-03-16 15:05:14', NULL, 1);
INSERT INTO `room_payment_type` VALUES (8687, 12, 10, '2026-03-16 15:05:14', NULL, 1);
INSERT INTO `room_payment_type` VALUES (8688, 13, 6, '2026-03-16 15:05:25', NULL, 1);
INSERT INTO `room_payment_type` VALUES (8689, 13, 7, '2026-03-16 15:05:25', NULL, 1);
INSERT INTO `room_payment_type` VALUES (8690, 13, 8, '2026-03-16 15:05:25', NULL, 1);
INSERT INTO `room_payment_type` VALUES (8691, 13, 10, '2026-03-16 15:05:25', NULL, 1);
INSERT INTO `room_payment_type` VALUES (8692, 14, 6, '2026-03-16 15:05:38', NULL, 1);
INSERT INTO `room_payment_type` VALUES (8693, 14, 7, '2026-03-16 15:05:38', NULL, 1);
INSERT INTO `room_payment_type` VALUES (8694, 14, 8, '2026-03-16 15:05:38', NULL, 1);
INSERT INTO `room_payment_type` VALUES (8695, 14, 10, '2026-03-16 15:05:38', NULL, 1);
INSERT INTO `room_payment_type` VALUES (8696, 15, 6, '2026-03-16 15:30:03', NULL, 1);
INSERT INTO `room_payment_type` VALUES (8697, 15, 7, '2026-03-16 15:30:03', NULL, 1);
INSERT INTO `room_payment_type` VALUES (8698, 15, 8, '2026-03-16 15:30:03', NULL, 1);
INSERT INTO `room_payment_type` VALUES (8699, 15, 10, '2026-03-16 15:30:03', NULL, 1);
INSERT INTO `room_payment_type` VALUES (8700, 16, 6, '2026-03-16 15:45:09', NULL, 1);
INSERT INTO `room_payment_type` VALUES (8701, 16, 7, '2026-03-16 15:45:09', NULL, 1);
INSERT INTO `room_payment_type` VALUES (8702, 16, 8, '2026-03-16 15:45:09', NULL, 1);
INSERT INTO `room_payment_type` VALUES (8703, 16, 10, '2026-03-16 15:45:09', NULL, 1);
INSERT INTO `room_payment_type` VALUES (8704, 313, 6, '2026-03-16 15:53:47', NULL, 0);
INSERT INTO `room_payment_type` VALUES (8705, 313, 7, '2026-03-16 15:53:47', NULL, 0);
INSERT INTO `room_payment_type` VALUES (8706, 313, 8, '2026-03-16 15:53:47', NULL, 0);
INSERT INTO `room_payment_type` VALUES (8707, 314, 6, '2026-03-16 15:53:48', NULL, 0);
INSERT INTO `room_payment_type` VALUES (8708, 314, 7, '2026-03-16 15:53:48', NULL, 0);
INSERT INTO `room_payment_type` VALUES (8709, 314, 8, '2026-03-16 15:53:48', NULL, 0);
INSERT INTO `room_payment_type` VALUES (8710, 315, 7, '2026-03-16 15:53:49', NULL, 0);
INSERT INTO `room_payment_type` VALUES (8711, 315, 8, '2026-03-16 15:53:49', NULL, 0);
INSERT INTO `room_payment_type` VALUES (8712, 315, 10, '2026-03-16 15:53:49', NULL, 0);
INSERT INTO `room_payment_type` VALUES (8713, 316, 6, '2026-03-16 15:53:50', NULL, 0);
INSERT INTO `room_payment_type` VALUES (8714, 316, 7, '2026-03-16 15:53:50', NULL, 0);
INSERT INTO `room_payment_type` VALUES (8715, 316, 10, '2026-03-16 15:53:50', NULL, 0);
INSERT INTO `room_payment_type` VALUES (8716, 317, 6, '2026-03-16 15:53:50', NULL, 0);
INSERT INTO `room_payment_type` VALUES (8717, 317, 7, '2026-03-16 15:53:50', NULL, 0);
INSERT INTO `room_payment_type` VALUES (8718, 317, 8, '2026-03-16 15:53:50', NULL, 0);
INSERT INTO `room_payment_type` VALUES (8719, 318, 7, '2026-03-16 15:53:51', NULL, 0);
INSERT INTO `room_payment_type` VALUES (8720, 318, 8, '2026-03-16 15:53:51', NULL, 0);
INSERT INTO `room_payment_type` VALUES (8721, 318, 10, '2026-03-16 15:53:51', NULL, 0);
INSERT INTO `room_payment_type` VALUES (8722, 319, 6, '2026-03-16 15:53:52', NULL, 0);
INSERT INTO `room_payment_type` VALUES (8723, 319, 7, '2026-03-16 15:53:52', NULL, 0);
INSERT INTO `room_payment_type` VALUES (8724, 319, 8, '2026-03-16 15:53:52', NULL, 0);
INSERT INTO `room_payment_type` VALUES (8725, 320, 6, '2026-03-16 15:53:53', NULL, 0);
INSERT INTO `room_payment_type` VALUES (8726, 320, 7, '2026-03-16 15:53:53', NULL, 0);
INSERT INTO `room_payment_type` VALUES (8727, 320, 8, '2026-03-16 15:53:53', NULL, 0);
INSERT INTO `room_payment_type` VALUES (8728, 321, 7, '2026-03-16 15:53:54', NULL, 0);
INSERT INTO `room_payment_type` VALUES (8729, 321, 8, '2026-03-16 15:53:54', NULL, 0);
INSERT INTO `room_payment_type` VALUES (8730, 321, 10, '2026-03-16 15:53:54', NULL, 0);
INSERT INTO `room_payment_type` VALUES (8731, 322, 7, '2026-03-16 15:53:54', NULL, 0);
INSERT INTO `room_payment_type` VALUES (8732, 322, 8, '2026-03-16 15:53:54', NULL, 0);
INSERT INTO `room_payment_type` VALUES (8733, 322, 10, '2026-03-16 15:53:54', NULL, 0);
INSERT INTO `room_payment_type` VALUES (8734, 273, 6, '2026-03-16 15:55:32', NULL, 0);
INSERT INTO `room_payment_type` VALUES (8735, 273, 7, '2026-03-16 15:55:32', NULL, 0);
INSERT INTO `room_payment_type` VALUES (8736, 273, 8, '2026-03-16 15:55:32', NULL, 0);
INSERT INTO `room_payment_type` VALUES (8737, 274, 6, '2026-03-16 15:55:33', NULL, 0);
INSERT INTO `room_payment_type` VALUES (8738, 274, 7, '2026-03-16 15:55:33', NULL, 0);
INSERT INTO `room_payment_type` VALUES (8739, 274, 8, '2026-03-16 15:55:33', NULL, 0);
INSERT INTO `room_payment_type` VALUES (8740, 275, 7, '2026-03-16 15:55:33', NULL, 0);
INSERT INTO `room_payment_type` VALUES (8741, 275, 8, '2026-03-16 15:55:33', NULL, 0);
INSERT INTO `room_payment_type` VALUES (8742, 275, 10, '2026-03-16 15:55:33', NULL, 0);
INSERT INTO `room_payment_type` VALUES (8743, 276, 6, '2026-03-16 15:55:34', NULL, 0);
INSERT INTO `room_payment_type` VALUES (8744, 276, 7, '2026-03-16 15:55:34', NULL, 0);
INSERT INTO `room_payment_type` VALUES (8745, 276, 10, '2026-03-16 15:55:34', NULL, 0);
INSERT INTO `room_payment_type` VALUES (8746, 277, 6, '2026-03-16 15:55:35', NULL, 0);
INSERT INTO `room_payment_type` VALUES (8747, 277, 7, '2026-03-16 15:55:35', NULL, 0);
INSERT INTO `room_payment_type` VALUES (8748, 277, 8, '2026-03-16 15:55:35', NULL, 0);
INSERT INTO `room_payment_type` VALUES (8749, 278, 7, '2026-03-16 15:55:36', NULL, 0);
INSERT INTO `room_payment_type` VALUES (8750, 278, 8, '2026-03-16 15:55:36', NULL, 0);
INSERT INTO `room_payment_type` VALUES (8751, 278, 10, '2026-03-16 15:55:36', NULL, 0);
INSERT INTO `room_payment_type` VALUES (8752, 279, 6, '2026-03-16 15:55:37', NULL, 0);
INSERT INTO `room_payment_type` VALUES (8753, 279, 7, '2026-03-16 15:55:37', NULL, 0);
INSERT INTO `room_payment_type` VALUES (8754, 279, 8, '2026-03-16 15:55:37', NULL, 0);
INSERT INTO `room_payment_type` VALUES (8755, 280, 6, '2026-03-16 15:55:38', NULL, 0);
INSERT INTO `room_payment_type` VALUES (8756, 280, 7, '2026-03-16 15:55:38', NULL, 0);
INSERT INTO `room_payment_type` VALUES (8757, 280, 8, '2026-03-16 15:55:38', NULL, 0);
INSERT INTO `room_payment_type` VALUES (8758, 281, 7, '2026-03-16 15:55:39', NULL, 0);
INSERT INTO `room_payment_type` VALUES (8759, 281, 8, '2026-03-16 15:55:39', NULL, 0);
INSERT INTO `room_payment_type` VALUES (8760, 281, 10, '2026-03-16 15:55:39', NULL, 0);
INSERT INTO `room_payment_type` VALUES (8761, 282, 7, '2026-03-16 15:55:40', NULL, 0);
INSERT INTO `room_payment_type` VALUES (8762, 282, 8, '2026-03-16 15:55:40', NULL, 0);
INSERT INTO `room_payment_type` VALUES (8763, 282, 10, '2026-03-16 15:55:40', NULL, 0);
INSERT INTO `room_payment_type` VALUES (8764, 306, 6, '2026-03-16 15:56:30', NULL, 0);
INSERT INTO `room_payment_type` VALUES (8765, 306, 7, '2026-03-16 15:56:30', NULL, 0);
INSERT INTO `room_payment_type` VALUES (8766, 306, 10, '2026-03-16 15:56:30', NULL, 0);
INSERT INTO `room_payment_type` VALUES (8767, 303, 6, '2026-03-16 15:56:31', NULL, 0);
INSERT INTO `room_payment_type` VALUES (8768, 303, 7, '2026-03-16 15:56:31', NULL, 0);
INSERT INTO `room_payment_type` VALUES (8769, 303, 8, '2026-03-16 15:56:31', NULL, 0);
INSERT INTO `room_payment_type` VALUES (8770, 304, 6, '2026-03-16 15:56:31', NULL, 0);
INSERT INTO `room_payment_type` VALUES (8771, 304, 7, '2026-03-16 15:56:31', NULL, 0);
INSERT INTO `room_payment_type` VALUES (8772, 304, 8, '2026-03-16 15:56:31', NULL, 0);
INSERT INTO `room_payment_type` VALUES (8773, 305, 7, '2026-03-16 15:56:32', NULL, 0);
INSERT INTO `room_payment_type` VALUES (8774, 305, 8, '2026-03-16 15:56:32', NULL, 0);
INSERT INTO `room_payment_type` VALUES (8775, 305, 10, '2026-03-16 15:56:32', NULL, 0);
INSERT INTO `room_payment_type` VALUES (8776, 307, 6, '2026-03-16 15:56:33', NULL, 0);
INSERT INTO `room_payment_type` VALUES (8777, 307, 7, '2026-03-16 15:56:33', NULL, 0);
INSERT INTO `room_payment_type` VALUES (8778, 307, 8, '2026-03-16 15:56:33', NULL, 0);
INSERT INTO `room_payment_type` VALUES (8779, 308, 7, '2026-03-16 15:56:34', NULL, 0);
INSERT INTO `room_payment_type` VALUES (8780, 308, 8, '2026-03-16 15:56:34', NULL, 0);
INSERT INTO `room_payment_type` VALUES (8781, 308, 10, '2026-03-16 15:56:34', NULL, 0);
INSERT INTO `room_payment_type` VALUES (8782, 309, 6, '2026-03-16 15:56:35', NULL, 0);
INSERT INTO `room_payment_type` VALUES (8783, 309, 7, '2026-03-16 15:56:35', NULL, 0);
INSERT INTO `room_payment_type` VALUES (8784, 309, 8, '2026-03-16 15:56:35', NULL, 0);
INSERT INTO `room_payment_type` VALUES (8785, 310, 6, '2026-03-16 15:56:35', NULL, 0);
INSERT INTO `room_payment_type` VALUES (8786, 310, 7, '2026-03-16 15:56:35', NULL, 0);
INSERT INTO `room_payment_type` VALUES (8787, 310, 8, '2026-03-16 15:56:35', NULL, 0);
INSERT INTO `room_payment_type` VALUES (8788, 311, 7, '2026-03-16 15:56:36', NULL, 0);
INSERT INTO `room_payment_type` VALUES (8789, 311, 8, '2026-03-16 15:56:36', NULL, 0);
INSERT INTO `room_payment_type` VALUES (8790, 311, 10, '2026-03-16 15:56:36', NULL, 0);
INSERT INTO `room_payment_type` VALUES (8791, 312, 7, '2026-03-16 15:56:37', NULL, 0);
INSERT INTO `room_payment_type` VALUES (8792, 312, 8, '2026-03-16 15:56:37', NULL, 0);
INSERT INTO `room_payment_type` VALUES (8793, 312, 10, '2026-03-16 15:56:37', NULL, 0);
INSERT INTO `room_payment_type` VALUES (8794, 293, 6, '2026-03-16 15:58:09', NULL, 0);
INSERT INTO `room_payment_type` VALUES (8795, 293, 7, '2026-03-16 15:58:09', NULL, 0);
INSERT INTO `room_payment_type` VALUES (8796, 293, 8, '2026-03-16 15:58:09', NULL, 0);
INSERT INTO `room_payment_type` VALUES (8797, 294, 6, '2026-03-16 15:58:09', NULL, 0);
INSERT INTO `room_payment_type` VALUES (8798, 294, 7, '2026-03-16 15:58:09', NULL, 0);
INSERT INTO `room_payment_type` VALUES (8799, 294, 8, '2026-03-16 15:58:09', NULL, 0);
INSERT INTO `room_payment_type` VALUES (8800, 295, 7, '2026-03-16 15:58:10', NULL, 0);
INSERT INTO `room_payment_type` VALUES (8801, 295, 8, '2026-03-16 15:58:10', NULL, 0);
INSERT INTO `room_payment_type` VALUES (8802, 295, 10, '2026-03-16 15:58:10', NULL, 0);
INSERT INTO `room_payment_type` VALUES (8803, 296, 6, '2026-03-16 15:58:11', NULL, 0);
INSERT INTO `room_payment_type` VALUES (8804, 296, 7, '2026-03-16 15:58:11', NULL, 0);
INSERT INTO `room_payment_type` VALUES (8805, 296, 10, '2026-03-16 15:58:11', NULL, 0);
INSERT INTO `room_payment_type` VALUES (8806, 297, 6, '2026-03-16 15:58:12', NULL, 0);
INSERT INTO `room_payment_type` VALUES (8807, 297, 7, '2026-03-16 15:58:12', NULL, 0);
INSERT INTO `room_payment_type` VALUES (8808, 297, 8, '2026-03-16 15:58:12', NULL, 0);
INSERT INTO `room_payment_type` VALUES (8809, 298, 7, '2026-03-16 15:58:13', NULL, 0);
INSERT INTO `room_payment_type` VALUES (8810, 298, 8, '2026-03-16 15:58:13', NULL, 0);
INSERT INTO `room_payment_type` VALUES (8811, 298, 10, '2026-03-16 15:58:13', NULL, 0);
INSERT INTO `room_payment_type` VALUES (8812, 299, 6, '2026-03-16 15:58:14', NULL, 0);
INSERT INTO `room_payment_type` VALUES (8813, 299, 7, '2026-03-16 15:58:14', NULL, 0);
INSERT INTO `room_payment_type` VALUES (8814, 299, 8, '2026-03-16 15:58:14', NULL, 0);
INSERT INTO `room_payment_type` VALUES (8815, 300, 6, '2026-03-16 15:58:15', NULL, 0);
INSERT INTO `room_payment_type` VALUES (8816, 300, 7, '2026-03-16 15:58:15', NULL, 0);
INSERT INTO `room_payment_type` VALUES (8817, 300, 8, '2026-03-16 15:58:15', NULL, 0);
INSERT INTO `room_payment_type` VALUES (8818, 301, 7, '2026-03-16 15:58:16', NULL, 0);
INSERT INTO `room_payment_type` VALUES (8819, 301, 8, '2026-03-16 15:58:16', NULL, 0);
INSERT INTO `room_payment_type` VALUES (8820, 301, 10, '2026-03-16 15:58:16', NULL, 0);
INSERT INTO `room_payment_type` VALUES (8821, 302, 7, '2026-03-16 15:58:16', NULL, 0);
INSERT INTO `room_payment_type` VALUES (8822, 302, 8, '2026-03-16 15:58:16', NULL, 0);
INSERT INTO `room_payment_type` VALUES (8823, 302, 10, '2026-03-16 15:58:16', NULL, 0);
INSERT INTO `room_payment_type` VALUES (8824, 2, 6, '2026-03-16 15:59:22', NULL, 0);
INSERT INTO `room_payment_type` VALUES (8825, 2, 7, '2026-03-16 15:59:22', NULL, 0);
INSERT INTO `room_payment_type` VALUES (8826, 2, 8, '2026-03-16 15:59:22', NULL, 0);
INSERT INTO `room_payment_type` VALUES (8827, 2, 10, '2026-03-16 15:59:22', NULL, 0);
INSERT INTO `room_payment_type` VALUES (8828, 8, 6, '2026-03-16 15:59:23', NULL, 0);
INSERT INTO `room_payment_type` VALUES (8829, 8, 7, '2026-03-16 15:59:23', NULL, 0);
INSERT INTO `room_payment_type` VALUES (8830, 8, 8, '2026-03-16 15:59:23', NULL, 0);
INSERT INTO `room_payment_type` VALUES (8831, 8, 10, '2026-03-16 15:59:23', NULL, 0);
INSERT INTO `room_payment_type` VALUES (8832, 9, 6, '2026-03-16 15:59:24', NULL, 0);
INSERT INTO `room_payment_type` VALUES (8833, 9, 7, '2026-03-16 15:59:24', NULL, 0);
INSERT INTO `room_payment_type` VALUES (8834, 9, 8, '2026-03-16 15:59:24', NULL, 0);
INSERT INTO `room_payment_type` VALUES (8835, 9, 10, '2026-03-16 15:59:24', NULL, 0);
INSERT INTO `room_payment_type` VALUES (8836, 10, 6, '2026-03-16 15:59:25', NULL, 0);
INSERT INTO `room_payment_type` VALUES (8837, 10, 7, '2026-03-16 15:59:25', NULL, 0);
INSERT INTO `room_payment_type` VALUES (8838, 10, 8, '2026-03-16 15:59:25', NULL, 0);
INSERT INTO `room_payment_type` VALUES (8839, 10, 10, '2026-03-16 15:59:25', NULL, 0);
INSERT INTO `room_payment_type` VALUES (8840, 11, 6, '2026-03-16 15:59:26', NULL, 0);
INSERT INTO `room_payment_type` VALUES (8841, 11, 7, '2026-03-16 15:59:26', NULL, 0);
INSERT INTO `room_payment_type` VALUES (8842, 11, 8, '2026-03-16 15:59:26', NULL, 0);
INSERT INTO `room_payment_type` VALUES (8843, 11, 10, '2026-03-16 15:59:26', NULL, 0);
INSERT INTO `room_payment_type` VALUES (8844, 12, 6, '2026-03-16 15:59:27', NULL, 0);
INSERT INTO `room_payment_type` VALUES (8845, 12, 7, '2026-03-16 15:59:27', NULL, 0);
INSERT INTO `room_payment_type` VALUES (8846, 12, 8, '2026-03-16 15:59:27', NULL, 0);
INSERT INTO `room_payment_type` VALUES (8847, 12, 10, '2026-03-16 15:59:27', NULL, 0);
INSERT INTO `room_payment_type` VALUES (8848, 3, 8, '2026-03-16 16:01:11', NULL, 0);
INSERT INTO `room_payment_type` VALUES (8849, 3, 10, '2026-03-16 16:01:11', NULL, 0);
INSERT INTO `room_payment_type` VALUES (8850, 13, 6, '2026-03-16 16:01:12', NULL, 0);
INSERT INTO `room_payment_type` VALUES (8851, 13, 7, '2026-03-16 16:01:12', NULL, 0);
INSERT INTO `room_payment_type` VALUES (8852, 13, 8, '2026-03-16 16:01:12', NULL, 0);
INSERT INTO `room_payment_type` VALUES (8853, 13, 10, '2026-03-16 16:01:12', NULL, 0);
INSERT INTO `room_payment_type` VALUES (8854, 14, 6, '2026-03-16 16:01:13', NULL, 0);
INSERT INTO `room_payment_type` VALUES (8855, 14, 7, '2026-03-16 16:01:13', NULL, 0);
INSERT INTO `room_payment_type` VALUES (8856, 14, 8, '2026-03-16 16:01:13', NULL, 0);
INSERT INTO `room_payment_type` VALUES (8857, 14, 10, '2026-03-16 16:01:13', NULL, 0);
INSERT INTO `room_payment_type` VALUES (8858, 15, 6, '2026-03-16 16:01:14', NULL, 0);
INSERT INTO `room_payment_type` VALUES (8859, 15, 7, '2026-03-16 16:01:14', NULL, 0);
INSERT INTO `room_payment_type` VALUES (8860, 15, 8, '2026-03-16 16:01:14', NULL, 0);
INSERT INTO `room_payment_type` VALUES (8861, 15, 10, '2026-03-16 16:01:14', NULL, 0);
INSERT INTO `room_payment_type` VALUES (8862, 16, 6, '2026-03-16 16:01:15', NULL, 0);
INSERT INTO `room_payment_type` VALUES (8863, 16, 7, '2026-03-16 16:01:15', NULL, 0);
INSERT INTO `room_payment_type` VALUES (8864, 16, 8, '2026-03-16 16:01:15', NULL, 0);
INSERT INTO `room_payment_type` VALUES (8865, 16, 10, '2026-03-16 16:01:15', NULL, 0);
INSERT INTO `room_payment_type` VALUES (8866, 17, 6, '2026-03-16 16:01:16', NULL, 0);
INSERT INTO `room_payment_type` VALUES (8867, 17, 7, '2026-03-16 16:01:16', NULL, 0);
INSERT INTO `room_payment_type` VALUES (8868, 17, 8, '2026-03-16 16:01:16', NULL, 0);
INSERT INTO `room_payment_type` VALUES (8869, 17, 10, '2026-03-16 16:01:16', NULL, 0);
INSERT INTO `room_payment_type` VALUES (8870, 283, 6, '2026-03-16 16:03:40', NULL, 0);
INSERT INTO `room_payment_type` VALUES (8871, 283, 7, '2026-03-16 16:03:40', NULL, 0);
INSERT INTO `room_payment_type` VALUES (8872, 283, 8, '2026-03-16 16:03:40', NULL, 0);
INSERT INTO `room_payment_type` VALUES (8873, 284, 6, '2026-03-16 16:03:41', NULL, 0);
INSERT INTO `room_payment_type` VALUES (8874, 284, 7, '2026-03-16 16:03:41', NULL, 0);
INSERT INTO `room_payment_type` VALUES (8875, 284, 8, '2026-03-16 16:03:41', NULL, 0);
INSERT INTO `room_payment_type` VALUES (8876, 285, 7, '2026-03-16 16:03:42', NULL, 0);
INSERT INTO `room_payment_type` VALUES (8877, 285, 8, '2026-03-16 16:03:42', NULL, 0);
INSERT INTO `room_payment_type` VALUES (8878, 285, 10, '2026-03-16 16:03:42', NULL, 0);
INSERT INTO `room_payment_type` VALUES (8879, 286, 6, '2026-03-16 16:03:43', NULL, 0);
INSERT INTO `room_payment_type` VALUES (8880, 286, 7, '2026-03-16 16:03:43', NULL, 0);
INSERT INTO `room_payment_type` VALUES (8881, 286, 10, '2026-03-16 16:03:43', NULL, 0);
INSERT INTO `room_payment_type` VALUES (8882, 287, 6, '2026-03-16 16:03:44', NULL, 0);
INSERT INTO `room_payment_type` VALUES (8883, 287, 7, '2026-03-16 16:03:44', NULL, 0);
INSERT INTO `room_payment_type` VALUES (8884, 287, 8, '2026-03-16 16:03:44', NULL, 0);
INSERT INTO `room_payment_type` VALUES (8885, 288, 7, '2026-03-16 16:03:45', NULL, 0);
INSERT INTO `room_payment_type` VALUES (8886, 288, 8, '2026-03-16 16:03:45', NULL, 0);
INSERT INTO `room_payment_type` VALUES (8887, 288, 10, '2026-03-16 16:03:45', NULL, 0);
INSERT INTO `room_payment_type` VALUES (8888, 289, 6, '2026-03-16 16:03:46', NULL, 0);
INSERT INTO `room_payment_type` VALUES (8889, 289, 7, '2026-03-16 16:03:46', NULL, 0);
INSERT INTO `room_payment_type` VALUES (8890, 289, 8, '2026-03-16 16:03:46', NULL, 0);
INSERT INTO `room_payment_type` VALUES (8891, 290, 6, '2026-03-16 16:03:47', NULL, 0);
INSERT INTO `room_payment_type` VALUES (8892, 290, 7, '2026-03-16 16:03:47', NULL, 0);
INSERT INTO `room_payment_type` VALUES (8893, 290, 8, '2026-03-16 16:03:47', NULL, 0);
INSERT INTO `room_payment_type` VALUES (8894, 291, 7, '2026-03-16 16:03:47', NULL, 0);
INSERT INTO `room_payment_type` VALUES (8895, 291, 8, '2026-03-16 16:03:47', NULL, 0);
INSERT INTO `room_payment_type` VALUES (8896, 291, 10, '2026-03-16 16:03:47', NULL, 0);
INSERT INTO `room_payment_type` VALUES (8897, 292, 7, '2026-03-16 16:03:48', NULL, 0);
INSERT INTO `room_payment_type` VALUES (8898, 292, 8, '2026-03-16 16:03:48', NULL, 0);
INSERT INTO `room_payment_type` VALUES (8899, 292, 10, '2026-03-16 16:03:48', NULL, 0);

-- ----------------------------
-- Table structure for system_post
-- ----------------------------
DROP TABLE IF EXISTS `system_post`;
CREATE TABLE `system_post`  (
  `id` bigint(20) NOT NULL AUTO_INCREMENT COMMENT '岗位ID',
  `code` varchar(64) CHARACTER SET utf8 COLLATE utf8_general_ci NOT NULL COMMENT '岗位编码',
  `name` varchar(50) CHARACTER SET utf8 COLLATE utf8_general_ci NOT NULL DEFAULT '' COMMENT '岗位名称',
  `description` varchar(255) CHARACTER SET utf8 COLLATE utf8_general_ci NOT NULL DEFAULT '' COMMENT '描述',
  `status` tinyint(1) NOT NULL DEFAULT 1 COMMENT '状态（1正常 0停用）',
  `create_time` timestamp NOT NULL DEFAULT current_timestamp() ON UPDATE CURRENT_TIMESTAMP,
  `update_time` timestamp NULL DEFAULT NULL ON UPDATE CURRENT_TIMESTAMP,
  `is_deleted` tinyint(4) NOT NULL DEFAULT 0 COMMENT '删除标记（0:可用 1:已删除）',
  PRIMARY KEY (`id`) USING BTREE
) ENGINE = InnoDB AUTO_INCREMENT = 9 CHARACTER SET = utf8 COLLATE = utf8_general_ci COMMENT = '岗位信息表' ROW_FORMAT = Dynamic;

-- ----------------------------
-- Records of system_post
-- ----------------------------
INSERT INTO `system_post` VALUES (1, 'regional manager', '区域经理', '区域经理', 1, '2023-08-10 09:01:56', '2023-08-10 17:01:57', 0);
INSERT INTO `system_post` VALUES (2, 'dsz', '董事长', '1', 1, '2023-08-10 09:02:46', '2023-08-10 17:02:47', 1);
INSERT INTO `system_post` VALUES (6, 'general manager', '总经理', '总经理', 1, '2023-08-10 09:04:00', '2023-08-10 17:04:01', 0);
INSERT INTO `system_post` VALUES (7, 'apartment manager', '店长', '公寓店长', 1, '2023-08-10 09:03:55', '2023-08-10 17:03:56', 0);
INSERT INTO `system_post` VALUES (8, '测试3', '测试3', '测试3', 1, '2023-07-18 02:13:24', '2023-07-18 10:13:25', 1);

-- ----------------------------
-- Table structure for system_user
-- ----------------------------
DROP TABLE IF EXISTS `system_user`;
CREATE TABLE `system_user`  (
  `id` bigint(20) NOT NULL AUTO_INCREMENT COMMENT '员工id',
  `username` varchar(30) CHARACTER SET utf8mb4 COLLATE utf8mb4_general_ci NULL DEFAULT NULL COMMENT '用户名',
  `password` varchar(100) CHARACTER SET utf8mb4 COLLATE utf8mb4_general_ci NULL DEFAULT NULL COMMENT '密码',
  `name` varchar(50) CHARACTER SET utf8mb4 COLLATE utf8mb4_general_ci NULL DEFAULT NULL COMMENT '姓名',
  `type` tinyint(4) NULL DEFAULT NULL COMMENT '用户类型',
  `phone` varchar(11) CHARACTER SET utf8mb4 COLLATE utf8mb4_general_ci NULL DEFAULT NULL COMMENT '手机号码',
  `avatar_url` varchar(255) CHARACTER SET utf8mb4 COLLATE utf8mb4_general_ci NULL DEFAULT NULL COMMENT '头像地址',
  `additional_info` varchar(255) CHARACTER SET utf8mb4 COLLATE utf8mb4_general_ci NULL DEFAULT NULL COMMENT '备注信息',
  `post_id` bigint(20) NULL DEFAULT NULL COMMENT '岗位id',
  `status` tinyint(4) NULL DEFAULT NULL COMMENT '账号状态',
  `create_time` timestamp NULL DEFAULT NULL COMMENT '创建时间',
  `update_time` timestamp NULL DEFAULT NULL COMMENT '更新时间',
  `is_deleted` tinyint(4) NULL DEFAULT 0 COMMENT '是否删除',
  PRIMARY KEY (`id`) USING BTREE
) ENGINE = InnoDB AUTO_INCREMENT = 3 CHARACTER SET = utf8mb4 COLLATE = utf8mb4_general_ci COMMENT = '员工信息表' ROW_FORMAT = Dynamic;

-- ----------------------------
-- Records of system_user
-- ----------------------------
INSERT INTO `system_user` VALUES (1, 'admin', 'e10adc3949ba59abbe56e057f20f883e', '管理员', 0, '18888888888', NULL, NULL, 6, 1, '2023-08-10 17:13:00', '2023-08-19 23:30:48', 0);
INSERT INTO `system_user` VALUES (2, 'user', 'e10adc3949ba59abbe56e057f20f883e', '用户', 1, '13666666666', NULL, NULL, 7, 1, '2023-08-19 16:53:53', NULL, 0);

-- ----------------------------
-- Table structure for user_info
-- ----------------------------
DROP TABLE IF EXISTS `user_info`;
CREATE TABLE `user_info`  (
  `id` bigint(20) NOT NULL AUTO_INCREMENT COMMENT '用户id',
  `phone` varchar(11) CHARACTER SET utf8mb4 COLLATE utf8mb4_general_ci NULL DEFAULT NULL COMMENT '手机号码（用做登录用户名）',
  `password` varchar(50) CHARACTER SET utf8mb4 COLLATE utf8mb4_general_ci NULL DEFAULT NULL COMMENT '密码',
  `avatar_url` varchar(255) CHARACTER SET utf8mb4 COLLATE utf8mb4_general_ci NULL DEFAULT NULL COMMENT '头像url',
  `nickname` varchar(20) CHARACTER SET utf8mb4 COLLATE utf8mb4_general_ci NULL DEFAULT NULL COMMENT '昵称',
  `status` tinyint(4) NULL DEFAULT 1 COMMENT '账号状态',
  `create_time` timestamp NULL DEFAULT NULL COMMENT '创建时间',
  `update_time` timestamp NULL DEFAULT NULL COMMENT '更新时间',
  `is_deleted` tinyint(4) NULL DEFAULT 0 COMMENT '是否删除',
  PRIMARY KEY (`id`) USING BTREE
) ENGINE = InnoDB AUTO_INCREMENT = 17 CHARACTER SET = utf8mb4 COLLATE = utf8mb4_general_ci COMMENT = '用户信息表' ROW_FORMAT = Dynamic;

-- ----------------------------
-- Records of user_info
-- ----------------------------
INSERT INTO `user_info` VALUES (1, '13888888888', NULL, NULL, '用户-888888', 1, '2023-07-01 14:48:17', NULL, 0);
INSERT INTO `user_info` VALUES (8, '18928399573', NULL, NULL, '用户-99573', 1, '2026-02-28 16:35:14', NULL, 0);
INSERT INTO `user_info` VALUES (9, '13900020011', NULL, NULL, '王晓雨', 1, '2026-03-14 17:05:43', '2026-03-14 17:05:43', 0);
INSERT INTO `user_info` VALUES (10, '13900020012', NULL, NULL, '李晨曦', 1, '2026-03-14 17:05:43', '2026-03-14 17:05:43', 0);
INSERT INTO `user_info` VALUES (11, '13900020013', NULL, NULL, '陈子涵', 1, '2026-03-14 17:05:43', '2026-03-14 17:05:43', 0);
INSERT INTO `user_info` VALUES (12, '13900020014', NULL, NULL, '赵一鸣', 1, '2026-03-14 17:05:43', '2026-03-14 17:05:43', 0);
INSERT INTO `user_info` VALUES (13, '13900020015', NULL, NULL, '周可心', 1, '2026-03-14 17:05:43', '2026-03-14 17:05:43', 0);
INSERT INTO `user_info` VALUES (14, '13900020016', NULL, NULL, '孙浩然', 1, '2026-03-14 17:05:43', '2026-03-14 17:05:43', 0);
INSERT INTO `user_info` VALUES (15, '13900020017', NULL, NULL, '林若溪', 1, '2026-03-14 17:05:43', '2026-03-14 17:05:43', 0);
INSERT INTO `user_info` VALUES (16, '13900020018', NULL, NULL, '许嘉宁', 1, '2026-03-14 17:05:43', '2026-03-14 17:05:43', 0);

-- ----------------------------
-- Table structure for view_appointment
-- ----------------------------
DROP TABLE IF EXISTS `view_appointment`;
CREATE TABLE `view_appointment`  (
  `id` bigint(20) NOT NULL AUTO_INCREMENT COMMENT '预约id',
  `user_id` bigint(20) NULL DEFAULT NULL COMMENT '用户id',
  `name` varchar(16) CHARACTER SET utf8mb4 COLLATE utf8mb4_general_ci NULL DEFAULT NULL COMMENT '用户姓名',
  `phone` varchar(16) CHARACTER SET utf8mb4 COLLATE utf8mb4_general_ci NULL DEFAULT NULL COMMENT '用户手机号码',
  `apartment_id` int(11) NULL DEFAULT NULL COMMENT '公寓id',
  `appointment_time` timestamp NULL DEFAULT NULL COMMENT '预约时间',
  `additional_info` varchar(255) CHARACTER SET utf8mb4 COLLATE utf8mb4_general_ci NULL DEFAULT NULL COMMENT '备注信息',
  `appointment_status` tinyint(4) NULL DEFAULT NULL COMMENT '预约状态（1:待看房，2:已取消，3已看房）',
  `create_time` timestamp NULL DEFAULT NULL COMMENT '创建时间',
  `update_time` timestamp NULL DEFAULT NULL COMMENT '更新时间',
  `is_deleted` tinyint(4) NULL DEFAULT 0 COMMENT '是否删除',
  PRIMARY KEY (`id`) USING BTREE
) ENGINE = InnoDB AUTO_INCREMENT = 29 CHARACTER SET = utf8mb4 COLLATE = utf8mb4_general_ci COMMENT = '预约看房信息表' ROW_FORMAT = Dynamic;

-- ----------------------------
-- Records of view_appointment
-- ----------------------------
INSERT INTO `view_appointment` VALUES (1, 1, '张三', '13888888888', 9, '2023-07-14 09:01:01', '无', 3, '2023-07-14 09:40:43', NULL, 0);
INSERT INTO `view_appointment` VALUES (2, 2, '李四', '13666666666', 9, '2023-07-14 09:01:01', '无', 1, '2023-07-27 16:13:54', NULL, 0);
INSERT INTO `view_appointment` VALUES (10, 7, '张三', '13888888888', 9, '2023-08-14 15:40:00', '无', 1, '2023-08-14 12:44:50', '2023-08-14 15:10:04', 0);
INSERT INTO `view_appointment` VALUES (11, 7, '张三', '13888888888', 10, '2023-08-14 14:45:20', '', 1, '2023-08-14 12:45:51', '2023-08-14 14:49:58', 0);
INSERT INTO `view_appointment` VALUES (12, 9, '王晓雨', '13900020011', 19, '2026-03-16 10:00:00', '周末方便，想重点看通勤和采光。', 1, '2026-03-14 17:05:43', '2026-03-14 17:05:43', 0);
INSERT INTO `view_appointment` VALUES (13, 10, '李晨曦', '13900020012', 20, '2026-03-16 14:30:00', '希望了解停车位和周边配套。', 1, '2026-03-14 17:05:43', '2026-03-14 17:05:43', 0);
INSERT INTO `view_appointment` VALUES (14, 11, '陈子涵', '13900020013', 21, '2026-03-15 19:00:00', '临时出差，改期后再联系。', 2, '2026-03-14 17:05:43', '2026-03-14 17:05:43', 0);
INSERT INTO `view_appointment` VALUES (15, 12, '赵一鸣', '13900020014', 22, '2026-03-12 16:00:00', '已经实地看过，整体比较满意。', 3, '2026-03-14 17:05:43', '2026-03-14 17:05:43', 0);
INSERT INTO `view_appointment` VALUES (16, 13, '周可心', '13900020015', 23, '2026-03-18 11:00:00', '关注安静程度和入住时间。', 1, '2026-03-14 17:05:43', '2026-03-14 17:05:43', 0);
INSERT INTO `view_appointment` VALUES (17, 14, '孙浩然', '13900020016', 19, '2026-03-11 09:30:00', '已完成带看，准备和家人商量。', 3, '2026-03-14 17:05:43', '2026-03-14 17:05:43', 0);
INSERT INTO `view_appointment` VALUES (18, 15, '林若溪', '13900020017', 22, '2026-03-19 18:30:00', '下班后看房，麻烦预留车位。', 1, '2026-03-14 17:05:43', '2026-03-14 17:05:43', 0);
INSERT INTO `view_appointment` VALUES (19, 16, '许嘉宁', '13900020018', 20, '2026-03-13 15:00:00', '因时间冲突取消本次预约。', 2, '2026-03-14 17:05:43', '2026-03-14 17:05:43', 0);
INSERT INTO `view_appointment` VALUES (20, 9, '王晓雨', '13900020011', 19, '2026-03-20 10:30:00', '二次带看，主要确认楼层噪音和停车安排。', 3, '2026-03-15 15:05:49', '2026-03-15 15:05:49', 0);
INSERT INTO `view_appointment` VALUES (21, 10, '李晨曦', '13900020012', 20, '2026-03-21 18:00:00', '想下班后复看一次，重点看厨房收纳。', 1, '2026-03-15 15:05:49', '2026-03-15 15:05:49', 0);
INSERT INTO `view_appointment` VALUES (22, 11, '陈子涵', '13900020013', 21, '2026-03-22 11:30:00', '已实地看房，准备进入签约沟通。', 3, '2026-03-15 15:05:49', '2026-03-15 15:05:49', 0);
INSERT INTO `view_appointment` VALUES (23, 12, '赵一鸣', '13900020014', 22, '2026-03-22 14:00:00', '想对比两个户型，优先看采光好的房间。', 1, '2026-03-15 15:05:49', '2026-03-15 15:05:49', 0);
INSERT INTO `view_appointment` VALUES (24, 13, '周可心', '13900020015', 23, '2026-03-23 16:00:00', '带家人一起复看，重点关注社区环境。', 3, '2026-03-15 15:05:49', '2026-03-15 15:05:49', 0);
INSERT INTO `view_appointment` VALUES (25, 14, '孙浩然', '13900020016', 19, '2026-03-24 09:00:00', '临时有会，改天重新预约。', 2, '2026-03-15 15:05:49', '2026-03-15 15:05:49', 0);
INSERT INTO `view_appointment` VALUES (26, 15, '林若溪', '13900020017', 22, '2026-03-24 19:00:00', '晚间带看完成，计划进一步谈租期。', 3, '2026-03-15 15:05:49', '2026-03-15 15:05:49', 0);
INSERT INTO `view_appointment` VALUES (27, 16, '许嘉宁', '13900020018', 23, '2026-03-25 13:30:00', '新发起预约，想看有阳台的户型。', 1, '2026-03-15 15:05:49', '2026-03-15 15:05:49', 0);
INSERT INTO `view_appointment` VALUES (28, 1, 'zyb', '18928399123', 9, '2026-03-16 16:59:52', 't', 1, '2026-03-16 17:11:17', NULL, 0);

SET FOREIGN_KEY_CHECKS = 1;
